기준월,연도,월,권역,급속,완속,합계누적,완속급속비,급속비중
2020-12,2020,12,강원,595,1039,1634,1.75,36.41
2020-12,2020,12,경기,1377,6220,7597,4.52,18.13
2020-12,2020,12,경상,2027,5657,7684,2.79,26.38
2020-12,2020,12,서울,763,3268,4031,4.28,18.93
2020-12,2020,12,인천,232,915,1147,3.94,20.23
2020-12,2020,12,전국,8027,26687,34714,3.32,23.12
2020-12,2020,12,전라,1120,3716,4836,3.32,23.16
2020-12,2020,12,제주,933,2374,3307,2.54,28.21
2020-12,2020,12,충청,980,3498,4478,3.57,21.88
2021-06,2021,6,강원,822,1898,2720,2.31,30.22
2021-06,2021,6,경기,2369,16087,18456,6.79,12.84
2021-06,2021,6,경상,3328,16619,19947,4.99,16.68
2021-06,2021,6,서울,1388,8534,9922,6.15,13.99
2021-06,2021,6,인천,425,2285,2710,5.38,15.68
2021-06,2021,6,전국,13126,62752,75878,4.78,17.3
2021-06,2021,6,전라,1788,6633,8421,3.71,21.23
2021-06,2021,6,제주,1320,3366,4686,2.55,28.17
2021-06,2021,6,충청,1686,7330,9016,4.35,18.7
2021-12,2021,12,강원,869,2295,3164,2.64,27.47
2021-12,2021,12,경기,2681,20211,22892,7.54,11.71
2021-12,2021,12,경상,3829,19977,23806,5.22,16.08
2021-12,2021,12,서울,1621,13236,14857,8.17,10.91
2021-12,2021,12,인천,523,3326,3849,6.36,13.59
2021-12,2021,12,전국,14973,79068,94041,5.28,15.92
2021-12,2021,12,전라,2061,7819,9880,3.79,20.86
2021-12,2021,12,제주,1417,3526,4943,2.49,28.67
2021-12,2021,12,충청,1972,8678,10650,4.4,18.52
2022-06,2022,6,강원,957,3015,3972,3.15,24.09
2022-06,2022,6,경기,2981,27577,30558,9.25,9.76
2022-06,2022,6,경상,4318,25500,29818,5.91,14.48
2022-06,2022,6,서울,1805,20585,22390,11.4,8.06
2022-06,2022,6,인천,614,4460,5074,7.26,12.1
2022-06,2022,6,전국,16825,106188,123013,6.31,13.68
2022-06,2022,6,전라,2232,9988,12220,4.47,18.27
2022-06,2022,6,제주,1598,3648,5246,2.28,30.46
2022-06,2022,6,충청,2320,11415,13735,4.92,16.89
2022-12,2022,12,강원,1179,5245,6424,4.45,18.35
2022-12,2022,12,경기,3649,46938,50587,12.86,7.21
2022-12,2022,12,경상,5162,40920,46082,7.93,11.2
2022-12,2022,12,서울,2211,31880,34091,14.42,6.49
2022-12,2022,12,인천,819,8559,9378,10.45,8.73
2022-12,2022,12,전국,20357,172591,192948,8.48,10.55
2022-12,2022,12,전라,2694,15176,17870,5.63,15.08
2022-12,2022,12,제주,1850,4059,5909,2.19,31.31
2022-12,2022,12,충청,2793,19814,22607,7.09,12.35
2023-06,2023,6,강원,1179,5245,6424,4.45,18.35
2023-06,2023,6,경기,3649,46938,50587,12.86,7.21
2023-06,2023,6,경상,5162,40920,46082,7.93,11.2
2023-06,2023,6,서울,2211,31880,34091,14.42,6.49
2023-06,2023,6,인천,819,8559,9378,10.45,8.73
2023-06,2023,6,전국,20357,172591,192948,8.48,10.55
2023-06,2023,6,전라,2694,15176,17870,5.63,15.08
2023-06,2023,6,제주,1850,4059,5909,2.19,31.31
2023-06,2023,6,충청,2793,19814,22607,7.09,12.35
2023-12,2023,12,강원,1960,8555,10515,4.36,18.64
2023-12,2023,12,경기,7434,69930,77364,9.41,9.61
2023-12,2023,12,경상,8788,58658,67446,6.67,13.03
2023-12,2023,12,서울,4079,44480,48559,10.9,8.4
2023-12,2023,12,인천,1287,14202,15489,11.03,8.31
2023-12,2023,12,전국,34402,253746,288148,7.38,11.94
2023-12,2023,12,전라,4220,22824,27044,5.41,15.6
2023-12,2023,12,제주,2068,5463,7531,2.64,27.46
2023-12,2023,12,충청,4566,29634,34200,6.49,13.35
2024-01,2024,1,강원,1995,8950,10945,4.49,18.23
2024-01,2024,1,경기,7647,75043,82690,9.81,9.25
2024-01,2024,1,경상,9034,61936,70970,6.86,12.73
2024-01,2024,1,서울,4147,46005,50152,11.09,8.27
2024-01,2024,1,인천,1334,14935,16269,11.2,8.2
2024-01,2024,1,전국,35291,268111,303402,7.6,11.63
2024-01,2024,1,전라,4409,24103,28512,5.47,15.46
2024-01,2024,1,제주,2076,5614,7690,2.7,27.0
2024-01,2024,1,충청,4649,31525,36174,6.78,12.85
2024-02,2024,2,강원,2034,9193,11227,4.52,18.12
2024-02,2024,2,경기,7949,76963,84912,9.68,9.36
2024-02,2024,2,경상,9294,63287,72581,6.81,12.81
2024-02,2024,2,서울,4268,47124,51392,11.04,8.3
2024-02,2024,2,인천,1391,15290,16681,10.99,8.34
2024-02,2024,2,전국,36418,275104,311522,7.55,11.69
2024-02,2024,2,전라,4546,24823,29369,5.46,15.48
2024-02,2024,2,제주,2097,5659,7756,2.7,27.04
2024-02,2024,2,충청,4839,32765,37604,6.77,12.87
2024-03,2024,3,강원,2065,9635,11700,4.67,17.65
2024-03,2024,3,경기,8070,80391,88461,9.96,9.12
2024-03,2024,3,경상,9543,64904,74447,6.8,12.82
2024-03,2024,3,서울,4302,48911,53213,11.37,8.08
2024-03,2024,3,인천,1421,16379,17800,11.53,7.98
2024-03,2024,3,전국,37380,285874,323254,7.65,11.56
2024-03,2024,3,전라,4839,25946,30785,5.36,15.72
2024-03,2024,3,제주,2137,5776,7913,2.7,27.01
2024-03,2024,3,충청,5003,33932,38935,6.78,12.85
2024-04,2024,4,강원,2102,9895,11997,4.71,17.52
2024-04,2024,4,경기,8352,84208,92560,10.08,9.02
2024-04,2024,4,경상,9748,67425,77173,6.92,12.63
2024-04,2024,4,서울,4463,50587,55050,11.33,8.11
2024-04,2024,4,인천,1446,17278,18724,11.95,7.72
2024-04,2024,4,전국,38405,297480,335885,7.75,11.43
2024-04,2024,4,전라,4962,27198,32160,5.48,15.43
2024-04,2024,4,제주,2173,5851,8024,2.69,27.08
2024-04,2024,4,충청,5159,35038,40197,6.79,12.83
2024-05,2024,5,강원,2158,10126,12284,4.69,17.57
2024-05,2024,5,경기,9028,86561,95589,9.59,9.44
2024-05,2024,5,경상,10022,69000,79022,6.88,12.68
2024-05,2024,5,서울,4626,51328,55954,11.1,8.27
2024-05,2024,5,인천,1561,17471,19032,11.19,8.2
2024-05,2024,5,전국,40177,304356,344533,7.58,11.66
2024-05,2024,5,전라,5149,28009,33158,5.44,15.53
2024-05,2024,5,제주,2192,5824,8016,2.66,27.35
2024-05,2024,5,충청,5441,36037,41478,6.62,13.12
2024-06,2024,6,강원,2171,10306,12477,4.75,17.4
2024-06,2024,6,경기,9235,88933,98168,9.63,9.41
2024-06,2024,6,경상,10220,70422,80642,6.89,12.67
2024-06,2024,6,서울,4656,52099,56755,11.19,8.2
2024-06,2024,6,인천,1617,17852,19469,11.04,8.31
2024-06,2024,6,전국,40961,310575,351536,7.58,11.65
2024-06,2024,6,전라,5312,28560,33872,5.38,15.68
2024-06,2024,6,제주,2206,5808,8014,2.63,27.53
2024-06,2024,6,충청,5544,36595,42139,6.6,13.16
2024-07,2024,7,강원,2243,10535,12778,4.7,17.55
2024-07,2024,7,경기,9480,90194,99674,9.51,9.51
2024-07,2024,7,경상,10539,71805,82344,6.81,12.8
2024-07,2024,7,서울,4706,52694,57400,11.2,8.2
2024-07,2024,7,인천,1680,17968,19648,10.7,8.55
2024-07,2024,7,전국,41954,315213,357167,7.51,11.75
2024-07,2024,7,전라,5418,29064,34482,5.36,15.71
2024-07,2024,7,제주,2178,5850,8028,2.69,27.13
2024-07,2024,7,충청,5710,37103,42813,6.5,13.34
2024-08,2024,8,강원,2258,10709,12967,4.74,17.41
2024-08,2024,8,경기,9682,92350,102032,9.54,9.49
2024-08,2024,8,경상,10858,73288,84146,6.75,12.9
2024-08,2024,8,서울,4751,53431,58182,11.25,8.17
2024-08,2024,8,인천,1724,18472,20196,10.71,8.54
2024-08,2024,8,전국,42882,321867,364749,7.51,11.76
2024-08,2024,8,전라,5575,29932,35507,5.37,15.7
2024-08,2024,8,제주,2222,5930,8152,2.67,27.26
2024-08,2024,8,충청,5812,37755,43567,6.5,13.34
2024-09,2024,9,강원,2274,10835,13109,4.76,17.35
2024-09,2024,9,경기,9803,94429,104232,9.63,9.4
2024-09,2024,9,경상,10902,73968,84870,6.78,12.85
2024-09,2024,9,서울,4770,54014,58784,11.32,8.11
2024-09,2024,9,인천,1745,18757,20502,10.75,8.51
2024-09,2024,9,전국,43224,326803,370027,7.56,11.68
2024-09,2024,9,전라,5636,30598,36234,5.43,15.55
2024-09,2024,9,제주,2228,6133,8361,2.75,26.65
2024-09,2024,9,충청,5866,38069,43935,6.49,13.35
2024-10,2024,10,강원,2291,11012,13303,4.81,17.22
2024-10,2024,10,경기,9634,97333,106967,10.1,9.01
2024-10,2024,10,경상,11030,75307,86337,6.83,12.78
2024-10,2024,10,서울,4496,55028,59524,12.24,7.55
2024-10,2024,10,인천,1768,19293,21061,10.91,8.39
2024-10,2024,10,전국,43146,334385,377531,7.75,11.43
2024-10,2024,10,전라,5695,31371,37066,5.51,15.36
2024-10,2024,10,제주,2234,6255,8489,2.8,26.32
2024-10,2024,10,충청,5998,38786,44784,6.47,13.39
2024-11,2024,11,강원,2281,11237,13518,4.93,16.87
2024-11,2024,11,경기,9778,99689,109467,10.2,8.93
2024-11,2024,11,경상,11120,76708,87828,6.9,12.66
2024-11,2024,11,서울,4584,55617,60201,12.13,7.61
2024-11,2024,11,인천,1792,20003,21795,11.16,8.22
2024-11,2024,11,전국,43568,341306,384874,7.83,11.32
2024-11,2024,11,전라,5732,32179,37911,5.61,15.12
2024-11,2024,11,제주,2261,6258,8519,2.77,26.54
2024-11,2024,11,충청,6020,39615,45635,6.58,13.19
2024-12,2024,12,강원,2337,11481,13818,4.91,16.91
2024-12,2024,12,경기,10112,102272,112384,10.11,9.0
2024-12,2024,12,경상,11345,79228,90573,6.98,12.53
2024-12,2024,12,서울,4545,56070,60615,12.34,7.5
2024-12,2024,12,인천,1836,20513,22349,11.17,8.22
2024-12,2024,12,전국,44576,349556,394132,7.84,11.31
2024-12,2024,12,전라,5872,32713,38585,5.57,15.22
2024-12,2024,12,제주,2297,6264,8561,2.73,26.83
2024-12,2024,12,충청,6232,41015,47247,6.58,13.19
2025-01,2025,1,강원,2443,11677,14120,4.78,17.3
2025-01,2025,1,경기,10433,105792,116225,10.14,8.98
2025-01,2025,1,경상,11559,81329,92888,7.04,12.44
2025-01,2025,1,서울,4768,57440,62208,12.05,7.66
2025-01,2025,1,인천,1897,21286,23183,11.22,8.18
2025-01,2025,1,전국,45791,359344,405135,7.85,11.3
2025-01,2025,1,전라,6009,33422,39431,5.56,15.24
2025-01,2025,1,제주,2284,6186,8470,2.71,26.97
2025-01,2025,1,충청,6398,42212,48610,6.6,13.16
2025-02,2025,2,강원,2457,11796,14253,4.8,17.24
2025-02,2025,2,경기,10528,106885,117413,10.15,8.97
2025-02,2025,2,경상,11696,81727,93423,6.99,12.52
2025-02,2025,2,서울,4725,56824,61549,12.03,7.68
2025-02,2025,2,인천,1935,21637,23572,11.18,8.21
2025-02,2025,2,전국,46155,361721,407876,7.84,11.32
2025-02,2025,2,전라,6081,33848,39929,5.57,15.23
2025-02,2025,2,제주,2239,6175,8414,2.76,26.61
2025-02,2025,2,충청,6494,42829,49323,6.6,13.17
2025-03,2025,3,강원,2538,12026,14564,4.74,17.43
2025-03,2025,3,경기,10673,109989,120662,10.31,8.85
2025-03,2025,3,경상,11798,83672,95470,7.09,12.36
2025-03,2025,3,서울,4805,57836,62641,12.04,7.67
2025-03,2025,3,인천,1958,22074,24032,11.27,8.15
2025-03,2025,3,전국,46806,369944,416750,7.9,11.23
2025-03,2025,3,전라,6205,34568,40773,5.57,15.22
2025-03,2025,3,제주,2245,6188,8433,2.76,26.62
2025-03,2025,3,충청,6584,43591,50175,6.62,13.12
2025-04,2025,4,강원,2541,12034,14575,4.74,17.43
2025-04,2025,4,경기,10687,110142,120829,10.31,8.84
2025-04,2025,4,경상,11807,83917,95724,7.11,12.33
2025-04,2025,4,서울,4813,57879,62692,12.03,7.68
2025-04,2025,4,인천,1958,22086,24044,11.28,8.14
2025-04,2025,4,전국,46881,370556,417437,7.9,11.23
2025-04,2025,4,전라,6226,34642,40868,5.56,15.23
2025-04,2025,4,제주,2245,6185,8430,2.76,26.63
2025-04,2025,4,충청,6604,43671,50275,6.61,13.14
2025-08,2025,8,강원,2633,12608,15241,4.79,17.28
2025-08,2025,8,경기,12180,118946,131126,9.77,9.29
2025-08,2025,8,경상,12159,91615,103774,7.53,11.72
2025-08,2025,8,서울,5559,60486,66045,10.88,8.42
2025-08,2025,8,인천,2227,24392,26619,10.95,8.37
2025-08,2025,8,전국,50426,397342,447768,7.88,11.26
2025-08,2025,8,전라,6473,37038,43511,5.72,14.88
2025-08,2025,8,제주,2256,6092,8348,2.7,27.02
2025-08,2025,8,충청,6939,46165,53104,6.65,13.07
2025-12,2025,12,강원,2844,13045,15889,4.59,17.9
2025-12,2025,12,경기,13060,125418,138478,9.6,9.43
2025-12,2025,12,경상,12820,95915,108735,7.48,11.79
2025-12,2025,12,서울,5600,63054,68654,11.26,8.16
2025-12,2025,12,인천,2389,26130,28519,10.94,8.38
2025-12,2025,12,전국,52860,416185,469045,7.87,11.27
2025-12,2025,12,전라,6690,37996,44686,5.68,14.97
2025-12,2025,12,제주,2319,6031,8350,2.6,27.77
2025-12,2025,12,충청,7138,48596,55734,6.81,12.81
