기준월,연도,월,권역,충전속도코드,충전속도,누적충전기,지리단위,출처ID,전국대비비중
2020-12,2020,12,강원,급속,급속,595,region8,me_charger_status_cumulative_stock_monthly,7.4
2020-12,2020,12,경기,급속,급속,1377,region8,me_charger_status_cumulative_stock_monthly,17.2
2020-12,2020,12,경상,급속,급속,2027,region8,me_charger_status_cumulative_stock_monthly,25.3
2020-12,2020,12,서울,급속,급속,763,region8,me_charger_status_cumulative_stock_monthly,9.5
2020-12,2020,12,인천,급속,급속,232,region8,me_charger_status_cumulative_stock_monthly,2.9
2020-12,2020,12,전국,급속,급속,8027,national,me_charger_status_cumulative_stock_monthly,100.0
2020-12,2020,12,전라,급속,급속,1120,region8,me_charger_status_cumulative_stock_monthly,14.0
2020-12,2020,12,제주,급속,급속,933,region8,me_charger_status_cumulative_stock_monthly,11.6
2020-12,2020,12,충청,급속,급속,980,region8,me_charger_status_cumulative_stock_monthly,12.2
2020-12,2020,12,강원,완속,완속,1039,region8,me_charger_status_cumulative_stock_monthly,3.9
2020-12,2020,12,경기,완속,완속,6220,region8,me_charger_status_cumulative_stock_monthly,23.3
2020-12,2020,12,경상,완속,완속,5657,region8,me_charger_status_cumulative_stock_monthly,21.2
2020-12,2020,12,서울,완속,완속,3268,region8,me_charger_status_cumulative_stock_monthly,12.2
2020-12,2020,12,인천,완속,완속,915,region8,me_charger_status_cumulative_stock_monthly,3.4
2020-12,2020,12,전국,완속,완속,26687,national,me_charger_status_cumulative_stock_monthly,100.0
2020-12,2020,12,전라,완속,완속,3716,region8,me_charger_status_cumulative_stock_monthly,13.9
2020-12,2020,12,제주,완속,완속,2374,region8,me_charger_status_cumulative_stock_monthly,8.9
2020-12,2020,12,충청,완속,완속,3498,region8,me_charger_status_cumulative_stock_monthly,13.1
2021-06,2021,6,강원,급속,급속,822,region8,me_charger_status_cumulative_stock_monthly,6.3
2021-06,2021,6,경기,급속,급속,2369,region8,me_charger_status_cumulative_stock_monthly,18.0
2021-06,2021,6,경상,급속,급속,3328,region8,me_charger_status_cumulative_stock_monthly,25.4
2021-06,2021,6,서울,급속,급속,1388,region8,me_charger_status_cumulative_stock_monthly,10.6
2021-06,2021,6,인천,급속,급속,425,region8,me_charger_status_cumulative_stock_monthly,3.2
2021-06,2021,6,전국,급속,급속,13126,national,me_charger_status_cumulative_stock_monthly,100.0
2021-06,2021,6,전라,급속,급속,1788,region8,me_charger_status_cumulative_stock_monthly,13.6
2021-06,2021,6,제주,급속,급속,1320,region8,me_charger_status_cumulative_stock_monthly,10.1
2021-06,2021,6,충청,급속,급속,1686,region8,me_charger_status_cumulative_stock_monthly,12.8
2021-06,2021,6,강원,완속,완속,1898,region8,me_charger_status_cumulative_stock_monthly,3.0
2021-06,2021,6,경기,완속,완속,16087,region8,me_charger_status_cumulative_stock_monthly,25.6
2021-06,2021,6,경상,완속,완속,16619,region8,me_charger_status_cumulative_stock_monthly,26.5
2021-06,2021,6,서울,완속,완속,8534,region8,me_charger_status_cumulative_stock_monthly,13.6
2021-06,2021,6,인천,완속,완속,2285,region8,me_charger_status_cumulative_stock_monthly,3.6
2021-06,2021,6,전국,완속,완속,62752,national,me_charger_status_cumulative_stock_monthly,100.0
2021-06,2021,6,전라,완속,완속,6633,region8,me_charger_status_cumulative_stock_monthly,10.6
2021-06,2021,6,제주,완속,완속,3366,region8,me_charger_status_cumulative_stock_monthly,5.4
2021-06,2021,6,충청,완속,완속,7330,region8,me_charger_status_cumulative_stock_monthly,11.7
2021-12,2021,12,강원,급속,급속,869,region8,me_charger_status_cumulative_stock_monthly,5.8
2021-12,2021,12,경기,급속,급속,2681,region8,me_charger_status_cumulative_stock_monthly,17.9
2021-12,2021,12,경상,급속,급속,3829,region8,me_charger_status_cumulative_stock_monthly,25.6
2021-12,2021,12,서울,급속,급속,1621,region8,me_charger_status_cumulative_stock_monthly,10.8
2021-12,2021,12,인천,급속,급속,523,region8,me_charger_status_cumulative_stock_monthly,3.5
2021-12,2021,12,전국,급속,급속,14973,national,me_charger_status_cumulative_stock_monthly,100.0
2021-12,2021,12,전라,급속,급속,2061,region8,me_charger_status_cumulative_stock_monthly,13.8
2021-12,2021,12,제주,급속,급속,1417,region8,me_charger_status_cumulative_stock_monthly,9.5
2021-12,2021,12,충청,급속,급속,1972,region8,me_charger_status_cumulative_stock_monthly,13.2
2021-12,2021,12,강원,완속,완속,2295,region8,me_charger_status_cumulative_stock_monthly,2.9
2021-12,2021,12,경기,완속,완속,20211,region8,me_charger_status_cumulative_stock_monthly,25.6
2021-12,2021,12,경상,완속,완속,19977,region8,me_charger_status_cumulative_stock_monthly,25.3
2021-12,2021,12,서울,완속,완속,13236,region8,me_charger_status_cumulative_stock_monthly,16.7
2021-12,2021,12,인천,완속,완속,3326,region8,me_charger_status_cumulative_stock_monthly,4.2
2021-12,2021,12,전국,완속,완속,79068,national,me_charger_status_cumulative_stock_monthly,100.0
2021-12,2021,12,전라,완속,완속,7819,region8,me_charger_status_cumulative_stock_monthly,9.9
2021-12,2021,12,제주,완속,완속,3526,region8,me_charger_status_cumulative_stock_monthly,4.5
2021-12,2021,12,충청,완속,완속,8678,region8,me_charger_status_cumulative_stock_monthly,11.0
2022-06,2022,6,강원,급속,급속,957,region8,me_charger_status_cumulative_stock_monthly,5.7
2022-06,2022,6,경기,급속,급속,2981,region8,me_charger_status_cumulative_stock_monthly,17.7
2022-06,2022,6,경상,급속,급속,4318,region8,me_charger_status_cumulative_stock_monthly,25.7
2022-06,2022,6,서울,급속,급속,1805,region8,me_charger_status_cumulative_stock_monthly,10.7
2022-06,2022,6,인천,급속,급속,614,region8,me_charger_status_cumulative_stock_monthly,3.6
2022-06,2022,6,전국,급속,급속,16825,national,me_charger_status_cumulative_stock_monthly,100.0
2022-06,2022,6,전라,급속,급속,2232,region8,me_charger_status_cumulative_stock_monthly,13.3
2022-06,2022,6,제주,급속,급속,1598,region8,me_charger_status_cumulative_stock_monthly,9.5
2022-06,2022,6,충청,급속,급속,2320,region8,me_charger_status_cumulative_stock_monthly,13.8
2022-06,2022,6,강원,완속,완속,3015,region8,me_charger_status_cumulative_stock_monthly,2.8
2022-06,2022,6,경기,완속,완속,27577,region8,me_charger_status_cumulative_stock_monthly,26.0
2022-06,2022,6,경상,완속,완속,25500,region8,me_charger_status_cumulative_stock_monthly,24.0
2022-06,2022,6,서울,완속,완속,20585,region8,me_charger_status_cumulative_stock_monthly,19.4
2022-06,2022,6,인천,완속,완속,4460,region8,me_charger_status_cumulative_stock_monthly,4.2
2022-06,2022,6,전국,완속,완속,106188,national,me_charger_status_cumulative_stock_monthly,100.0
2022-06,2022,6,전라,완속,완속,9988,region8,me_charger_status_cumulative_stock_monthly,9.4
2022-06,2022,6,제주,완속,완속,3648,region8,me_charger_status_cumulative_stock_monthly,3.4
2022-06,2022,6,충청,완속,완속,11415,region8,me_charger_status_cumulative_stock_monthly,10.7
2022-12,2022,12,강원,급속,급속,1179,region8,me_charger_status_cumulative_stock_monthly,5.8
2022-12,2022,12,경기,급속,급속,3649,region8,me_charger_status_cumulative_stock_monthly,17.9
2022-12,2022,12,경상,급속,급속,5162,region8,me_charger_status_cumulative_stock_monthly,25.4
2022-12,2022,12,서울,급속,급속,2211,region8,me_charger_status_cumulative_stock_monthly,10.9
2022-12,2022,12,인천,급속,급속,819,region8,me_charger_status_cumulative_stock_monthly,4.0
2022-12,2022,12,전국,급속,급속,20357,national,me_charger_status_cumulative_stock_monthly,100.0
2022-12,2022,12,전라,급속,급속,2694,region8,me_charger_status_cumulative_stock_monthly,13.2
2022-12,2022,12,제주,급속,급속,1850,region8,me_charger_status_cumulative_stock_monthly,9.1
2022-12,2022,12,충청,급속,급속,2793,region8,me_charger_status_cumulative_stock_monthly,13.7
2022-12,2022,12,강원,완속,완속,5245,region8,me_charger_status_cumulative_stock_monthly,3.0
2022-12,2022,12,경기,완속,완속,46938,region8,me_charger_status_cumulative_stock_monthly,27.2
2022-12,2022,12,경상,완속,완속,40920,region8,me_charger_status_cumulative_stock_monthly,23.7
2022-12,2022,12,서울,완속,완속,31880,region8,me_charger_status_cumulative_stock_monthly,18.5
2022-12,2022,12,인천,완속,완속,8559,region8,me_charger_status_cumulative_stock_monthly,5.0
2022-12,2022,12,전국,완속,완속,172591,national,me_charger_status_cumulative_stock_monthly,100.0
2022-12,2022,12,전라,완속,완속,15176,region8,me_charger_status_cumulative_stock_monthly,8.8
2022-12,2022,12,제주,완속,완속,4059,region8,me_charger_status_cumulative_stock_monthly,2.4
2022-12,2022,12,충청,완속,완속,19814,region8,me_charger_status_cumulative_stock_monthly,11.5
2023-06,2023,6,강원,급속,급속,1179,region8,me_charger_status_cumulative_stock_monthly,5.8
2023-06,2023,6,경기,급속,급속,3649,region8,me_charger_status_cumulative_stock_monthly,17.9
2023-06,2023,6,경상,급속,급속,5162,region8,me_charger_status_cumulative_stock_monthly,25.4
2023-06,2023,6,서울,급속,급속,2211,region8,me_charger_status_cumulative_stock_monthly,10.9
2023-06,2023,6,인천,급속,급속,819,region8,me_charger_status_cumulative_stock_monthly,4.0
2023-06,2023,6,전국,급속,급속,20357,national,me_charger_status_cumulative_stock_monthly,100.0
2023-06,2023,6,전라,급속,급속,2694,region8,me_charger_status_cumulative_stock_monthly,13.2
2023-06,2023,6,제주,급속,급속,1850,region8,me_charger_status_cumulative_stock_monthly,9.1
2023-06,2023,6,충청,급속,급속,2793,region8,me_charger_status_cumulative_stock_monthly,13.7
2023-06,2023,6,강원,완속,완속,5245,region8,me_charger_status_cumulative_stock_monthly,3.0
2023-06,2023,6,경기,완속,완속,46938,region8,me_charger_status_cumulative_stock_monthly,27.2
2023-06,2023,6,경상,완속,완속,40920,region8,me_charger_status_cumulative_stock_monthly,23.7
2023-06,2023,6,서울,완속,완속,31880,region8,me_charger_status_cumulative_stock_monthly,18.5
2023-06,2023,6,인천,완속,완속,8559,region8,me_charger_status_cumulative_stock_monthly,5.0
2023-06,2023,6,전국,완속,완속,172591,national,me_charger_status_cumulative_stock_monthly,100.0
2023-06,2023,6,전라,완속,완속,15176,region8,me_charger_status_cumulative_stock_monthly,8.8
2023-06,2023,6,제주,완속,완속,4059,region8,me_charger_status_cumulative_stock_monthly,2.4
2023-06,2023,6,충청,완속,완속,19814,region8,me_charger_status_cumulative_stock_monthly,11.5
2023-12,2023,12,강원,급속,급속,1960,region8,me_charger_status_cumulative_stock_monthly,5.7
2023-12,2023,12,경기,급속,급속,7434,region8,me_charger_status_cumulative_stock_monthly,21.6
2023-12,2023,12,경상,급속,급속,8788,region8,me_charger_status_cumulative_stock_monthly,25.5
2023-12,2023,12,서울,급속,급속,4079,region8,me_charger_status_cumulative_stock_monthly,11.9
2023-12,2023,12,인천,급속,급속,1287,region8,me_charger_status_cumulative_stock_monthly,3.7
2023-12,2023,12,전국,급속,급속,34402,national,me_charger_status_cumulative_stock_monthly,100.0
2023-12,2023,12,전라,급속,급속,4220,region8,me_charger_status_cumulative_stock_monthly,12.3
2023-12,2023,12,제주,급속,급속,2068,region8,me_charger_status_cumulative_stock_monthly,6.0
2023-12,2023,12,충청,급속,급속,4566,region8,me_charger_status_cumulative_stock_monthly,13.3
2023-12,2023,12,강원,완속,완속,8555,region8,me_charger_status_cumulative_stock_monthly,3.4
2023-12,2023,12,경기,완속,완속,69930,region8,me_charger_status_cumulative_stock_monthly,27.6
2023-12,2023,12,경상,완속,완속,58658,region8,me_charger_status_cumulative_stock_monthly,23.1
2023-12,2023,12,서울,완속,완속,44480,region8,me_charger_status_cumulative_stock_monthly,17.5
2023-12,2023,12,인천,완속,완속,14202,region8,me_charger_status_cumulative_stock_monthly,5.6
2023-12,2023,12,전국,완속,완속,253746,national,me_charger_status_cumulative_stock_monthly,100.0
2023-12,2023,12,전라,완속,완속,22824,region8,me_charger_status_cumulative_stock_monthly,9.0
2023-12,2023,12,제주,완속,완속,5463,region8,me_charger_status_cumulative_stock_monthly,2.2
2023-12,2023,12,충청,완속,완속,29634,region8,me_charger_status_cumulative_stock_monthly,11.7
2024-01,2024,1,강원,급속,급속,1995,region8,me_charger_status_cumulative_stock_monthly,5.7
2024-01,2024,1,경기,급속,급속,7647,region8,me_charger_status_cumulative_stock_monthly,21.7
2024-01,2024,1,경상,급속,급속,9034,region8,me_charger_status_cumulative_stock_monthly,25.6
2024-01,2024,1,서울,급속,급속,4147,region8,me_charger_status_cumulative_stock_monthly,11.8
2024-01,2024,1,인천,급속,급속,1334,region8,me_charger_status_cumulative_stock_monthly,3.8
2024-01,2024,1,전국,급속,급속,35291,national,me_charger_status_cumulative_stock_monthly,100.0
2024-01,2024,1,전라,급속,급속,4409,region8,me_charger_status_cumulative_stock_monthly,12.5
2024-01,2024,1,제주,급속,급속,2076,region8,me_charger_status_cumulative_stock_monthly,5.9
2024-01,2024,1,충청,급속,급속,4649,region8,me_charger_status_cumulative_stock_monthly,13.2
2024-01,2024,1,강원,완속,완속,8950,region8,me_charger_status_cumulative_stock_monthly,3.3
2024-01,2024,1,경기,완속,완속,75043,region8,me_charger_status_cumulative_stock_monthly,28.0
2024-01,2024,1,경상,완속,완속,61936,region8,me_charger_status_cumulative_stock_monthly,23.1
2024-01,2024,1,서울,완속,완속,46005,region8,me_charger_status_cumulative_stock_monthly,17.2
2024-01,2024,1,인천,완속,완속,14935,region8,me_charger_status_cumulative_stock_monthly,5.6
2024-01,2024,1,전국,완속,완속,268111,national,me_charger_status_cumulative_stock_monthly,100.0
2024-01,2024,1,전라,완속,완속,24103,region8,me_charger_status_cumulative_stock_monthly,9.0
2024-01,2024,1,제주,완속,완속,5614,region8,me_charger_status_cumulative_stock_monthly,2.1
2024-01,2024,1,충청,완속,완속,31525,region8,me_charger_status_cumulative_stock_monthly,11.8
2024-02,2024,2,강원,급속,급속,2034,region8,me_charger_status_cumulative_stock_monthly,5.6
2024-02,2024,2,경기,급속,급속,7949,region8,me_charger_status_cumulative_stock_monthly,21.8
2024-02,2024,2,경상,급속,급속,9294,region8,me_charger_status_cumulative_stock_monthly,25.5
2024-02,2024,2,서울,급속,급속,4268,region8,me_charger_status_cumulative_stock_monthly,11.7
2024-02,2024,2,인천,급속,급속,1391,region8,me_charger_status_cumulative_stock_monthly,3.8
2024-02,2024,2,전국,급속,급속,36418,national,me_charger_status_cumulative_stock_monthly,100.0
2024-02,2024,2,전라,급속,급속,4546,region8,me_charger_status_cumulative_stock_monthly,12.5
2024-02,2024,2,제주,급속,급속,2097,region8,me_charger_status_cumulative_stock_monthly,5.8
2024-02,2024,2,충청,급속,급속,4839,region8,me_charger_status_cumulative_stock_monthly,13.3
2024-02,2024,2,강원,완속,완속,9193,region8,me_charger_status_cumulative_stock_monthly,3.3
2024-02,2024,2,경기,완속,완속,76963,region8,me_charger_status_cumulative_stock_monthly,28.0
2024-02,2024,2,경상,완속,완속,63287,region8,me_charger_status_cumulative_stock_monthly,23.0
2024-02,2024,2,서울,완속,완속,47124,region8,me_charger_status_cumulative_stock_monthly,17.1
2024-02,2024,2,인천,완속,완속,15290,region8,me_charger_status_cumulative_stock_monthly,5.6
2024-02,2024,2,전국,완속,완속,275104,national,me_charger_status_cumulative_stock_monthly,100.0
2024-02,2024,2,전라,완속,완속,24823,region8,me_charger_status_cumulative_stock_monthly,9.0
2024-02,2024,2,제주,완속,완속,5659,region8,me_charger_status_cumulative_stock_monthly,2.1
2024-02,2024,2,충청,완속,완속,32765,region8,me_charger_status_cumulative_stock_monthly,11.9
2024-03,2024,3,강원,급속,급속,2065,region8,me_charger_status_cumulative_stock_monthly,5.5
2024-03,2024,3,경기,급속,급속,8070,region8,me_charger_status_cumulative_stock_monthly,21.6
2024-03,2024,3,경상,급속,급속,9543,region8,me_charger_status_cumulative_stock_monthly,25.5
2024-03,2024,3,서울,급속,급속,4302,region8,me_charger_status_cumulative_stock_monthly,11.5
2024-03,2024,3,인천,급속,급속,1421,region8,me_charger_status_cumulative_stock_monthly,3.8
2024-03,2024,3,전국,급속,급속,37380,national,me_charger_status_cumulative_stock_monthly,100.0
2024-03,2024,3,전라,급속,급속,4839,region8,me_charger_status_cumulative_stock_monthly,12.9
2024-03,2024,3,제주,급속,급속,2137,region8,me_charger_status_cumulative_stock_monthly,5.7
2024-03,2024,3,충청,급속,급속,5003,region8,me_charger_status_cumulative_stock_monthly,13.4
2024-03,2024,3,강원,완속,완속,9635,region8,me_charger_status_cumulative_stock_monthly,3.4
2024-03,2024,3,경기,완속,완속,80391,region8,me_charger_status_cumulative_stock_monthly,28.1
2024-03,2024,3,경상,완속,완속,64904,region8,me_charger_status_cumulative_stock_monthly,22.7
2024-03,2024,3,서울,완속,완속,48911,region8,me_charger_status_cumulative_stock_monthly,17.1
2024-03,2024,3,인천,완속,완속,16379,region8,me_charger_status_cumulative_stock_monthly,5.7
2024-03,2024,3,전국,완속,완속,285874,national,me_charger_status_cumulative_stock_monthly,100.0
2024-03,2024,3,전라,완속,완속,25946,region8,me_charger_status_cumulative_stock_monthly,9.1
2024-03,2024,3,제주,완속,완속,5776,region8,me_charger_status_cumulative_stock_monthly,2.0
2024-03,2024,3,충청,완속,완속,33932,region8,me_charger_status_cumulative_stock_monthly,11.9
2024-04,2024,4,강원,급속,급속,2102,region8,me_charger_status_cumulative_stock_monthly,5.5
2024-04,2024,4,경기,급속,급속,8352,region8,me_charger_status_cumulative_stock_monthly,21.7
2024-04,2024,4,경상,급속,급속,9748,region8,me_charger_status_cumulative_stock_monthly,25.4
2024-04,2024,4,서울,급속,급속,4463,region8,me_charger_status_cumulative_stock_monthly,11.6
2024-04,2024,4,인천,급속,급속,1446,region8,me_charger_status_cumulative_stock_monthly,3.8
2024-04,2024,4,전국,급속,급속,38405,national,me_charger_status_cumulative_stock_monthly,100.0
2024-04,2024,4,전라,급속,급속,4962,region8,me_charger_status_cumulative_stock_monthly,12.9
2024-04,2024,4,제주,급속,급속,2173,region8,me_charger_status_cumulative_stock_monthly,5.7
2024-04,2024,4,충청,급속,급속,5159,region8,me_charger_status_cumulative_stock_monthly,13.4
2024-04,2024,4,강원,완속,완속,9895,region8,me_charger_status_cumulative_stock_monthly,3.3
2024-04,2024,4,경기,완속,완속,84208,region8,me_charger_status_cumulative_stock_monthly,28.3
2024-04,2024,4,경상,완속,완속,67425,region8,me_charger_status_cumulative_stock_monthly,22.7
2024-04,2024,4,서울,완속,완속,50587,region8,me_charger_status_cumulative_stock_monthly,17.0
2024-04,2024,4,인천,완속,완속,17278,region8,me_charger_status_cumulative_stock_monthly,5.8
2024-04,2024,4,전국,완속,완속,297480,national,me_charger_status_cumulative_stock_monthly,100.0
2024-04,2024,4,전라,완속,완속,27198,region8,me_charger_status_cumulative_stock_monthly,9.1
2024-04,2024,4,제주,완속,완속,5851,region8,me_charger_status_cumulative_stock_monthly,2.0
2024-04,2024,4,충청,완속,완속,35038,region8,me_charger_status_cumulative_stock_monthly,11.8
2024-05,2024,5,강원,급속,급속,2158,region8,me_charger_status_cumulative_stock_monthly,5.4
2024-05,2024,5,경기,급속,급속,9028,region8,me_charger_status_cumulative_stock_monthly,22.5
2024-05,2024,5,경상,급속,급속,10022,region8,me_charger_status_cumulative_stock_monthly,24.9
2024-05,2024,5,서울,급속,급속,4626,region8,me_charger_status_cumulative_stock_monthly,11.5
2024-05,2024,5,인천,급속,급속,1561,region8,me_charger_status_cumulative_stock_monthly,3.9
2024-05,2024,5,전국,급속,급속,40177,national,me_charger_status_cumulative_stock_monthly,100.0
2024-05,2024,5,전라,급속,급속,5149,region8,me_charger_status_cumulative_stock_monthly,12.8
2024-05,2024,5,제주,급속,급속,2192,region8,me_charger_status_cumulative_stock_monthly,5.5
2024-05,2024,5,충청,급속,급속,5441,region8,me_charger_status_cumulative_stock_monthly,13.5
2024-05,2024,5,강원,완속,완속,10126,region8,me_charger_status_cumulative_stock_monthly,3.3
2024-05,2024,5,경기,완속,완속,86561,region8,me_charger_status_cumulative_stock_monthly,28.4
2024-05,2024,5,경상,완속,완속,69000,region8,me_charger_status_cumulative_stock_monthly,22.7
2024-05,2024,5,서울,완속,완속,51328,region8,me_charger_status_cumulative_stock_monthly,16.9
2024-05,2024,5,인천,완속,완속,17471,region8,me_charger_status_cumulative_stock_monthly,5.7
2024-05,2024,5,전국,완속,완속,304356,national,me_charger_status_cumulative_stock_monthly,100.0
2024-05,2024,5,전라,완속,완속,28009,region8,me_charger_status_cumulative_stock_monthly,9.2
2024-05,2024,5,제주,완속,완속,5824,region8,me_charger_status_cumulative_stock_monthly,1.9
2024-05,2024,5,충청,완속,완속,36037,region8,me_charger_status_cumulative_stock_monthly,11.8
2024-06,2024,6,강원,급속,급속,2171,region8,me_charger_status_cumulative_stock_monthly,5.3
2024-06,2024,6,경기,급속,급속,9235,region8,me_charger_status_cumulative_stock_monthly,22.5
2024-06,2024,6,경상,급속,급속,10220,region8,me_charger_status_cumulative_stock_monthly,25.0
2024-06,2024,6,서울,급속,급속,4656,region8,me_charger_status_cumulative_stock_monthly,11.4
2024-06,2024,6,인천,급속,급속,1617,region8,me_charger_status_cumulative_stock_monthly,3.9
2024-06,2024,6,전국,급속,급속,40961,national,me_charger_status_cumulative_stock_monthly,100.0
2024-06,2024,6,전라,급속,급속,5312,region8,me_charger_status_cumulative_stock_monthly,13.0
2024-06,2024,6,제주,급속,급속,2206,region8,me_charger_status_cumulative_stock_monthly,5.4
2024-06,2024,6,충청,급속,급속,5544,region8,me_charger_status_cumulative_stock_monthly,13.5
2024-06,2024,6,강원,완속,완속,10306,region8,me_charger_status_cumulative_stock_monthly,3.3
2024-06,2024,6,경기,완속,완속,88933,region8,me_charger_status_cumulative_stock_monthly,28.6
2024-06,2024,6,경상,완속,완속,70422,region8,me_charger_status_cumulative_stock_monthly,22.7
2024-06,2024,6,서울,완속,완속,52099,region8,me_charger_status_cumulative_stock_monthly,16.8
2024-06,2024,6,인천,완속,완속,17852,region8,me_charger_status_cumulative_stock_monthly,5.7
2024-06,2024,6,전국,완속,완속,310575,national,me_charger_status_cumulative_stock_monthly,100.0
2024-06,2024,6,전라,완속,완속,28560,region8,me_charger_status_cumulative_stock_monthly,9.2
2024-06,2024,6,제주,완속,완속,5808,region8,me_charger_status_cumulative_stock_monthly,1.9
2024-06,2024,6,충청,완속,완속,36595,region8,me_charger_status_cumulative_stock_monthly,11.8
2024-07,2024,7,강원,급속,급속,2243,region8,me_charger_status_cumulative_stock_monthly,5.3
2024-07,2024,7,경기,급속,급속,9480,region8,me_charger_status_cumulative_stock_monthly,22.6
2024-07,2024,7,경상,급속,급속,10539,region8,me_charger_status_cumulative_stock_monthly,25.1
2024-07,2024,7,서울,급속,급속,4706,region8,me_charger_status_cumulative_stock_monthly,11.2
2024-07,2024,7,인천,급속,급속,1680,region8,me_charger_status_cumulative_stock_monthly,4.0
2024-07,2024,7,전국,급속,급속,41954,national,me_charger_status_cumulative_stock_monthly,100.0
2024-07,2024,7,전라,급속,급속,5418,region8,me_charger_status_cumulative_stock_monthly,12.9
2024-07,2024,7,제주,급속,급속,2178,region8,me_charger_status_cumulative_stock_monthly,5.2
2024-07,2024,7,충청,급속,급속,5710,region8,me_charger_status_cumulative_stock_monthly,13.6
2024-07,2024,7,강원,완속,완속,10535,region8,me_charger_status_cumulative_stock_monthly,3.3
2024-07,2024,7,경기,완속,완속,90194,region8,me_charger_status_cumulative_stock_monthly,28.6
2024-07,2024,7,경상,완속,완속,71805,region8,me_charger_status_cumulative_stock_monthly,22.8
2024-07,2024,7,서울,완속,완속,52694,region8,me_charger_status_cumulative_stock_monthly,16.7
2024-07,2024,7,인천,완속,완속,17968,region8,me_charger_status_cumulative_stock_monthly,5.7
2024-07,2024,7,전국,완속,완속,315213,national,me_charger_status_cumulative_stock_monthly,100.0
2024-07,2024,7,전라,완속,완속,29064,region8,me_charger_status_cumulative_stock_monthly,9.2
2024-07,2024,7,제주,완속,완속,5850,region8,me_charger_status_cumulative_stock_monthly,1.9
2024-07,2024,7,충청,완속,완속,37103,region8,me_charger_status_cumulative_stock_monthly,11.8
2024-08,2024,8,강원,급속,급속,2258,region8,me_charger_status_cumulative_stock_monthly,5.3
2024-08,2024,8,경기,급속,급속,9682,region8,me_charger_status_cumulative_stock_monthly,22.6
2024-08,2024,8,경상,급속,급속,10858,region8,me_charger_status_cumulative_stock_monthly,25.3
2024-08,2024,8,서울,급속,급속,4751,region8,me_charger_status_cumulative_stock_monthly,11.1
2024-08,2024,8,인천,급속,급속,1724,region8,me_charger_status_cumulative_stock_monthly,4.0
2024-08,2024,8,전국,급속,급속,42882,national,me_charger_status_cumulative_stock_monthly,100.0
2024-08,2024,8,전라,급속,급속,5575,region8,me_charger_status_cumulative_stock_monthly,13.0
2024-08,2024,8,제주,급속,급속,2222,region8,me_charger_status_cumulative_stock_monthly,5.2
2024-08,2024,8,충청,급속,급속,5812,region8,me_charger_status_cumulative_stock_monthly,13.6
2024-08,2024,8,강원,완속,완속,10709,region8,me_charger_status_cumulative_stock_monthly,3.3
2024-08,2024,8,경기,완속,완속,92350,region8,me_charger_status_cumulative_stock_monthly,28.7
2024-08,2024,8,경상,완속,완속,73288,region8,me_charger_status_cumulative_stock_monthly,22.8
2024-08,2024,8,서울,완속,완속,53431,region8,me_charger_status_cumulative_stock_monthly,16.6
2024-08,2024,8,인천,완속,완속,18472,region8,me_charger_status_cumulative_stock_monthly,5.7
2024-08,2024,8,전국,완속,완속,321867,national,me_charger_status_cumulative_stock_monthly,100.0
2024-08,2024,8,전라,완속,완속,29932,region8,me_charger_status_cumulative_stock_monthly,9.3
2024-08,2024,8,제주,완속,완속,5930,region8,me_charger_status_cumulative_stock_monthly,1.8
2024-08,2024,8,충청,완속,완속,37755,region8,me_charger_status_cumulative_stock_monthly,11.7
2024-09,2024,9,강원,급속,급속,2274,region8,me_charger_status_cumulative_stock_monthly,5.3
2024-09,2024,9,경기,급속,급속,9803,region8,me_charger_status_cumulative_stock_monthly,22.7
2024-09,2024,9,경상,급속,급속,10902,region8,me_charger_status_cumulative_stock_monthly,25.2
2024-09,2024,9,서울,급속,급속,4770,region8,me_charger_status_cumulative_stock_monthly,11.0
2024-09,2024,9,인천,급속,급속,1745,region8,me_charger_status_cumulative_stock_monthly,4.0
2024-09,2024,9,전국,급속,급속,43224,national,me_charger_status_cumulative_stock_monthly,100.0
2024-09,2024,9,전라,급속,급속,5636,region8,me_charger_status_cumulative_stock_monthly,13.0
2024-09,2024,9,제주,급속,급속,2228,region8,me_charger_status_cumulative_stock_monthly,5.2
2024-09,2024,9,충청,급속,급속,5866,region8,me_charger_status_cumulative_stock_monthly,13.6
2024-09,2024,9,강원,완속,완속,10835,region8,me_charger_status_cumulative_stock_monthly,3.3
2024-09,2024,9,경기,완속,완속,94429,region8,me_charger_status_cumulative_stock_monthly,28.9
2024-09,2024,9,경상,완속,완속,73968,region8,me_charger_status_cumulative_stock_monthly,22.6
2024-09,2024,9,서울,완속,완속,54014,region8,me_charger_status_cumulative_stock_monthly,16.5
2024-09,2024,9,인천,완속,완속,18757,region8,me_charger_status_cumulative_stock_monthly,5.7
2024-09,2024,9,전국,완속,완속,326803,national,me_charger_status_cumulative_stock_monthly,100.0
2024-09,2024,9,전라,완속,완속,30598,region8,me_charger_status_cumulative_stock_monthly,9.4
2024-09,2024,9,제주,완속,완속,6133,region8,me_charger_status_cumulative_stock_monthly,1.9
2024-09,2024,9,충청,완속,완속,38069,region8,me_charger_status_cumulative_stock_monthly,11.6
2024-10,2024,10,강원,급속,급속,2291,region8,me_charger_status_cumulative_stock_monthly,5.3
2024-10,2024,10,경기,급속,급속,9634,region8,me_charger_status_cumulative_stock_monthly,22.3
2024-10,2024,10,경상,급속,급속,11030,region8,me_charger_status_cumulative_stock_monthly,25.6
2024-10,2024,10,서울,급속,급속,4496,region8,me_charger_status_cumulative_stock_monthly,10.4
2024-10,2024,10,인천,급속,급속,1768,region8,me_charger_status_cumulative_stock_monthly,4.1
2024-10,2024,10,전국,급속,급속,43146,national,me_charger_status_cumulative_stock_monthly,100.0
2024-10,2024,10,전라,급속,급속,5695,region8,me_charger_status_cumulative_stock_monthly,13.2
2024-10,2024,10,제주,급속,급속,2234,region8,me_charger_status_cumulative_stock_monthly,5.2
2024-10,2024,10,충청,급속,급속,5998,region8,me_charger_status_cumulative_stock_monthly,13.9
2024-10,2024,10,강원,완속,완속,11012,region8,me_charger_status_cumulative_stock_monthly,3.3
2024-10,2024,10,경기,완속,완속,97333,region8,me_charger_status_cumulative_stock_monthly,29.1
2024-10,2024,10,경상,완속,완속,75307,region8,me_charger_status_cumulative_stock_monthly,22.5
2024-10,2024,10,서울,완속,완속,55028,region8,me_charger_status_cumulative_stock_monthly,16.5
2024-10,2024,10,인천,완속,완속,19293,region8,me_charger_status_cumulative_stock_monthly,5.8
2024-10,2024,10,전국,완속,완속,334385,national,me_charger_status_cumulative_stock_monthly,100.0
2024-10,2024,10,전라,완속,완속,31371,region8,me_charger_status_cumulative_stock_monthly,9.4
2024-10,2024,10,제주,완속,완속,6255,region8,me_charger_status_cumulative_stock_monthly,1.9
2024-10,2024,10,충청,완속,완속,38786,region8,me_charger_status_cumulative_stock_monthly,11.6
2024-11,2024,11,강원,급속,급속,2281,region8,me_charger_status_cumulative_stock_monthly,5.2
2024-11,2024,11,경기,급속,급속,9778,region8,me_charger_status_cumulative_stock_monthly,22.4
2024-11,2024,11,경상,급속,급속,11120,region8,me_charger_status_cumulative_stock_monthly,25.5
2024-11,2024,11,서울,급속,급속,4584,region8,me_charger_status_cumulative_stock_monthly,10.5
2024-11,2024,11,인천,급속,급속,1792,region8,me_charger_status_cumulative_stock_monthly,4.1
2024-11,2024,11,전국,급속,급속,43568,national,me_charger_status_cumulative_stock_monthly,100.0
2024-11,2024,11,전라,급속,급속,5732,region8,me_charger_status_cumulative_stock_monthly,13.2
2024-11,2024,11,제주,급속,급속,2261,region8,me_charger_status_cumulative_stock_monthly,5.2
2024-11,2024,11,충청,급속,급속,6020,region8,me_charger_status_cumulative_stock_monthly,13.8
2024-11,2024,11,강원,완속,완속,11237,region8,me_charger_status_cumulative_stock_monthly,3.3
2024-11,2024,11,경기,완속,완속,99689,region8,me_charger_status_cumulative_stock_monthly,29.2
2024-11,2024,11,경상,완속,완속,76708,region8,me_charger_status_cumulative_stock_monthly,22.5
2024-11,2024,11,서울,완속,완속,55617,region8,me_charger_status_cumulative_stock_monthly,16.3
2024-11,2024,11,인천,완속,완속,20003,region8,me_charger_status_cumulative_stock_monthly,5.9
2024-11,2024,11,전국,완속,완속,341306,national,me_charger_status_cumulative_stock_monthly,100.0
2024-11,2024,11,전라,완속,완속,32179,region8,me_charger_status_cumulative_stock_monthly,9.4
2024-11,2024,11,제주,완속,완속,6258,region8,me_charger_status_cumulative_stock_monthly,1.8
2024-11,2024,11,충청,완속,완속,39615,region8,me_charger_status_cumulative_stock_monthly,11.6
2024-12,2024,12,강원,급속,급속,2337,region8,me_charger_status_cumulative_stock_monthly,5.2
2024-12,2024,12,경기,급속,급속,10112,region8,me_charger_status_cumulative_stock_monthly,22.7
2024-12,2024,12,경상,급속,급속,11345,region8,me_charger_status_cumulative_stock_monthly,25.5
2024-12,2024,12,서울,급속,급속,4545,region8,me_charger_status_cumulative_stock_monthly,10.2
2024-12,2024,12,인천,급속,급속,1836,region8,me_charger_status_cumulative_stock_monthly,4.1
2024-12,2024,12,전국,급속,급속,44576,national,me_charger_status_cumulative_stock_monthly,100.0
2024-12,2024,12,전라,급속,급속,5872,region8,me_charger_status_cumulative_stock_monthly,13.2
2024-12,2024,12,제주,급속,급속,2297,region8,me_charger_status_cumulative_stock_monthly,5.2
2024-12,2024,12,충청,급속,급속,6232,region8,me_charger_status_cumulative_stock_monthly,14.0
2024-12,2024,12,강원,완속,완속,11481,region8,me_charger_status_cumulative_stock_monthly,3.3
2024-12,2024,12,경기,완속,완속,102272,region8,me_charger_status_cumulative_stock_monthly,29.3
2024-12,2024,12,경상,완속,완속,79228,region8,me_charger_status_cumulative_stock_monthly,22.7
2024-12,2024,12,서울,완속,완속,56070,region8,me_charger_status_cumulative_stock_monthly,16.0
2024-12,2024,12,인천,완속,완속,20513,region8,me_charger_status_cumulative_stock_monthly,5.9
2024-12,2024,12,전국,완속,완속,349556,national,me_charger_status_cumulative_stock_monthly,100.0
2024-12,2024,12,전라,완속,완속,32713,region8,me_charger_status_cumulative_stock_monthly,9.4
2024-12,2024,12,제주,완속,완속,6264,region8,me_charger_status_cumulative_stock_monthly,1.8
2024-12,2024,12,충청,완속,완속,41015,region8,me_charger_status_cumulative_stock_monthly,11.7
2025-01,2025,1,강원,급속,급속,2443,region8,me_charger_status_cumulative_stock_monthly,5.3
2025-01,2025,1,경기,급속,급속,10433,region8,me_charger_status_cumulative_stock_monthly,22.8
2025-01,2025,1,경상,급속,급속,11559,region8,me_charger_status_cumulative_stock_monthly,25.2
2025-01,2025,1,서울,급속,급속,4768,region8,me_charger_status_cumulative_stock_monthly,10.4
2025-01,2025,1,인천,급속,급속,1897,region8,me_charger_status_cumulative_stock_monthly,4.1
2025-01,2025,1,전국,급속,급속,45791,national,me_charger_status_cumulative_stock_monthly,100.0
2025-01,2025,1,전라,급속,급속,6009,region8,me_charger_status_cumulative_stock_monthly,13.1
2025-01,2025,1,제주,급속,급속,2284,region8,me_charger_status_cumulative_stock_monthly,5.0
2025-01,2025,1,충청,급속,급속,6398,region8,me_charger_status_cumulative_stock_monthly,14.0
2025-01,2025,1,강원,완속,완속,11677,region8,me_charger_status_cumulative_stock_monthly,3.2
2025-01,2025,1,경기,완속,완속,105792,region8,me_charger_status_cumulative_stock_monthly,29.4
2025-01,2025,1,경상,완속,완속,81329,region8,me_charger_status_cumulative_stock_monthly,22.6
2025-01,2025,1,서울,완속,완속,57440,region8,me_charger_status_cumulative_stock_monthly,16.0
2025-01,2025,1,인천,완속,완속,21286,region8,me_charger_status_cumulative_stock_monthly,5.9
2025-01,2025,1,전국,완속,완속,359344,national,me_charger_status_cumulative_stock_monthly,100.0
2025-01,2025,1,전라,완속,완속,33422,region8,me_charger_status_cumulative_stock_monthly,9.3
2025-01,2025,1,제주,완속,완속,6186,region8,me_charger_status_cumulative_stock_monthly,1.7
2025-01,2025,1,충청,완속,완속,42212,region8,me_charger_status_cumulative_stock_monthly,11.7
2025-02,2025,2,강원,급속,급속,2457,region8,me_charger_status_cumulative_stock_monthly,5.3
2025-02,2025,2,경기,급속,급속,10528,region8,me_charger_status_cumulative_stock_monthly,22.8
2025-02,2025,2,경상,급속,급속,11696,region8,me_charger_status_cumulative_stock_monthly,25.3
2025-02,2025,2,서울,급속,급속,4725,region8,me_charger_status_cumulative_stock_monthly,10.2
2025-02,2025,2,인천,급속,급속,1935,region8,me_charger_status_cumulative_stock_monthly,4.2
2025-02,2025,2,전국,급속,급속,46155,national,me_charger_status_cumulative_stock_monthly,100.0
2025-02,2025,2,전라,급속,급속,6081,region8,me_charger_status_cumulative_stock_monthly,13.2
2025-02,2025,2,제주,급속,급속,2239,region8,me_charger_status_cumulative_stock_monthly,4.9
2025-02,2025,2,충청,급속,급속,6494,region8,me_charger_status_cumulative_stock_monthly,14.1
2025-02,2025,2,강원,완속,완속,11796,region8,me_charger_status_cumulative_stock_monthly,3.3
2025-02,2025,2,경기,완속,완속,106885,region8,me_charger_status_cumulative_stock_monthly,29.5
2025-02,2025,2,경상,완속,완속,81727,region8,me_charger_status_cumulative_stock_monthly,22.6
2025-02,2025,2,서울,완속,완속,56824,region8,me_charger_status_cumulative_stock_monthly,15.7
2025-02,2025,2,인천,완속,완속,21637,region8,me_charger_status_cumulative_stock_monthly,6.0
2025-02,2025,2,전국,완속,완속,361721,national,me_charger_status_cumulative_stock_monthly,100.0
2025-02,2025,2,전라,완속,완속,33848,region8,me_charger_status_cumulative_stock_monthly,9.4
2025-02,2025,2,제주,완속,완속,6175,region8,me_charger_status_cumulative_stock_monthly,1.7
2025-02,2025,2,충청,완속,완속,42829,region8,me_charger_status_cumulative_stock_monthly,11.8
2025-03,2025,3,강원,급속,급속,2538,region8,me_charger_status_cumulative_stock_monthly,5.4
2025-03,2025,3,경기,급속,급속,10673,region8,me_charger_status_cumulative_stock_monthly,22.8
2025-03,2025,3,경상,급속,급속,11798,region8,me_charger_status_cumulative_stock_monthly,25.2
2025-03,2025,3,서울,급속,급속,4805,region8,me_charger_status_cumulative_stock_monthly,10.3
2025-03,2025,3,인천,급속,급속,1958,region8,me_charger_status_cumulative_stock_monthly,4.2
2025-03,2025,3,전국,급속,급속,46806,national,me_charger_status_cumulative_stock_monthly,100.0
2025-03,2025,3,전라,급속,급속,6205,region8,me_charger_status_cumulative_stock_monthly,13.3
2025-03,2025,3,제주,급속,급속,2245,region8,me_charger_status_cumulative_stock_monthly,4.8
2025-03,2025,3,충청,급속,급속,6584,region8,me_charger_status_cumulative_stock_monthly,14.1
2025-03,2025,3,강원,완속,완속,12026,region8,me_charger_status_cumulative_stock_monthly,3.3
2025-03,2025,3,경기,완속,완속,109989,region8,me_charger_status_cumulative_stock_monthly,29.7
2025-03,2025,3,경상,완속,완속,83672,region8,me_charger_status_cumulative_stock_monthly,22.6
2025-03,2025,3,서울,완속,완속,57836,region8,me_charger_status_cumulative_stock_monthly,15.6
2025-03,2025,3,인천,완속,완속,22074,region8,me_charger_status_cumulative_stock_monthly,6.0
2025-03,2025,3,전국,완속,완속,369944,national,me_charger_status_cumulative_stock_monthly,100.0
2025-03,2025,3,전라,완속,완속,34568,region8,me_charger_status_cumulative_stock_monthly,9.3
2025-03,2025,3,제주,완속,완속,6188,region8,me_charger_status_cumulative_stock_monthly,1.7
2025-03,2025,3,충청,완속,완속,43591,region8,me_charger_status_cumulative_stock_monthly,11.8
2025-04,2025,4,강원,급속,급속,2541,region8,me_charger_status_cumulative_stock_monthly,5.4
2025-04,2025,4,경기,급속,급속,10687,region8,me_charger_status_cumulative_stock_monthly,22.8
2025-04,2025,4,경상,급속,급속,11807,region8,me_charger_status_cumulative_stock_monthly,25.2
2025-04,2025,4,서울,급속,급속,4813,region8,me_charger_status_cumulative_stock_monthly,10.3
2025-04,2025,4,인천,급속,급속,1958,region8,me_charger_status_cumulative_stock_monthly,4.2
2025-04,2025,4,전국,급속,급속,46881,national,me_charger_status_cumulative_stock_monthly,100.0
2025-04,2025,4,전라,급속,급속,6226,region8,me_charger_status_cumulative_stock_monthly,13.3
2025-04,2025,4,제주,급속,급속,2245,region8,me_charger_status_cumulative_stock_monthly,4.8
2025-04,2025,4,충청,급속,급속,6604,region8,me_charger_status_cumulative_stock_monthly,14.1
2025-04,2025,4,강원,완속,완속,12034,region8,me_charger_status_cumulative_stock_monthly,3.2
2025-04,2025,4,경기,완속,완속,110142,region8,me_charger_status_cumulative_stock_monthly,29.7
2025-04,2025,4,경상,완속,완속,83917,region8,me_charger_status_cumulative_stock_monthly,22.6
2025-04,2025,4,서울,완속,완속,57879,region8,me_charger_status_cumulative_stock_monthly,15.6
2025-04,2025,4,인천,완속,완속,22086,region8,me_charger_status_cumulative_stock_monthly,6.0
2025-04,2025,4,전국,완속,완속,370556,national,me_charger_status_cumulative_stock_monthly,100.0
2025-04,2025,4,전라,완속,완속,34642,region8,me_charger_status_cumulative_stock_monthly,9.3
2025-04,2025,4,제주,완속,완속,6185,region8,me_charger_status_cumulative_stock_monthly,1.7
2025-04,2025,4,충청,완속,완속,43671,region8,me_charger_status_cumulative_stock_monthly,11.8
2025-08,2025,8,강원,급속,급속,2633,region8,me_charger_status_cumulative_stock_monthly,5.2
2025-08,2025,8,경기,급속,급속,12180,region8,me_charger_status_cumulative_stock_monthly,24.2
2025-08,2025,8,경상,급속,급속,12159,region8,me_charger_status_cumulative_stock_monthly,24.1
2025-08,2025,8,서울,급속,급속,5559,region8,me_charger_status_cumulative_stock_monthly,11.0
2025-08,2025,8,인천,급속,급속,2227,region8,me_charger_status_cumulative_stock_monthly,4.4
2025-08,2025,8,전국,급속,급속,50426,national,me_charger_status_cumulative_stock_monthly,100.0
2025-08,2025,8,전라,급속,급속,6473,region8,me_charger_status_cumulative_stock_monthly,12.8
2025-08,2025,8,제주,급속,급속,2256,region8,me_charger_status_cumulative_stock_monthly,4.5
2025-08,2025,8,충청,급속,급속,6939,region8,me_charger_status_cumulative_stock_monthly,13.8
2025-08,2025,8,강원,완속,완속,12608,region8,me_charger_status_cumulative_stock_monthly,3.2
2025-08,2025,8,경기,완속,완속,118946,region8,me_charger_status_cumulative_stock_monthly,29.9
2025-08,2025,8,경상,완속,완속,91615,region8,me_charger_status_cumulative_stock_monthly,23.1
2025-08,2025,8,서울,완속,완속,60486,region8,me_charger_status_cumulative_stock_monthly,15.2
2025-08,2025,8,인천,완속,완속,24392,region8,me_charger_status_cumulative_stock_monthly,6.1
2025-08,2025,8,전국,완속,완속,397342,national,me_charger_status_cumulative_stock_monthly,100.0
2025-08,2025,8,전라,완속,완속,37038,region8,me_charger_status_cumulative_stock_monthly,9.3
2025-08,2025,8,제주,완속,완속,6092,region8,me_charger_status_cumulative_stock_monthly,1.5
2025-08,2025,8,충청,완속,완속,46165,region8,me_charger_status_cumulative_stock_monthly,11.6
2025-12,2025,12,강원,급속,급속,2844,region8,me_charger_status_cumulative_stock_monthly,5.4
2025-12,2025,12,경기,급속,급속,13060,region8,me_charger_status_cumulative_stock_monthly,24.7
2025-12,2025,12,경상,급속,급속,12820,region8,me_charger_status_cumulative_stock_monthly,24.3
2025-12,2025,12,서울,급속,급속,5600,region8,me_charger_status_cumulative_stock_monthly,10.6
2025-12,2025,12,인천,급속,급속,2389,region8,me_charger_status_cumulative_stock_monthly,4.5
2025-12,2025,12,전국,급속,급속,52860,national,me_charger_status_cumulative_stock_monthly,100.0
2025-12,2025,12,전라,급속,급속,6690,region8,me_charger_status_cumulative_stock_monthly,12.7
2025-12,2025,12,제주,급속,급속,2319,region8,me_charger_status_cumulative_stock_monthly,4.4
2025-12,2025,12,충청,급속,급속,7138,region8,me_charger_status_cumulative_stock_monthly,13.5
2025-12,2025,12,강원,완속,완속,13045,region8,me_charger_status_cumulative_stock_monthly,3.1
2025-12,2025,12,경기,완속,완속,125418,region8,me_charger_status_cumulative_stock_monthly,30.1
2025-12,2025,12,경상,완속,완속,95915,region8,me_charger_status_cumulative_stock_monthly,23.0
2025-12,2025,12,서울,완속,완속,63054,region8,me_charger_status_cumulative_stock_monthly,15.2
2025-12,2025,12,인천,완속,완속,26130,region8,me_charger_status_cumulative_stock_monthly,6.3
2025-12,2025,12,전국,완속,완속,416185,national,me_charger_status_cumulative_stock_monthly,100.0
2025-12,2025,12,전라,완속,완속,37996,region8,me_charger_status_cumulative_stock_monthly,9.1
2025-12,2025,12,제주,완속,완속,6031,region8,me_charger_status_cumulative_stock_monthly,1.4
2025-12,2025,12,충청,완속,완속,48596,region8,me_charger_status_cumulative_stock_monthly,11.7
