지표코드,지표명,기준월,연도,월,권역,대당충전기,권역구성비,평균여부,지리단위,출처ID
급속_대당,전기차 1대당 급속충전기 수,2024-01,2024,1,서울,0.47,11.3,0,region8,me_charger_status_ev_per_charger_ratio
급속_대당,전기차 1대당 급속충전기 수,2024-01,2024,1,경기,0.45,10.8,0,region8,me_charger_status_ev_per_charger_ratio
급속_대당,전기차 1대당 급속충전기 수,2024-01,2024,1,인천,0.18,4.3,0,region8,me_charger_status_ev_per_charger_ratio
급속_대당,전기차 1대당 급속충전기 수,2024-01,2024,1,강원,0.97,23.3,0,region8,me_charger_status_ev_per_charger_ratio
급속_대당,전기차 1대당 급속충전기 수,2024-01,2024,1,충청,0.55,13.2,0,region8,me_charger_status_ev_per_charger_ratio
급속_대당,전기차 1대당 급속충전기 수,2024-01,2024,1,전라,0.61,14.7,0,region8,me_charger_status_ev_per_charger_ratio
급속_대당,전기차 1대당 급속충전기 수,2024-01,2024,1,경상,0.5,12.0,0,region8,me_charger_status_ev_per_charger_ratio
급속_대당,전기차 1대당 급속충전기 수,2024-01,2024,1,제주,0.43,10.3,0,region8,me_charger_status_ev_per_charger_ratio
급속_대당,전기차 1대당 급속충전기 수,2024-01,2024,1,평균,0.52,,1,average8,me_charger_status_ev_per_charger_ratio
급속_대당,전기차 1대당 급속충전기 수,2024-02,2024,2,서울,0.48,11.2,0,region8,me_charger_status_ev_per_charger_ratio
급속_대당,전기차 1대당 급속충전기 수,2024-02,2024,2,경기,0.47,11.0,0,region8,me_charger_status_ev_per_charger_ratio
급속_대당,전기차 1대당 급속충전기 수,2024-02,2024,2,인천,0.19,4.4,0,region8,me_charger_status_ev_per_charger_ratio
급속_대당,전기차 1대당 급속충전기 수,2024-02,2024,2,강원,0.99,23.1,0,region8,me_charger_status_ev_per_charger_ratio
급속_대당,전기차 1대당 급속충전기 수,2024-02,2024,2,충청,0.57,13.3,0,region8,me_charger_status_ev_per_charger_ratio
급속_대당,전기차 1대당 급속충전기 수,2024-02,2024,2,전라,0.63,14.7,0,region8,me_charger_status_ev_per_charger_ratio
급속_대당,전기차 1대당 급속충전기 수,2024-02,2024,2,경상,0.51,11.9,0,region8,me_charger_status_ev_per_charger_ratio
급속_대당,전기차 1대당 급속충전기 수,2024-02,2024,2,제주,0.44,10.3,0,region8,me_charger_status_ev_per_charger_ratio
급속_대당,전기차 1대당 급속충전기 수,2024-02,2024,2,평균,0.53,,1,average8,me_charger_status_ev_per_charger_ratio
급속_대당,전기차 1대당 급속충전기 수,2024-03,2024,3,서울,0.65,9.8,0,region8,me_charger_status_ev_per_charger_ratio
급속_대당,전기차 1대당 급속충전기 수,2024-03,2024,3,경기,0.82,12.3,0,region8,me_charger_status_ev_per_charger_ratio
급속_대당,전기차 1대당 급속충전기 수,2024-03,2024,3,인천,0.38,5.7,0,region8,me_charger_status_ev_per_charger_ratio
급속_대당,전기차 1대당 급속충전기 수,2024-03,2024,3,강원,1.38,20.8,0,region8,me_charger_status_ev_per_charger_ratio
급속_대당,전기차 1대당 급속충전기 수,2024-03,2024,3,충청,0.89,13.4,0,region8,me_charger_status_ev_per_charger_ratio
급속_대당,전기차 1대당 급속충전기 수,2024-03,2024,3,전라,1.03,15.5,0,region8,me_charger_status_ev_per_charger_ratio
급속_대당,전기차 1대당 급속충전기 수,2024-03,2024,3,경상,0.83,12.5,0,region8,me_charger_status_ev_per_charger_ratio
급속_대당,전기차 1대당 급속충전기 수,2024-03,2024,3,제주,0.67,10.1,0,region8,me_charger_status_ev_per_charger_ratio
급속_대당,전기차 1대당 급속충전기 수,2024-03,2024,3,평균,0.83,,1,average8,me_charger_status_ev_per_charger_ratio
급속_대당,전기차 1대당 급속충전기 수,2024-04,2024,4,서울,0.67,10.0,0,region8,me_charger_status_ev_per_charger_ratio
급속_대당,전기차 1대당 급속충전기 수,2024-04,2024,4,경기,0.83,12.4,0,region8,me_charger_status_ev_per_charger_ratio
급속_대당,전기차 1대당 급속충전기 수,2024-04,2024,4,인천,0.37,5.5,0,region8,me_charger_status_ev_per_charger_ratio
급속_대당,전기차 1대당 급속충전기 수,2024-04,2024,4,강원,1.39,20.7,0,region8,me_charger_status_ev_per_charger_ratio
급속_대당,전기차 1대당 급속충전기 수,2024-04,2024,4,충청,0.9,13.4,0,region8,me_charger_status_ev_per_charger_ratio
급속_대당,전기차 1대당 급속충전기 수,2024-04,2024,4,전라,1.03,15.4,0,region8,me_charger_status_ev_per_charger_ratio
급속_대당,전기차 1대당 급속충전기 수,2024-04,2024,4,경상,0.84,12.5,0,region8,me_charger_status_ev_per_charger_ratio
급속_대당,전기차 1대당 급속충전기 수,2024-04,2024,4,제주,0.67,10.0,0,region8,me_charger_status_ev_per_charger_ratio
급속_대당,전기차 1대당 급속충전기 수,2024-04,2024,4,평균,0.83,,1,average8,me_charger_status_ev_per_charger_ratio
급속_대당,전기차 1대당 급속충전기 수,2024-05,2024,5,서울,0.68,9.9,0,region8,me_charger_status_ev_per_charger_ratio
급속_대당,전기차 1대당 급속충전기 수,2024-05,2024,5,경기,0.87,12.7,0,region8,me_charger_status_ev_per_charger_ratio
급속_대당,전기차 1대당 급속충전기 수,2024-05,2024,5,인천,0.39,5.7,0,region8,me_charger_status_ev_per_charger_ratio
급속_대당,전기차 1대당 급속충전기 수,2024-05,2024,5,강원,1.41,20.6,0,region8,me_charger_status_ev_per_charger_ratio
급속_대당,전기차 1대당 급속충전기 수,2024-05,2024,5,충청,0.93,13.6,0,region8,me_charger_status_ev_per_charger_ratio
급속_대당,전기차 1대당 급속충전기 수,2024-05,2024,5,전라,1.05,15.4,0,region8,me_charger_status_ev_per_charger_ratio
급속_대당,전기차 1대당 급속충전기 수,2024-05,2024,5,경상,0.84,12.3,0,region8,me_charger_status_ev_per_charger_ratio
급속_대당,전기차 1대당 급속충전기 수,2024-05,2024,5,제주,0.67,9.8,0,region8,me_charger_status_ev_per_charger_ratio
급속_대당,전기차 1대당 급속충전기 수,2024-05,2024,5,평균,0.85,,1,average8,me_charger_status_ev_per_charger_ratio
급속_대당,전기차 1대당 급속충전기 수,2024-06,2024,6,서울,0.67,9.9,0,region8,me_charger_status_ev_per_charger_ratio
급속_대당,전기차 1대당 급속충전기 수,2024-06,2024,6,경기,0.86,12.7,0,region8,me_charger_status_ev_per_charger_ratio
급속_대당,전기차 1대당 급속충전기 수,2024-06,2024,6,인천,0.39,5.8,0,region8,me_charger_status_ev_per_charger_ratio
급속_대당,전기차 1대당 급속충전기 수,2024-06,2024,6,강원,1.39,20.5,0,region8,me_charger_status_ev_per_charger_ratio
급속_대당,전기차 1대당 급속충전기 수,2024-06,2024,6,충청,0.92,13.6,0,region8,me_charger_status_ev_per_charger_ratio
급속_대당,전기차 1대당 급속충전기 수,2024-06,2024,6,전라,1.06,15.6,0,region8,me_charger_status_ev_per_charger_ratio
급속_대당,전기차 1대당 급속충전기 수,2024-06,2024,6,경상,0.83,12.2,0,region8,me_charger_status_ev_per_charger_ratio
급속_대당,전기차 1대당 급속충전기 수,2024-06,2024,6,제주,0.66,9.7,0,region8,me_charger_status_ev_per_charger_ratio
급속_대당,전기차 1대당 급속충전기 수,2024-06,2024,6,평균,0.84,,1,average8,me_charger_status_ev_per_charger_ratio
급속_대당,전기차 1대당 급속충전기 수,2024-07,2024,7,서울,0.66,9.7,0,region8,me_charger_status_ev_per_charger_ratio
급속_대당,전기차 1대당 급속충전기 수,2024-07,2024,7,경기,0.85,12.6,0,region8,me_charger_status_ev_per_charger_ratio
급속_대당,전기차 1대당 급속충전기 수,2024-07,2024,7,인천,0.39,5.8,0,region8,me_charger_status_ev_per_charger_ratio
급속_대당,전기차 1대당 급속충전기 수,2024-07,2024,7,강원,1.41,20.8,0,region8,me_charger_status_ev_per_charger_ratio
급속_대당,전기차 1대당 급속충전기 수,2024-07,2024,7,충청,0.93,13.7,0,region8,me_charger_status_ev_per_charger_ratio
급속_대당,전기차 1대당 급속충전기 수,2024-07,2024,7,전라,1.05,15.5,0,region8,me_charger_status_ev_per_charger_ratio
급속_대당,전기차 1대당 급속충전기 수,2024-07,2024,7,경상,0.84,12.4,0,region8,me_charger_status_ev_per_charger_ratio
급속_대당,전기차 1대당 급속충전기 수,2024-07,2024,7,제주,0.64,9.5,0,region8,me_charger_status_ev_per_charger_ratio
급속_대당,전기차 1대당 급속충전기 수,2024-07,2024,7,평균,0.84,,1,average8,me_charger_status_ev_per_charger_ratio
급속_대당,전기차 1대당 급속충전기 수,2024-08,2024,8,서울,0.66,9.8,0,region8,me_charger_status_ev_per_charger_ratio
급속_대당,전기차 1대당 급속충전기 수,2024-08,2024,8,경기,0.84,12.5,0,region8,me_charger_status_ev_per_charger_ratio
급속_대당,전기차 1대당 급속충전기 수,2024-08,2024,8,인천,0.39,5.8,0,region8,me_charger_status_ev_per_charger_ratio
급속_대당,전기차 1대당 급속충전기 수,2024-08,2024,8,강원,1.4,20.8,0,region8,me_charger_status_ev_per_charger_ratio
급속_대당,전기차 1대당 급속충전기 수,2024-08,2024,8,충청,0.92,13.6,0,region8,me_charger_status_ev_per_charger_ratio
급속_대당,전기차 1대당 급속충전기 수,2024-08,2024,8,전라,1.05,15.6,0,region8,me_charger_status_ev_per_charger_ratio
급속_대당,전기차 1대당 급속충전기 수,2024-08,2024,8,경상,0.85,12.6,0,region8,me_charger_status_ev_per_charger_ratio
급속_대당,전기차 1대당 급속충전기 수,2024-08,2024,8,제주,0.63,9.3,0,region8,me_charger_status_ev_per_charger_ratio
급속_대당,전기차 1대당 급속충전기 수,2024-08,2024,8,평균,0.84,,1,average8,me_charger_status_ev_per_charger_ratio
급속_대당,전기차 1대당 급속충전기 수,2024-09,2024,9,서울,0.66,9.9,0,region8,me_charger_status_ev_per_charger_ratio
급속_대당,전기차 1대당 급속충전기 수,2024-09,2024,9,경기,0.84,12.6,0,region8,me_charger_status_ev_per_charger_ratio
급속_대당,전기차 1대당 급속충전기 수,2024-09,2024,9,인천,0.38,5.7,0,region8,me_charger_status_ev_per_charger_ratio
급속_대당,전기차 1대당 급속충전기 수,2024-09,2024,9,강원,1.39,20.9,0,region8,me_charger_status_ev_per_charger_ratio
급속_대당,전기차 1대당 급속충전기 수,2024-09,2024,9,충청,0.91,13.7,0,region8,me_charger_status_ev_per_charger_ratio
급속_대당,전기차 1대당 급속충전기 수,2024-09,2024,9,전라,1.03,15.5,0,region8,me_charger_status_ev_per_charger_ratio
급속_대당,전기차 1대당 급속충전기 수,2024-09,2024,9,경상,0.83,12.5,0,region8,me_charger_status_ev_per_charger_ratio
급속_대당,전기차 1대당 급속충전기 수,2024-09,2024,9,제주,0.61,9.2,0,region8,me_charger_status_ev_per_charger_ratio
급속_대당,전기차 1대당 급속충전기 수,2024-09,2024,9,평균,0.83,,1,average8,me_charger_status_ev_per_charger_ratio
급속_대당,전기차 1대당 급속충전기 수,2024-10,2024,10,서울,0.62,9.5,0,region8,me_charger_status_ev_per_charger_ratio
급속_대당,전기차 1대당 급속충전기 수,2024-10,2024,10,경기,0.8,12.3,0,region8,me_charger_status_ev_per_charger_ratio
급속_대당,전기차 1대당 급속충전기 수,2024-10,2024,10,인천,0.37,5.7,0,region8,me_charger_status_ev_per_charger_ratio
급속_대당,전기차 1대당 급속충전기 수,2024-10,2024,10,강원,1.38,21.2,0,region8,me_charger_status_ev_per_charger_ratio
급속_대당,전기차 1대당 급속충전기 수,2024-10,2024,10,충청,0.91,14.0,0,region8,me_charger_status_ev_per_charger_ratio
급속_대당,전기차 1대당 급속충전기 수,2024-10,2024,10,전라,1.02,15.6,0,region8,me_charger_status_ev_per_charger_ratio
급속_대당,전기차 1대당 급속충전기 수,2024-10,2024,10,경상,0.83,12.7,0,region8,me_charger_status_ev_per_charger_ratio
급속_대당,전기차 1대당 급속충전기 수,2024-10,2024,10,제주,0.59,9.0,0,region8,me_charger_status_ev_per_charger_ratio
급속_대당,전기차 1대당 급속충전기 수,2024-10,2024,10,평균,0.81,,1,average8,me_charger_status_ev_per_charger_ratio
급속_대당,전기차 1대당 급속충전기 수,2024-11,2024,11,서울,0.62,9.6,0,region8,me_charger_status_ev_per_charger_ratio
급속_대당,전기차 1대당 급속충전기 수,2024-11,2024,11,경기,0.79,12.3,0,region8,me_charger_status_ev_per_charger_ratio
급속_대당,전기차 1대당 급속충전기 수,2024-11,2024,11,인천,0.36,5.6,0,region8,me_charger_status_ev_per_charger_ratio
급속_대당,전기차 1대당 급속충전기 수,2024-11,2024,11,강원,1.36,21.1,0,region8,me_charger_status_ev_per_charger_ratio
급속_대당,전기차 1대당 급속충전기 수,2024-11,2024,11,충청,0.9,14.0,0,region8,me_charger_status_ev_per_charger_ratio
급속_대당,전기차 1대당 급속충전기 수,2024-11,2024,11,전라,1.01,15.7,0,region8,me_charger_status_ev_per_charger_ratio
급속_대당,전기차 1대당 급속충전기 수,2024-11,2024,11,경상,0.82,12.7,0,region8,me_charger_status_ev_per_charger_ratio
급속_대당,전기차 1대당 급속충전기 수,2024-11,2024,11,제주,0.58,9.0,0,region8,me_charger_status_ev_per_charger_ratio
급속_대당,전기차 1대당 급속충전기 수,2024-11,2024,11,평균,0.8,,1,average8,me_charger_status_ev_per_charger_ratio
급속_대당,전기차 1대당 급속충전기 수,2024-12,2024,12,서울,0.61,9.4,0,region8,me_charger_status_ev_per_charger_ratio
급속_대당,전기차 1대당 급속충전기 수,2024-12,2024,12,경기,0.81,12.4,0,region8,me_charger_status_ev_per_charger_ratio
급속_대당,전기차 1대당 급속충전기 수,2024-12,2024,12,인천,0.37,5.7,0,region8,me_charger_status_ev_per_charger_ratio
급속_대당,전기차 1대당 급속충전기 수,2024-12,2024,12,강원,1.37,21.0,0,region8,me_charger_status_ev_per_charger_ratio
급속_대당,전기차 1대당 급속충전기 수,2024-12,2024,12,충청,0.93,14.3,0,region8,me_charger_status_ev_per_charger_ratio
급속_대당,전기차 1대당 급속충전기 수,2024-12,2024,12,전라,1.02,15.6,0,region8,me_charger_status_ev_per_charger_ratio
급속_대당,전기차 1대당 급속충전기 수,2024-12,2024,12,경상,0.83,12.7,0,region8,me_charger_status_ev_per_charger_ratio
급속_대당,전기차 1대당 급속충전기 수,2024-12,2024,12,제주,0.58,8.9,0,region8,me_charger_status_ev_per_charger_ratio
급속_대당,전기차 1대당 급속충전기 수,2024-12,2024,12,평균,0.81,,1,average8,me_charger_status_ev_per_charger_ratio
급속_대당,전기차 1대당 급속충전기 수,2025-01,2025,1,서울,0.64,9.6,0,region8,me_charger_status_ev_per_charger_ratio
급속_대당,전기차 1대당 급속충전기 수,2025-01,2025,1,경기,0.83,12.4,0,region8,me_charger_status_ev_per_charger_ratio
급속_대당,전기차 1대당 급속충전기 수,2025-01,2025,1,인천,0.38,5.7,0,region8,me_charger_status_ev_per_charger_ratio
급속_대당,전기차 1대당 급속충전기 수,2025-01,2025,1,강원,1.43,21.4,0,region8,me_charger_status_ev_per_charger_ratio
급속_대당,전기차 1대당 급속충전기 수,2025-01,2025,1,충청,0.95,14.2,0,region8,me_charger_status_ev_per_charger_ratio
급속_대당,전기차 1대당 급속충전기 수,2025-01,2025,1,전라,1.04,15.6,0,region8,me_charger_status_ev_per_charger_ratio
급속_대당,전기차 1대당 급속충전기 수,2025-01,2025,1,경상,0.84,12.6,0,region8,me_charger_status_ev_per_charger_ratio
급속_대당,전기차 1대당 급속충전기 수,2025-01,2025,1,제주,0.57,8.5,0,region8,me_charger_status_ev_per_charger_ratio
급속_대당,전기차 1대당 급속충전기 수,2025-01,2025,1,평균,0.83,,1,average8,me_charger_status_ev_per_charger_ratio
급속_대당,전기차 1대당 급속충전기 수,2025-02,2025,2,서울,0.63,9.5,0,region8,me_charger_status_ev_per_charger_ratio
급속_대당,전기차 1대당 급속충전기 수,2025-02,2025,2,경기,0.82,12.4,0,region8,me_charger_status_ev_per_charger_ratio
급속_대당,전기차 1대당 급속충전기 수,2025-02,2025,2,인천,0.38,5.7,0,region8,me_charger_status_ev_per_charger_ratio
급속_대당,전기차 1대당 급속충전기 수,2025-02,2025,2,강원,1.43,21.6,0,region8,me_charger_status_ev_per_charger_ratio
급속_대당,전기차 1대당 급속충전기 수,2025-02,2025,2,충청,0.94,14.2,0,region8,me_charger_status_ev_per_charger_ratio
급속_대당,전기차 1대당 급속충전기 수,2025-02,2025,2,전라,1.03,15.6,0,region8,me_charger_status_ev_per_charger_ratio
급속_대당,전기차 1대당 급속충전기 수,2025-02,2025,2,경상,0.83,12.5,0,region8,me_charger_status_ev_per_charger_ratio
급속_대당,전기차 1대당 급속충전기 수,2025-02,2025,2,제주,0.56,8.5,0,region8,me_charger_status_ev_per_charger_ratio
급속_대당,전기차 1대당 급속충전기 수,2025-02,2025,2,평균,0.82,,1,average8,me_charger_status_ev_per_charger_ratio
급속_대당,전기차 1대당 급속충전기 수,2025-03,2025,3,서울,0.63,9.6,0,region8,me_charger_status_ev_per_charger_ratio
급속_대당,전기차 1대당 급속충전기 수,2025-03,2025,3,경기,0.81,12.3,0,region8,me_charger_status_ev_per_charger_ratio
급속_대당,전기차 1대당 급속충전기 수,2025-03,2025,3,인천,0.37,5.6,0,region8,me_charger_status_ev_per_charger_ratio
급속_대당,전기차 1대당 급속충전기 수,2025-03,2025,3,강원,1.45,22.0,0,region8,me_charger_status_ev_per_charger_ratio
급속_대당,전기차 1대당 급속충전기 수,2025-03,2025,3,충청,0.93,14.1,0,region8,me_charger_status_ev_per_charger_ratio
급속_대당,전기차 1대당 급속충전기 수,2025-03,2025,3,전라,1.03,15.7,0,region8,me_charger_status_ev_per_charger_ratio
급속_대당,전기차 1대당 급속충전기 수,2025-03,2025,3,경상,0.81,12.3,0,region8,me_charger_status_ev_per_charger_ratio
급속_대당,전기차 1대당 급속충전기 수,2025-03,2025,3,제주,0.55,8.4,0,region8,me_charger_status_ev_per_charger_ratio
급속_대당,전기차 1대당 급속충전기 수,2025-03,2025,3,평균,0.82,,1,average8,me_charger_status_ev_per_charger_ratio
급속_대당,전기차 1대당 급속충전기 수,2025-04,2025,4,서울,0.63,9.7,0,region8,me_charger_status_ev_per_charger_ratio
급속_대당,전기차 1대당 급속충전기 수,2025-04,2025,4,경기,0.79,12.2,0,region8,me_charger_status_ev_per_charger_ratio
급속_대당,전기차 1대당 급속충전기 수,2025-04,2025,4,인천,0.36,5.6,0,region8,me_charger_status_ev_per_charger_ratio
급속_대당,전기차 1대당 급속충전기 수,2025-04,2025,4,강원,1.43,22.1,0,region8,me_charger_status_ev_per_charger_ratio
급속_대당,전기차 1대당 급속충전기 수,2025-04,2025,4,충청,0.91,14.1,0,region8,me_charger_status_ev_per_charger_ratio
급속_대당,전기차 1대당 급속충전기 수,2025-04,2025,4,전라,1.01,15.6,0,region8,me_charger_status_ev_per_charger_ratio
급속_대당,전기차 1대당 급속충전기 수,2025-04,2025,4,경상,0.8,12.4,0,region8,me_charger_status_ev_per_charger_ratio
급속_대당,전기차 1대당 급속충전기 수,2025-04,2025,4,제주,0.54,8.3,0,region8,me_charger_status_ev_per_charger_ratio
급속_대당,전기차 1대당 급속충전기 수,2025-04,2025,4,평균,0.8,,1,average8,me_charger_status_ev_per_charger_ratio
급속_대당,전기차 1대당 급속충전기 수,2025-08,2025,8,서울,0.66,10.7,0,region8,me_charger_status_ev_per_charger_ratio
급속_대당,전기차 1대당 급속충전기 수,2025-08,2025,8,경기,0.78,12.7,0,region8,me_charger_status_ev_per_charger_ratio
급속_대당,전기차 1대당 급속충전기 수,2025-08,2025,8,인천,0.33,5.4,0,region8,me_charger_status_ev_per_charger_ratio
급속_대당,전기차 1대당 급속충전기 수,2025-08,2025,8,강원,1.36,22.1,0,region8,me_charger_status_ev_per_charger_ratio
급속_대당,전기차 1대당 급속충전기 수,2025-08,2025,8,충청,0.86,14.0,0,region8,me_charger_status_ev_per_charger_ratio
급속_대당,전기차 1대당 급속충전기 수,2025-08,2025,8,전라,0.94,15.3,0,region8,me_charger_status_ev_per_charger_ratio
급속_대당,전기차 1대당 급속충전기 수,2025-08,2025,8,경상,0.72,11.7,0,region8,me_charger_status_ev_per_charger_ratio
급속_대당,전기차 1대당 급속충전기 수,2025-08,2025,8,제주,0.5,8.1,0,region8,me_charger_status_ev_per_charger_ratio
급속_대당,전기차 1대당 급속충전기 수,2025-08,2025,8,평균,0.76,,1,average8,me_charger_status_ev_per_charger_ratio
급속_대당,전기차 1대당 급속충전기 수,2025-12,2025,12,서울,0.64,10.5,0,region8,me_charger_status_ev_per_charger_ratio
급속_대당,전기차 1대당 급속충전기 수,2025-12,2025,12,경기,0.78,12.8,0,region8,me_charger_status_ev_per_charger_ratio
급속_대당,전기차 1대당 급속충전기 수,2025-12,2025,12,인천,0.33,5.4,0,region8,me_charger_status_ev_per_charger_ratio
급속_대당,전기차 1대당 급속충전기 수,2025-12,2025,12,강원,1.39,22.7,0,region8,me_charger_status_ev_per_charger_ratio
급속_대당,전기차 1대당 급속충전기 수,2025-12,2025,12,충청,0.85,13.9,0,region8,me_charger_status_ev_per_charger_ratio
급속_대당,전기차 1대당 급속충전기 수,2025-12,2025,12,전라,0.92,15.1,0,region8,me_charger_status_ev_per_charger_ratio
급속_대당,전기차 1대당 급속충전기 수,2025-12,2025,12,경상,0.71,11.6,0,region8,me_charger_status_ev_per_charger_ratio
급속_대당,전기차 1대당 급속충전기 수,2025-12,2025,12,제주,0.49,8.0,0,region8,me_charger_status_ev_per_charger_ratio
급속_대당,전기차 1대당 급속충전기 수,2025-12,2025,12,평균,0.76,,1,average8,me_charger_status_ev_per_charger_ratio
급속_대당,전기차 1대당 급속충전기 수,2026-01,2026,1,서울,0.64,10.5,0,region8,me_charger_status_ev_per_charger_ratio
급속_대당,전기차 1대당 급속충전기 수,2026-01,2026,1,경기,0.78,12.8,0,region8,me_charger_status_ev_per_charger_ratio
급속_대당,전기차 1대당 급속충전기 수,2026-01,2026,1,인천,0.33,5.4,0,region8,me_charger_status_ev_per_charger_ratio
급속_대당,전기차 1대당 급속충전기 수,2026-01,2026,1,강원,1.39,22.7,0,region8,me_charger_status_ev_per_charger_ratio
급속_대당,전기차 1대당 급속충전기 수,2026-01,2026,1,충청,0.85,13.9,0,region8,me_charger_status_ev_per_charger_ratio
급속_대당,전기차 1대당 급속충전기 수,2026-01,2026,1,전라,0.93,15.2,0,region8,me_charger_status_ev_per_charger_ratio
급속_대당,전기차 1대당 급속충전기 수,2026-01,2026,1,경상,0.71,11.6,0,region8,me_charger_status_ev_per_charger_ratio
급속_대당,전기차 1대당 급속충전기 수,2026-01,2026,1,제주,0.48,7.9,0,region8,me_charger_status_ev_per_charger_ratio
급속_대당,전기차 1대당 급속충전기 수,2026-01,2026,1,평균,0.76,,1,average8,me_charger_status_ev_per_charger_ratio
급속_대당,전기차 1대당 급속충전기 수,2026-02,2026,2,서울,0.64,10.5,0,region8,me_charger_status_ev_per_charger_ratio
급속_대당,전기차 1대당 급속충전기 수,2026-02,2026,2,경기,0.78,12.8,0,region8,me_charger_status_ev_per_charger_ratio
급속_대당,전기차 1대당 급속충전기 수,2026-02,2026,2,인천,0.33,5.4,0,region8,me_charger_status_ev_per_charger_ratio
급속_대당,전기차 1대당 급속충전기 수,2026-02,2026,2,강원,1.39,22.7,0,region8,me_charger_status_ev_per_charger_ratio
급속_대당,전기차 1대당 급속충전기 수,2026-02,2026,2,충청,0.85,13.9,0,region8,me_charger_status_ev_per_charger_ratio
급속_대당,전기차 1대당 급속충전기 수,2026-02,2026,2,전라,0.93,15.2,0,region8,me_charger_status_ev_per_charger_ratio
급속_대당,전기차 1대당 급속충전기 수,2026-02,2026,2,경상,0.71,11.6,0,region8,me_charger_status_ev_per_charger_ratio
급속_대당,전기차 1대당 급속충전기 수,2026-02,2026,2,제주,0.48,7.9,0,region8,me_charger_status_ev_per_charger_ratio
급속_대당,전기차 1대당 급속충전기 수,2026-02,2026,2,평균,0.76,,1,average8,me_charger_status_ev_per_charger_ratio
급속_대당,전기차 1대당 급속충전기 수,2026-03,2026,3,서울,0.64,10.5,0,region8,me_charger_status_ev_per_charger_ratio
급속_대당,전기차 1대당 급속충전기 수,2026-03,2026,3,경기,0.77,12.6,0,region8,me_charger_status_ev_per_charger_ratio
급속_대당,전기차 1대당 급속충전기 수,2026-03,2026,3,인천,0.33,5.4,0,region8,me_charger_status_ev_per_charger_ratio
급속_대당,전기차 1대당 급속충전기 수,2026-03,2026,3,강원,1.38,22.7,0,region8,me_charger_status_ev_per_charger_ratio
급속_대당,전기차 1대당 급속충전기 수,2026-03,2026,3,충청,0.85,14.0,0,region8,me_charger_status_ev_per_charger_ratio
급속_대당,전기차 1대당 급속충전기 수,2026-03,2026,3,전라,0.93,15.3,0,region8,me_charger_status_ev_per_charger_ratio
급속_대당,전기차 1대당 급속충전기 수,2026-03,2026,3,경상,0.71,11.7,0,region8,me_charger_status_ev_per_charger_ratio
급속_대당,전기차 1대당 급속충전기 수,2026-03,2026,3,제주,0.48,7.9,0,region8,me_charger_status_ev_per_charger_ratio
급속_대당,전기차 1대당 급속충전기 수,2026-03,2026,3,평균,0.76,,1,average8,me_charger_status_ev_per_charger_ratio
급속_대당,전기차 1대당 급속충전기 수,2026-04,2026,4,서울,0.65,10.7,0,region8,me_charger_status_ev_per_charger_ratio
급속_대당,전기차 1대당 급속충전기 수,2026-04,2026,4,경기,0.77,12.6,0,region8,me_charger_status_ev_per_charger_ratio
급속_대당,전기차 1대당 급속충전기 수,2026-04,2026,4,인천,0.33,5.4,0,region8,me_charger_status_ev_per_charger_ratio
급속_대당,전기차 1대당 급속충전기 수,2026-04,2026,4,강원,1.38,22.7,0,region8,me_charger_status_ev_per_charger_ratio
급속_대당,전기차 1대당 급속충전기 수,2026-04,2026,4,충청,0.85,14.0,0,region8,me_charger_status_ev_per_charger_ratio
급속_대당,전기차 1대당 급속충전기 수,2026-04,2026,4,전라,0.93,15.3,0,region8,me_charger_status_ev_per_charger_ratio
급속_대당,전기차 1대당 급속충전기 수,2026-04,2026,4,경상,0.71,11.7,0,region8,me_charger_status_ev_per_charger_ratio
급속_대당,전기차 1대당 급속충전기 수,2026-04,2026,4,제주,0.47,7.7,0,region8,me_charger_status_ev_per_charger_ratio
급속_대당,전기차 1대당 급속충전기 수,2026-04,2026,4,평균,0.76,,1,average8,me_charger_status_ev_per_charger_ratio
완속_대당,전기차 1대당 완속충전기 수,2024-01,2024,1,서울,5.27,18.8,0,region8,me_charger_status_ev_per_charger_ratio
완속_대당,전기차 1대당 완속충전기 수,2024-01,2024,1,경기,4.51,16.1,0,region8,me_charger_status_ev_per_charger_ratio
완속_대당,전기차 1대당 완속충전기 수,2024-01,2024,1,인천,2.09,7.5,0,region8,me_charger_status_ev_per_charger_ratio
완속_대당,전기차 1대당 완속충전기 수,2024-01,2024,1,강원,4.38,15.7,0,region8,me_charger_status_ev_per_charger_ratio
완속_대당,전기차 1대당 완속충전기 수,2024-01,2024,1,충청,3.75,13.4,0,region8,me_charger_status_ev_per_charger_ratio
완속_대당,전기차 1대당 완속충전기 수,2024-01,2024,1,전라,3.34,11.9,0,region8,me_charger_status_ev_per_charger_ratio
완속_대당,전기차 1대당 완속충전기 수,2024-01,2024,1,경상,3.44,12.3,0,region8,me_charger_status_ev_per_charger_ratio
완속_대당,전기차 1대당 완속충전기 수,2024-01,2024,1,제주,1.18,4.2,0,region8,me_charger_status_ev_per_charger_ratio
완속_대당,전기차 1대당 완속충전기 수,2024-01,2024,1,평균,3.49,,1,average8,me_charger_status_ev_per_charger_ratio
완속_대당,전기차 1대당 완속충전기 수,2024-02,2024,2,서울,5.4,18.8,0,region8,me_charger_status_ev_per_charger_ratio
완속_대당,전기차 1대당 완속충전기 수,2024-02,2024,2,경기,4.62,16.1,0,region8,me_charger_status_ev_per_charger_ratio
완속_대당,전기차 1대당 완속충전기 수,2024-02,2024,2,인천,2.14,7.5,0,region8,me_charger_status_ev_per_charger_ratio
완속_대당,전기차 1대당 완속충전기 수,2024-02,2024,2,강원,4.5,15.7,0,region8,me_charger_status_ev_per_charger_ratio
완속_대당,전기차 1대당 완속충전기 수,2024-02,2024,2,충청,3.9,13.6,0,region8,me_charger_status_ev_per_charger_ratio
완속_대당,전기차 1대당 완속충전기 수,2024-02,2024,2,전라,3.44,12.0,0,region8,me_charger_status_ev_per_charger_ratio
완속_대당,전기차 1대당 완속충전기 수,2024-02,2024,2,경상,3.51,12.2,0,region8,me_charger_status_ev_per_charger_ratio
완속_대당,전기차 1대당 완속충전기 수,2024-02,2024,2,제주,1.19,4.1,0,region8,me_charger_status_ev_per_charger_ratio
완속_대당,전기차 1대당 완속충전기 수,2024-02,2024,2,평균,3.58,,1,average8,me_charger_status_ev_per_charger_ratio
완속_대당,전기차 1대당 완속충전기 수,2024-03,2024,3,서울,7.44,16.3,0,region8,me_charger_status_ev_per_charger_ratio
완속_대당,전기차 1대당 완속충전기 수,2024-03,2024,3,경기,8.18,17.9,0,region8,me_charger_status_ev_per_charger_ratio
완속_대당,전기차 1대당 완속충전기 수,2024-03,2024,3,인천,4.4,9.6,0,region8,me_charger_status_ev_per_charger_ratio
완속_대당,전기차 1대당 완속충전기 수,2024-03,2024,3,강원,6.46,14.2,0,region8,me_charger_status_ev_per_charger_ratio
완속_대당,전기차 1대당 완속충전기 수,2024-03,2024,3,충청,6.06,13.3,0,region8,me_charger_status_ev_per_charger_ratio
완속_대당,전기차 1대당 완속충전기 수,2024-03,2024,3,전라,5.55,12.2,0,region8,me_charger_status_ev_per_charger_ratio
완속_대당,전기차 1대당 완속충전기 수,2024-03,2024,3,경상,5.7,12.5,0,region8,me_charger_status_ev_per_charger_ratio
완속_대당,전기차 1대당 완속충전기 수,2024-03,2024,3,제주,1.82,4.0,0,region8,me_charger_status_ev_per_charger_ratio
완속_대당,전기차 1대당 완속충전기 수,2024-03,2024,3,평균,5.7,,1,average8,me_charger_status_ev_per_charger_ratio
완속_대당,전기차 1대당 완속충전기 수,2024-04,2024,4,서울,7.61,16.4,0,region8,me_charger_status_ev_per_charger_ratio
완속_대당,전기차 1대당 완속충전기 수,2024-04,2024,4,경기,8.37,18.0,0,region8,me_charger_status_ev_per_charger_ratio
완속_대당,전기차 1대당 완속충전기 수,2024-04,2024,4,인천,4.49,9.7,0,region8,me_charger_status_ev_per_charger_ratio
완속_대당,전기차 1대당 완속충전기 수,2024-04,2024,4,강원,6.56,14.1,0,region8,me_charger_status_ev_per_charger_ratio
완속_대당,전기차 1대당 완속충전기 수,2024-04,2024,4,충청,6.12,13.2,0,region8,me_charger_status_ev_per_charger_ratio
완속_대당,전기차 1대당 완속충전기 수,2024-04,2024,4,전라,5.69,12.2,0,region8,me_charger_status_ev_per_charger_ratio
완속_대당,전기차 1대당 완속충전기 수,2024-04,2024,4,경상,5.81,12.5,0,region8,me_charger_status_ev_per_charger_ratio
완속_대당,전기차 1대당 완속충전기 수,2024-04,2024,4,제주,1.82,3.9,0,region8,me_charger_status_ev_per_charger_ratio
완속_대당,전기차 1대당 완속충전기 수,2024-04,2024,4,평균,5.8,,1,average8,me_charger_status_ev_per_charger_ratio
완속_대당,전기차 1대당 완속충전기 수,2024-05,2024,5,서울,7.59,16.4,0,region8,me_charger_status_ev_per_charger_ratio
완속_대당,전기차 1대당 완속충전기 수,2024-05,2024,5,경기,8.34,18.0,0,region8,me_charger_status_ev_per_charger_ratio
완속_대당,전기차 1대당 완속충전기 수,2024-05,2024,5,인천,4.39,9.5,0,region8,me_charger_status_ev_per_charger_ratio
완속_대당,전기차 1대당 완속충전기 수,2024-05,2024,5,강원,6.61,14.2,0,region8,me_charger_status_ev_per_charger_ratio
완속_대당,전기차 1대당 완속충전기 수,2024-05,2024,5,충청,6.17,13.3,0,region8,me_charger_status_ev_per_charger_ratio
완속_대당,전기차 1대당 완속충전기 수,2024-05,2024,5,전라,5.73,12.3,0,region8,me_charger_status_ev_per_charger_ratio
완속_대당,전기차 1대당 완속충전기 수,2024-05,2024,5,경상,5.79,12.5,0,region8,me_charger_status_ev_per_charger_ratio
완속_대당,전기차 1대당 완속충전기 수,2024-05,2024,5,제주,1.79,3.9,0,region8,me_charger_status_ev_per_charger_ratio
완속_대당,전기차 1대당 완속충전기 수,2024-05,2024,5,평균,5.8,,1,average8,me_charger_status_ev_per_charger_ratio
완속_대당,전기차 1대당 완속충전기 수,2024-06,2024,6,서울,7.53,16.3,0,region8,me_charger_status_ev_per_charger_ratio
완속_대당,전기차 1대당 완속충전기 수,2024-06,2024,6,경기,8.29,18.0,0,region8,me_charger_status_ev_per_charger_ratio
완속_대당,전기차 1대당 완속충전기 수,2024-06,2024,6,인천,4.33,9.4,0,region8,me_charger_status_ev_per_charger_ratio
완속_대당,전기차 1대당 완속충전기 수,2024-06,2024,6,강원,6.63,14.4,0,region8,me_charger_status_ev_per_charger_ratio
완속_대당,전기차 1대당 완속충전기 수,2024-06,2024,6,충청,6.1,13.2,0,region8,me_charger_status_ev_per_charger_ratio
완속_대당,전기차 1대당 완속충전기 수,2024-06,2024,6,전라,5.71,12.4,0,region8,me_charger_status_ev_per_charger_ratio
완속_대당,전기차 1대당 완속충전기 수,2024-06,2024,6,경상,5.76,12.5,0,region8,me_charger_status_ev_per_charger_ratio
완속_대당,전기차 1대당 완속충전기 수,2024-06,2024,6,제주,1.74,3.8,0,region8,me_charger_status_ev_per_charger_ratio
완속_대당,전기차 1대당 완속충전기 수,2024-06,2024,6,평균,5.76,,1,average8,me_charger_status_ev_per_charger_ratio
완속_대당,전기차 1대당 완속충전기 수,2024-07,2024,7,서울,7.49,16.4,0,region8,me_charger_status_ev_per_charger_ratio
완속_대당,전기차 1대당 완속충전기 수,2024-07,2024,7,경기,8.17,17.9,0,region8,me_charger_status_ev_per_charger_ratio
완속_대당,전기차 1대당 완속충전기 수,2024-07,2024,7,인천,4.23,9.3,0,region8,me_charger_status_ev_per_charger_ratio
완속_대당,전기차 1대당 완속충전기 수,2024-07,2024,7,강원,6.65,14.6,0,region8,me_charger_status_ev_per_charger_ratio
완속_대당,전기차 1대당 완속충전기 수,2024-07,2024,7,충청,6.04,13.2,0,region8,me_charger_status_ev_per_charger_ratio
완속_대당,전기차 1대당 완속충전기 수,2024-07,2024,7,전라,5.65,12.4,0,region8,me_charger_status_ev_per_charger_ratio
완속_대당,전기차 1대당 완속충전기 수,2024-07,2024,7,경상,5.74,12.6,0,region8,me_charger_status_ev_per_charger_ratio
완속_대당,전기차 1대당 완속충전기 수,2024-07,2024,7,제주,1.72,3.8,0,region8,me_charger_status_ev_per_charger_ratio
완속_대당,전기차 1대당 완속충전기 수,2024-07,2024,7,평균,5.71,,1,average8,me_charger_status_ev_per_charger_ratio
완속_대당,전기차 1대당 완속충전기 수,2024-08,2024,8,서울,7.51,16.5,0,region8,me_charger_status_ev_per_charger_ratio
완속_대당,전기차 1대당 완속충전기 수,2024-08,2024,8,경기,8.1,17.8,0,region8,me_charger_status_ev_per_charger_ratio
완속_대당,전기차 1대당 완속충전기 수,2024-08,2024,8,인천,4.18,9.2,0,region8,me_charger_status_ev_per_charger_ratio
완속_대당,전기차 1대당 완속충전기 수,2024-08,2024,8,강원,6.67,14.6,0,region8,me_charger_status_ev_per_charger_ratio
완속_대당,전기차 1대당 완속충전기 수,2024-08,2024,8,충청,6.0,13.2,0,region8,me_charger_status_ev_per_charger_ratio
완속_대당,전기차 1대당 완속충전기 수,2024-08,2024,8,전라,5.66,12.4,0,region8,me_charger_status_ev_per_charger_ratio
완속_대당,전기차 1대당 완속충전기 수,2024-08,2024,8,경상,5.73,12.6,0,region8,me_charger_status_ev_per_charger_ratio
완속_대당,전기차 1대당 완속충전기 수,2024-08,2024,8,제주,1.69,3.7,0,region8,me_charger_status_ev_per_charger_ratio
완속_대당,전기차 1대당 완속충전기 수,2024-08,2024,8,평균,5.69,,1,average8,me_charger_status_ev_per_charger_ratio
완속_대당,전기차 1대당 완속충전기 수,2024-09,2024,9,서울,7.54,16.6,0,region8,me_charger_status_ev_per_charger_ratio
완속_대당,전기차 1대당 완속충전기 수,2024-09,2024,9,경기,8.12,17.9,0,region8,me_charger_status_ev_per_charger_ratio
완속_대당,전기차 1대당 완속충전기 수,2024-09,2024,9,인천,4.14,9.1,0,region8,me_charger_status_ev_per_charger_ratio
완속_대당,전기차 1대당 완속충전기 수,2024-09,2024,9,강원,6.65,14.6,0,region8,me_charger_status_ev_per_charger_ratio
완속_대당,전기차 1대당 완속충전기 수,2024-09,2024,9,충청,5.95,13.1,0,region8,me_charger_status_ev_per_charger_ratio
완속_대당,전기차 1대당 완속충전기 수,2024-09,2024,9,전라,5.64,12.4,0,region8,me_charger_status_ev_per_charger_ratio
완속_대당,전기차 1대당 완속충전기 수,2024-09,2024,9,경상,5.69,12.5,0,region8,me_charger_status_ev_per_charger_ratio
완속_대당,전기차 1대당 완속충전기 수,2024-09,2024,9,제주,1.69,3.7,0,region8,me_charger_status_ev_per_charger_ratio
완속_대당,전기차 1대당 완속충전기 수,2024-09,2024,9,평균,5.67,,1,average8,me_charger_status_ev_per_charger_ratio
완속_대당,전기차 1대당 완속충전기 수,2024-10,2024,10,서울,7.63,16.8,0,region8,me_charger_status_ev_per_charger_ratio
완속_대당,전기차 1대당 완속충전기 수,2024-10,2024,10,경기,8.16,17.9,0,region8,me_charger_status_ev_per_charger_ratio
완속_대당,전기차 1대당 완속충전기 수,2024-10,2024,10,인천,4.12,9.1,0,region8,me_charger_status_ev_per_charger_ratio
완속_대당,전기차 1대당 완속충전기 수,2024-10,2024,10,강원,6.65,14.6,0,region8,me_charger_status_ev_per_charger_ratio
완속_대당,전기차 1대당 완속충전기 수,2024-10,2024,10,충청,5.91,13.0,0,region8,me_charger_status_ev_per_charger_ratio
완속_대당,전기차 1대당 완속충전기 수,2024-10,2024,10,전라,5.66,12.4,0,region8,me_charger_status_ev_per_charger_ratio
완속_대당,전기차 1대당 완속충전기 수,2024-10,2024,10,경상,5.7,12.5,0,region8,me_charger_status_ev_per_charger_ratio
완속_대당,전기차 1대당 완속충전기 수,2024-10,2024,10,제주,1.65,3.6,0,region8,me_charger_status_ev_per_charger_ratio
완속_대당,전기차 1대당 완속충전기 수,2024-10,2024,10,평균,5.68,,1,average8,me_charger_status_ev_per_charger_ratio
완속_대당,전기차 1대당 완속충전기 수,2024-11,2024,11,서울,7.6,16.7,0,region8,me_charger_status_ev_per_charger_ratio
완속_대당,전기차 1대당 완속충전기 수,2024-11,2024,11,경기,8.11,17.9,0,region8,me_charger_status_ev_per_charger_ratio
완속_대당,전기차 1대당 완속충전기 수,2024-11,2024,11,인천,4.11,9.1,0,region8,me_charger_status_ev_per_charger_ratio
완속_대당,전기차 1대당 완속충전기 수,2024-11,2024,11,강원,6.7,14.8,0,region8,me_charger_status_ev_per_charger_ratio
완속_대당,전기차 1대당 완속충전기 수,2024-11,2024,11,충청,5.95,13.1,0,region8,me_charger_status_ev_per_charger_ratio
완속_대당,전기차 1대당 완속충전기 수,2024-11,2024,11,전라,5.67,12.5,0,region8,me_charger_status_ev_per_charger_ratio
완속_대당,전기차 1대당 완속충전기 수,2024-11,2024,11,경상,5.66,12.5,0,region8,me_charger_status_ev_per_charger_ratio
완속_대당,전기차 1대당 완속충전기 수,2024-11,2024,11,제주,1.61,3.5,0,region8,me_charger_status_ev_per_charger_ratio
완속_대당,전기차 1대당 완속충전기 수,2024-11,2024,11,평균,5.67,,1,average8,me_charger_status_ev_per_charger_ratio
완속_대당,전기차 1대당 완속충전기 수,2024-12,2024,12,서울,7.56,16.4,0,region8,me_charger_status_ev_per_charger_ratio
완속_대당,전기차 1대당 완속충전기 수,2024-12,2024,12,경기,8.21,17.8,0,region8,me_charger_status_ev_per_charger_ratio
완속_대당,전기차 1대당 완속충전기 수,2024-12,2024,12,인천,4.22,9.2,0,region8,me_charger_status_ev_per_charger_ratio
완속_대당,전기차 1대당 완속충전기 수,2024-12,2024,12,강원,6.77,14.7,0,region8,me_charger_status_ev_per_charger_ratio
완속_대당,전기차 1대당 완속충전기 수,2024-12,2024,12,충청,6.13,13.3,0,region8,me_charger_status_ev_per_charger_ratio
완속_대당,전기차 1대당 완속충전기 수,2024-12,2024,12,전라,5.72,12.4,0,region8,me_charger_status_ev_per_charger_ratio
완속_대당,전기차 1대당 완속충전기 수,2024-12,2024,12,경상,5.79,12.6,0,region8,me_charger_status_ev_per_charger_ratio
완속_대당,전기차 1대당 완속충전기 수,2024-12,2024,12,제주,1.6,3.5,0,region8,me_charger_status_ev_per_charger_ratio
완속_대당,전기차 1대당 완속충전기 수,2024-12,2024,12,평균,5.75,,1,average8,me_charger_status_ev_per_charger_ratio
완속_대당,전기차 1대당 완속충전기 수,2025-01,2025,1,서울,7.78,16.5,0,region8,me_charger_status_ev_per_charger_ratio
완속_대당,전기차 1대당 완속충전기 수,2025-01,2025,1,경기,8.47,18.0,0,region8,me_charger_status_ev_per_charger_ratio
완속_대당,전기차 1대당 완속충전기 수,2025-01,2025,1,인천,4.35,9.2,0,region8,me_charger_status_ev_per_charger_ratio
완속_대당,전기차 1대당 완속충전기 수,2025-01,2025,1,강원,6.86,14.6,0,region8,me_charger_status_ev_per_charger_ratio
완속_대당,전기차 1대당 완속충전기 수,2025-01,2025,1,충청,6.31,13.4,0,region8,me_charger_status_ev_per_charger_ratio
완속_대당,전기차 1대당 완속충전기 수,2025-01,2025,1,전라,5.83,12.4,0,region8,me_charger_status_ev_per_charger_ratio
완속_대당,전기차 1대당 완속충전기 수,2025-01,2025,1,경상,5.92,12.6,0,region8,me_charger_status_ev_per_charger_ratio
완속_대당,전기차 1대당 완속충전기 수,2025-01,2025,1,제주,1.56,3.3,0,region8,me_charger_status_ev_per_charger_ratio
완속_대당,전기차 1대당 완속충전기 수,2025-01,2025,1,평균,5.88,,1,average8,me_charger_status_ev_per_charger_ratio
완속_대당,전기차 1대당 완속충전기 수,2025-02,2025,2,서울,7.64,16.4,0,region8,me_charger_status_ev_per_charger_ratio
완속_대당,전기차 1대당 완속충전기 수,2025-02,2025,2,경기,8.39,18.0,0,region8,me_charger_status_ev_per_charger_ratio
완속_대당,전기차 1대당 완속충전기 수,2025-02,2025,2,인천,4.33,9.3,0,region8,me_charger_status_ev_per_charger_ratio
완속_대당,전기차 1대당 완속충전기 수,2025-02,2025,2,강원,6.87,14.7,0,region8,me_charger_status_ev_per_charger_ratio
완속_대당,전기차 1대당 완속충전기 수,2025-02,2025,2,충청,6.24,13.4,0,region8,me_charger_status_ev_per_charger_ratio
완속_대당,전기차 1대당 완속충전기 수,2025-02,2025,2,전라,5.77,12.4,0,region8,me_charger_status_ev_per_charger_ratio
완속_대당,전기차 1대당 완속충전기 수,2025-02,2025,2,경상,5.81,12.5,0,region8,me_charger_status_ev_per_charger_ratio
완속_대당,전기차 1대당 완속충전기 수,2025-02,2025,2,제주,1.55,3.3,0,region8,me_charger_status_ev_per_charger_ratio
완속_대당,전기차 1대당 완속충전기 수,2025-02,2025,2,평균,5.82,,1,average8,me_charger_status_ev_per_charger_ratio
완속_대당,전기차 1대당 완속충전기 수,2025-03,2025,3,서울,7.66,16.5,0,region8,me_charger_status_ev_per_charger_ratio
완속_대당,전기차 1대당 완속충전기 수,2025-03,2025,3,경기,8.38,18.1,0,region8,me_charger_status_ev_per_charger_ratio
완속_대당,전기차 1대당 완속충전기 수,2025-03,2025,3,인천,4.26,9.2,0,region8,me_charger_status_ev_per_charger_ratio
완속_대당,전기차 1대당 완속충전기 수,2025-03,2025,3,강원,6.89,14.8,0,region8,me_charger_status_ev_per_charger_ratio
완속_대당,전기차 1대당 완속충전기 수,2025-03,2025,3,충청,6.15,13.3,0,region8,me_charger_status_ev_per_charger_ratio
완속_대당,전기차 1대당 완속충전기 수,2025-03,2025,3,전라,5.74,12.4,0,region8,me_charger_status_ev_per_charger_ratio
완속_대당,전기차 1대당 완속충전기 수,2025-03,2025,3,경상,5.8,12.5,0,region8,me_charger_status_ev_per_charger_ratio
완속_대당,전기차 1대당 완속충전기 수,2025-03,2025,3,제주,1.52,3.3,0,region8,me_charger_status_ev_per_charger_ratio
완속_대당,전기차 1대당 완속충전기 수,2025-03,2025,3,평균,5.8,,1,average8,me_charger_status_ev_per_charger_ratio
완속_대당,전기차 1대당 완속충전기 수,2025-04,2025,4,서울,7.58,16.7,0,region8,me_charger_status_ev_per_charger_ratio
완속_대당,전기차 1대당 완속충전기 수,2025-04,2025,4,경기,8.17,18.0,0,region8,me_charger_status_ev_per_charger_ratio
완속_대당,전기차 1대당 완속충전기 수,2025-04,2025,4,인천,4.07,9.0,0,region8,me_charger_status_ev_per_charger_ratio
완속_대당,전기차 1대당 완속충전기 수,2025-04,2025,4,강원,6.78,14.9,0,region8,me_charger_status_ev_per_charger_ratio
완속_대당,전기차 1대당 완속충전기 수,2025-04,2025,4,충청,6.04,13.3,0,region8,me_charger_status_ev_per_charger_ratio
완속_대당,전기차 1대당 완속충전기 수,2025-04,2025,4,전라,5.62,12.4,0,region8,me_charger_status_ev_per_charger_ratio
완속_대당,전기차 1대당 완속충전기 수,2025-04,2025,4,경상,5.69,12.5,0,region8,me_charger_status_ev_per_charger_ratio
완속_대당,전기차 1대당 완속충전기 수,2025-04,2025,4,제주,1.49,3.3,0,region8,me_charger_status_ev_per_charger_ratio
완속_대당,전기차 1대당 완속충전기 수,2025-04,2025,4,평균,5.68,,1,average8,me_charger_status_ev_per_charger_ratio
완속_대당,전기차 1대당 완속충전기 수,2025-08,2025,8,서울,7.25,16.8,0,region8,me_charger_status_ev_per_charger_ratio
완속_대당,전기차 1대당 완속충전기 수,2025-08,2025,8,경기,7.67,17.8,0,region8,me_charger_status_ev_per_charger_ratio
완속_대당,전기차 1대당 완속충전기 수,2025-08,2025,8,인천,3.64,8.5,0,region8,me_charger_status_ev_per_charger_ratio
완속_대당,전기차 1대당 완속충전기 수,2025-08,2025,8,강원,6.52,15.1,0,region8,me_charger_status_ev_per_charger_ratio
완속_대당,전기차 1대당 완속충전기 수,2025-08,2025,8,충청,5.75,13.4,0,region8,me_charger_status_ev_per_charger_ratio
완속_대당,전기차 1대당 완속충전기 수,2025-08,2025,8,전라,5.38,12.5,0,region8,me_charger_status_ev_per_charger_ratio
완속_대당,전기차 1대당 완속충전기 수,2025-08,2025,8,경상,5.48,12.7,0,region8,me_charger_status_ev_per_charger_ratio
완속_대당,전기차 1대당 완속충전기 수,2025-08,2025,8,제주,1.35,3.1,0,region8,me_charger_status_ev_per_charger_ratio
완속_대당,전기차 1대당 완속충전기 수,2025-08,2025,8,평균,5.38,,1,average8,me_charger_status_ev_per_charger_ratio
완속_대당,전기차 1대당 완속충전기 수,2025-12,2025,12,서울,7.23,17.0,0,region8,me_charger_status_ev_per_charger_ratio
완속_대당,전기차 1대당 완속충전기 수,2025-12,2025,12,경기,7.54,17.8,0,region8,me_charger_status_ev_per_charger_ratio
완속_대당,전기차 1대당 완속충전기 수,2025-12,2025,12,인천,3.66,8.6,0,region8,me_charger_status_ev_per_charger_ratio
완속_대당,전기차 1대당 완속충전기 수,2025-12,2025,12,강원,6.39,15.0,0,region8,me_charger_status_ev_per_charger_ratio
완속_대당,전기차 1대당 완속충전기 수,2025-12,2025,12,충청,5.79,13.6,0,region8,me_charger_status_ev_per_charger_ratio
완속_대당,전기차 1대당 완속충전기 수,2025-12,2025,12,전라,5.26,12.4,0,region8,me_charger_status_ev_per_charger_ratio
완속_대당,전기차 1대당 완속충전기 수,2025-12,2025,12,경상,5.33,12.6,0,region8,me_charger_status_ev_per_charger_ratio
완속_대당,전기차 1대당 완속충전기 수,2025-12,2025,12,제주,1.27,3.0,0,region8,me_charger_status_ev_per_charger_ratio
완속_대당,전기차 1대당 완속충전기 수,2025-12,2025,12,평균,5.3,,1,average8,me_charger_status_ev_per_charger_ratio
완속_대당,전기차 1대당 완속충전기 수,2026-01,2026,1,서울,7.34,17.0,0,region8,me_charger_status_ev_per_charger_ratio
완속_대당,전기차 1대당 완속충전기 수,2026-01,2026,1,경기,7.7,17.8,0,region8,me_charger_status_ev_per_charger_ratio
완속_대당,전기차 1대당 완속충전기 수,2026-01,2026,1,인천,3.78,8.7,0,region8,me_charger_status_ev_per_charger_ratio
완속_대당,전기차 1대당 완속충전기 수,2026-01,2026,1,강원,6.52,15.1,0,region8,me_charger_status_ev_per_charger_ratio
완속_대당,전기차 1대당 완속충전기 수,2026-01,2026,1,충청,5.87,13.6,0,region8,me_charger_status_ev_per_charger_ratio
완속_대당,전기차 1대당 완속충전기 수,2026-01,2026,1,전라,5.36,12.4,0,region8,me_charger_status_ev_per_charger_ratio
완속_대당,전기차 1대당 완속충전기 수,2026-01,2026,1,경상,5.46,12.6,0,region8,me_charger_status_ev_per_charger_ratio
완속_대당,전기차 1대당 완속충전기 수,2026-01,2026,1,제주,1.27,2.9,0,region8,me_charger_status_ev_per_charger_ratio
완속_대당,전기차 1대당 완속충전기 수,2026-01,2026,1,평균,5.41,,1,average8,me_charger_status_ev_per_charger_ratio
완속_대당,전기차 1대당 완속충전기 수,2026-02,2026,2,서울,7.54,17.0,0,region8,me_charger_status_ev_per_charger_ratio
완속_대당,전기차 1대당 완속충전기 수,2026-02,2026,2,경기,7.89,17.8,0,region8,me_charger_status_ev_per_charger_ratio
완속_대당,전기차 1대당 완속충전기 수,2026-02,2026,2,인천,3.91,8.8,0,region8,me_charger_status_ev_per_charger_ratio
완속_대당,전기차 1대당 완속충전기 수,2026-02,2026,2,강원,6.62,14.9,0,region8,me_charger_status_ev_per_charger_ratio
완속_대당,전기차 1대당 완속충전기 수,2026-02,2026,2,충청,5.98,13.5,0,region8,me_charger_status_ev_per_charger_ratio
완속_대당,전기차 1대당 완속충전기 수,2026-02,2026,2,전라,5.48,12.4,0,region8,me_charger_status_ev_per_charger_ratio
완속_대당,전기차 1대당 완속충전기 수,2026-02,2026,2,경상,5.59,12.6,0,region8,me_charger_status_ev_per_charger_ratio
완속_대당,전기차 1대당 완속충전기 수,2026-02,2026,2,제주,1.28,2.9,0,region8,me_charger_status_ev_per_charger_ratio
완속_대당,전기차 1대당 완속충전기 수,2026-02,2026,2,평균,5.53,,1,average8,me_charger_status_ev_per_charger_ratio
완속_대당,전기차 1대당 완속충전기 수,2026-03,2026,3,서울,7.7,17.0,0,region8,me_charger_status_ev_per_charger_ratio
완속_대당,전기차 1대당 완속충전기 수,2026-03,2026,3,경기,8.08,17.9,0,region8,me_charger_status_ev_per_charger_ratio
완속_대당,전기차 1대당 완속충전기 수,2026-03,2026,3,인천,4.04,8.9,0,region8,me_charger_status_ev_per_charger_ratio
완속_대당,전기차 1대당 완속충전기 수,2026-03,2026,3,강원,6.75,14.9,0,region8,me_charger_status_ev_per_charger_ratio
완속_대당,전기차 1대당 완속충전기 수,2026-03,2026,3,충청,6.07,13.4,0,region8,me_charger_status_ev_per_charger_ratio
완속_대당,전기차 1대당 완속충전기 수,2026-03,2026,3,전라,5.61,12.4,0,region8,me_charger_status_ev_per_charger_ratio
완속_대당,전기차 1대당 완속충전기 수,2026-03,2026,3,경상,5.71,12.6,0,region8,me_charger_status_ev_per_charger_ratio
완속_대당,전기차 1대당 완속충전기 수,2026-03,2026,3,제주,1.3,2.9,0,region8,me_charger_status_ev_per_charger_ratio
완속_대당,전기차 1대당 완속충전기 수,2026-03,2026,3,평균,5.65,,1,average8,me_charger_status_ev_per_charger_ratio
완속_대당,전기차 1대당 완속충전기 수,2026-04,2026,4,서울,7.73,17.0,0,region8,me_charger_status_ev_per_charger_ratio
완속_대당,전기차 1대당 완속충전기 수,2026-04,2026,4,경기,8.12,17.9,0,region8,me_charger_status_ev_per_charger_ratio
완속_대당,전기차 1대당 완속충전기 수,2026-04,2026,4,인천,4.05,8.9,0,region8,me_charger_status_ev_per_charger_ratio
완속_대당,전기차 1대당 완속충전기 수,2026-04,2026,4,강원,6.8,15.0,0,region8,me_charger_status_ev_per_charger_ratio
완속_대당,전기차 1대당 완속충전기 수,2026-04,2026,4,충청,6.09,13.4,0,region8,me_charger_status_ev_per_charger_ratio
완속_대당,전기차 1대당 완속충전기 수,2026-04,2026,4,전라,5.63,12.4,0,region8,me_charger_status_ev_per_charger_ratio
완속_대당,전기차 1대당 완속충전기 수,2026-04,2026,4,경상,5.73,12.6,0,region8,me_charger_status_ev_per_charger_ratio
완속_대당,전기차 1대당 완속충전기 수,2026-04,2026,4,제주,1.29,2.8,0,region8,me_charger_status_ev_per_charger_ratio
완속_대당,전기차 1대당 완속충전기 수,2026-04,2026,4,평균,5.68,,1,average8,me_charger_status_ev_per_charger_ratio
합계_대당,전기차 1대당 충전기 수,2024-01,2024,1,서울,5.75,17.9,0,region8,me_charger_status_ev_per_charger_ratio
합계_대당,전기차 1대당 충전기 수,2024-01,2024,1,경기,4.97,15.4,0,region8,me_charger_status_ev_per_charger_ratio
합계_대당,전기차 1대당 충전기 수,2024-01,2024,1,인천,2.28,7.1,0,region8,me_charger_status_ev_per_charger_ratio
합계_대당,전기차 1대당 충전기 수,2024-01,2024,1,강원,5.36,16.7,0,region8,me_charger_status_ev_per_charger_ratio
합계_대당,전기차 1대당 충전기 수,2024-01,2024,1,충청,4.31,13.4,0,region8,me_charger_status_ev_per_charger_ratio
합계_대당,전기차 1대당 충전기 수,2024-01,2024,1,전라,3.95,12.3,0,region8,me_charger_status_ev_per_charger_ratio
합계_대당,전기차 1대당 충전기 수,2024-01,2024,1,경상,3.94,12.2,0,region8,me_charger_status_ev_per_charger_ratio
합계_대당,전기차 1대당 충전기 수,2024-01,2024,1,제주,1.62,5.0,0,region8,me_charger_status_ev_per_charger_ratio
합계_대당,전기차 1대당 충전기 수,2024-01,2024,1,평균,4.02,,1,average8,me_charger_status_ev_per_charger_ratio
합계_대당,전기차 1대당 충전기 수,2024-02,2024,2,서울,5.89,17.8,0,region8,me_charger_status_ev_per_charger_ratio
합계_대당,전기차 1대당 충전기 수,2024-02,2024,2,경기,5.1,15.4,0,region8,me_charger_status_ev_per_charger_ratio
합계_대당,전기차 1대당 충전기 수,2024-02,2024,2,인천,2.34,7.1,0,region8,me_charger_status_ev_per_charger_ratio
합계_대당,전기차 1대당 충전기 수,2024-02,2024,2,강원,5.5,16.6,0,region8,me_charger_status_ev_per_charger_ratio
합계_대당,전기차 1대당 충전기 수,2024-02,2024,2,충청,4.48,13.6,0,region8,me_charger_status_ev_per_charger_ratio
합계_대당,전기차 1대당 충전기 수,2024-02,2024,2,전라,4.07,12.3,0,region8,me_charger_status_ev_per_charger_ratio
합계_대당,전기차 1대당 충전기 수,2024-02,2024,2,경상,4.03,12.2,0,region8,me_charger_status_ev_per_charger_ratio
합계_대당,전기차 1대당 충전기 수,2024-02,2024,2,제주,1.63,4.9,0,region8,me_charger_status_ev_per_charger_ratio
합계_대당,전기차 1대당 충전기 수,2024-02,2024,2,평균,4.13,,1,average8,me_charger_status_ev_per_charger_ratio
합계_대당,전기차 1대당 충전기 수,2024-03,2024,3,서울,8.1,15.5,0,region8,me_charger_status_ev_per_charger_ratio
합계_대당,전기차 1대당 충전기 수,2024-03,2024,3,경기,9.0,17.2,0,region8,me_charger_status_ev_per_charger_ratio
합계_대당,전기차 1대당 충전기 수,2024-03,2024,3,인천,4.78,9.1,0,region8,me_charger_status_ev_per_charger_ratio
합계_대당,전기차 1대당 충전기 수,2024-03,2024,3,강원,7.85,15.0,0,region8,me_charger_status_ev_per_charger_ratio
합계_대당,전기차 1대당 충전기 수,2024-03,2024,3,충청,6.95,13.3,0,region8,me_charger_status_ev_per_charger_ratio
합계_대당,전기차 1대당 충전기 수,2024-03,2024,3,전라,6.59,12.6,0,region8,me_charger_status_ev_per_charger_ratio
합계_대당,전기차 1대당 충전기 수,2024-03,2024,3,경상,6.54,12.5,0,region8,me_charger_status_ev_per_charger_ratio
합계_대당,전기차 1대당 충전기 수,2024-03,2024,3,제주,2.5,4.8,0,region8,me_charger_status_ev_per_charger_ratio
합계_대당,전기차 1대당 충전기 수,2024-03,2024,3,평균,6.53,,1,average8,me_charger_status_ev_per_charger_ratio
합계_대당,전기차 1대당 충전기 수,2024-04,2024,4,서울,8.28,15.6,0,region8,me_charger_status_ev_per_charger_ratio
합계_대당,전기차 1대당 충전기 수,2024-04,2024,4,경기,9.2,17.3,0,region8,me_charger_status_ev_per_charger_ratio
합계_대당,전기차 1대당 충전기 수,2024-04,2024,4,인천,4.87,9.2,0,region8,me_charger_status_ev_per_charger_ratio
합계_대당,전기차 1대당 충전기 수,2024-04,2024,4,강원,7.96,15.0,0,region8,me_charger_status_ev_per_charger_ratio
합계_대당,전기차 1대당 충전기 수,2024-04,2024,4,충청,7.02,13.2,0,region8,me_charger_status_ev_per_charger_ratio
합계_대당,전기차 1대당 충전기 수,2024-04,2024,4,전라,6.72,12.6,0,region8,me_charger_status_ev_per_charger_ratio
합계_대당,전기차 1대당 충전기 수,2024-04,2024,4,경상,6.65,12.5,0,region8,me_charger_status_ev_per_charger_ratio
합계_대당,전기차 1대당 충전기 수,2024-04,2024,4,제주,2.5,4.7,0,region8,me_charger_status_ev_per_charger_ratio
합계_대당,전기차 1대당 충전기 수,2024-04,2024,4,평균,6.65,,1,average8,me_charger_status_ev_per_charger_ratio
합계_대당,전기차 1대당 충전기 수,2024-05,2024,5,서울,8.28,15.5,0,region8,me_charger_status_ev_per_charger_ratio
합계_대당,전기차 1대당 충전기 수,2024-05,2024,5,경기,9.21,17.3,0,region8,me_charger_status_ev_per_charger_ratio
합계_대당,전기차 1대당 충전기 수,2024-05,2024,5,인천,4.78,9.0,0,region8,me_charger_status_ev_per_charger_ratio
합계_대당,전기차 1대당 충전기 수,2024-05,2024,5,강원,8.02,15.0,0,region8,me_charger_status_ev_per_charger_ratio
합계_대당,전기차 1대당 충전기 수,2024-05,2024,5,충청,7.11,13.3,0,region8,me_charger_status_ev_per_charger_ratio
합계_대당,전기차 1대당 충전기 수,2024-05,2024,5,전라,6.79,12.7,0,region8,me_charger_status_ev_per_charger_ratio
합계_대당,전기차 1대당 충전기 수,2024-05,2024,5,경상,6.63,12.4,0,region8,me_charger_status_ev_per_charger_ratio
합계_대당,전기차 1대당 충전기 수,2024-05,2024,5,제주,2.47,4.6,0,region8,me_charger_status_ev_per_charger_ratio
합계_대당,전기차 1대당 충전기 수,2024-05,2024,5,평균,6.66,,1,average8,me_charger_status_ev_per_charger_ratio
합계_대당,전기차 1대당 충전기 수,2024-06,2024,6,서울,8.2,15.5,0,region8,me_charger_status_ev_per_charger_ratio
합계_대당,전기차 1대당 충전기 수,2024-06,2024,6,경기,9.15,17.3,0,region8,me_charger_status_ev_per_charger_ratio
합계_대당,전기차 1대당 충전기 수,2024-06,2024,6,인천,4.72,8.9,0,region8,me_charger_status_ev_per_charger_ratio
합계_대당,전기차 1대당 충전기 수,2024-06,2024,6,강원,8.03,15.2,0,region8,me_charger_status_ev_per_charger_ratio
합계_대당,전기차 1대당 충전기 수,2024-06,2024,6,충청,7.02,13.3,0,region8,me_charger_status_ev_per_charger_ratio
합계_대당,전기차 1대당 충전기 수,2024-06,2024,6,전라,6.78,12.8,0,region8,me_charger_status_ev_per_charger_ratio
합계_대당,전기차 1대당 충전기 수,2024-06,2024,6,경상,6.6,12.5,0,region8,me_charger_status_ev_per_charger_ratio
합계_대당,전기차 1대당 충전기 수,2024-06,2024,6,제주,2.4,4.5,0,region8,me_charger_status_ev_per_charger_ratio
합계_대당,전기차 1대당 충전기 수,2024-06,2024,6,평균,6.61,,1,average8,me_charger_status_ev_per_charger_ratio
합계_대당,전기차 1대당 충전기 수,2024-07,2024,7,서울,8.16,15.5,0,region8,me_charger_status_ev_per_charger_ratio
합계_대당,전기차 1대당 충전기 수,2024-07,2024,7,경기,9.03,17.2,0,region8,me_charger_status_ev_per_charger_ratio
합계_대당,전기차 1대당 충전기 수,2024-07,2024,7,인천,4.62,8.8,0,region8,me_charger_status_ev_per_charger_ratio
합계_대당,전기차 1대당 충전기 수,2024-07,2024,7,강원,8.07,15.4,0,region8,me_charger_status_ev_per_charger_ratio
합계_대당,전기차 1대당 충전기 수,2024-07,2024,7,충청,6.97,13.3,0,region8,me_charger_status_ev_per_charger_ratio
합계_대당,전기차 1대당 충전기 수,2024-07,2024,7,전라,6.71,12.8,0,region8,me_charger_status_ev_per_charger_ratio
합계_대당,전기차 1대당 충전기 수,2024-07,2024,7,경상,6.58,12.5,0,region8,me_charger_status_ev_per_charger_ratio
합계_대당,전기차 1대당 충전기 수,2024-07,2024,7,제주,2.37,4.5,0,region8,me_charger_status_ev_per_charger_ratio
합계_대당,전기차 1대당 충전기 수,2024-07,2024,7,평균,6.56,,1,average8,me_charger_status_ev_per_charger_ratio
합계_대당,전기차 1대당 충전기 수,2024-08,2024,8,서울,8.18,15.6,0,region8,me_charger_status_ev_per_charger_ratio
합계_대당,전기차 1대당 충전기 수,2024-08,2024,8,경기,8.95,17.1,0,region8,me_charger_status_ev_per_charger_ratio
합계_대당,전기차 1대당 충전기 수,2024-08,2024,8,인천,4.57,8.7,0,region8,me_charger_status_ev_per_charger_ratio
합계_대당,전기차 1대당 충전기 수,2024-08,2024,8,강원,8.08,15.4,0,region8,me_charger_status_ev_per_charger_ratio
합계_대당,전기차 1대당 충전기 수,2024-08,2024,8,충청,6.92,13.2,0,region8,me_charger_status_ev_per_charger_ratio
합계_대당,전기차 1대당 충전기 수,2024-08,2024,8,전라,6.72,12.8,0,region8,me_charger_status_ev_per_charger_ratio
합계_대당,전기차 1대당 충전기 수,2024-08,2024,8,경상,6.59,12.6,0,region8,me_charger_status_ev_per_charger_ratio
합계_대당,전기차 1대당 충전기 수,2024-08,2024,8,제주,2.32,4.4,0,region8,me_charger_status_ev_per_charger_ratio
합계_대당,전기차 1대당 충전기 수,2024-08,2024,8,평균,6.54,,1,average8,me_charger_status_ev_per_charger_ratio
합계_대당,전기차 1대당 충전기 수,2024-09,2024,9,서울,8.21,15.8,0,region8,me_charger_status_ev_per_charger_ratio
합계_대당,전기차 1대당 충전기 수,2024-09,2024,9,경기,8.96,17.2,0,region8,me_charger_status_ev_per_charger_ratio
합계_대당,전기차 1대당 충전기 수,2024-09,2024,9,인천,4.52,8.7,0,region8,me_charger_status_ev_per_charger_ratio
합계_대당,전기차 1대당 충전기 수,2024-09,2024,9,강원,8.05,15.4,0,region8,me_charger_status_ev_per_charger_ratio
합계_대당,전기차 1대당 충전기 수,2024-09,2024,9,충청,6.86,13.2,0,region8,me_charger_status_ev_per_charger_ratio
합계_대당,전기차 1대당 충전기 수,2024-09,2024,9,전라,6.68,12.8,0,region8,me_charger_status_ev_per_charger_ratio
합계_대당,전기차 1대당 충전기 수,2024-09,2024,9,경상,6.53,12.5,0,region8,me_charger_status_ev_per_charger_ratio
합계_대당,전기차 1대당 충전기 수,2024-09,2024,9,제주,2.3,4.4,0,region8,me_charger_status_ev_per_charger_ratio
합계_대당,전기차 1대당 충전기 수,2024-09,2024,9,평균,6.51,,1,average8,me_charger_status_ev_per_charger_ratio
합계_대당,전기차 1대당 충전기 수,2024-10,2024,10,서울,8.26,15.9,0,region8,me_charger_status_ev_per_charger_ratio
합계_대당,전기차 1대당 충전기 수,2024-10,2024,10,경기,8.97,17.2,0,region8,me_charger_status_ev_per_charger_ratio
합계_대당,전기차 1대당 충전기 수,2024-10,2024,10,인천,4.5,8.6,0,region8,me_charger_status_ev_per_charger_ratio
합계_대당,전기차 1대당 충전기 수,2024-10,2024,10,강원,8.04,15.4,0,region8,me_charger_status_ev_per_charger_ratio
합계_대당,전기차 1대당 충전기 수,2024-10,2024,10,충청,6.83,13.1,0,region8,me_charger_status_ev_per_charger_ratio
합계_대당,전기차 1대당 충전기 수,2024-10,2024,10,전라,6.68,12.8,0,region8,me_charger_status_ev_per_charger_ratio
합계_대당,전기차 1대당 충전기 수,2024-10,2024,10,경상,6.53,12.5,0,region8,me_charger_status_ev_per_charger_ratio
합계_대당,전기차 1대당 충전기 수,2024-10,2024,10,제주,2.25,4.3,0,region8,me_charger_status_ev_per_charger_ratio
합계_대당,전기차 1대당 충전기 수,2024-10,2024,10,평균,6.5,,1,average8,me_charger_status_ev_per_charger_ratio
합계_대당,전기차 1대당 충전기 수,2024-11,2024,11,서울,8.23,15.9,0,region8,me_charger_status_ev_per_charger_ratio
합계_대당,전기차 1대당 충전기 수,2024-11,2024,11,경기,8.9,17.2,0,region8,me_charger_status_ev_per_charger_ratio
합계_대당,전기차 1대당 충전기 수,2024-11,2024,11,인천,4.48,8.6,0,region8,me_charger_status_ev_per_charger_ratio
합계_대당,전기차 1대당 충전기 수,2024-11,2024,11,강원,8.06,15.5,0,region8,me_charger_status_ev_per_charger_ratio
합계_대당,전기차 1대당 충전기 수,2024-11,2024,11,충청,6.86,13.2,0,region8,me_charger_status_ev_per_charger_ratio
합계_대당,전기차 1대당 충전기 수,2024-11,2024,11,전라,6.68,12.9,0,region8,me_charger_status_ev_per_charger_ratio
합계_대당,전기차 1대당 충전기 수,2024-11,2024,11,경상,6.49,12.5,0,region8,me_charger_status_ev_per_charger_ratio
합계_대당,전기차 1대당 충전기 수,2024-11,2024,11,제주,2.19,4.2,0,region8,me_charger_status_ev_per_charger_ratio
합계_대당,전기차 1대당 충전기 수,2024-11,2024,11,평균,6.48,,1,average8,me_charger_status_ev_per_charger_ratio
합계_대당,전기차 1대당 충전기 수,2024-12,2024,12,서울,8.17,15.5,0,region8,me_charger_status_ev_per_charger_ratio
합계_대당,전기차 1대당 충전기 수,2024-12,2024,12,경기,9.02,17.2,0,region8,me_charger_status_ev_per_charger_ratio
합계_대당,전기차 1대당 충전기 수,2024-12,2024,12,인천,4.6,8.8,0,region8,me_charger_status_ev_per_charger_ratio
합계_대당,전기차 1대당 충전기 수,2024-12,2024,12,강원,8.14,15.5,0,region8,me_charger_status_ev_per_charger_ratio
합계_대당,전기차 1대당 충전기 수,2024-12,2024,12,충청,7.06,13.4,0,region8,me_charger_status_ev_per_charger_ratio
합계_대당,전기차 1대당 충전기 수,2024-12,2024,12,전라,6.75,12.8,0,region8,me_charger_status_ev_per_charger_ratio
합계_대당,전기차 1대당 충전기 수,2024-12,2024,12,경상,6.62,12.6,0,region8,me_charger_status_ev_per_charger_ratio
합계_대당,전기차 1대당 충전기 수,2024-12,2024,12,제주,2.19,4.2,0,region8,me_charger_status_ev_per_charger_ratio
합계_대당,전기차 1대당 충전기 수,2024-12,2024,12,평균,6.56,,1,average8,me_charger_status_ev_per_charger_ratio
합계_대당,전기차 1대당 충전기 수,2025-01,2025,1,서울,8.42,15.6,0,region8,me_charger_status_ev_per_charger_ratio
합계_대당,전기차 1대당 충전기 수,2025-01,2025,1,경기,9.3,17.3,0,region8,me_charger_status_ev_per_charger_ratio
합계_대당,전기차 1대당 충전기 수,2025-01,2025,1,인천,4.74,8.8,0,region8,me_charger_status_ev_per_charger_ratio
합계_대당,전기차 1대당 충전기 수,2025-01,2025,1,강원,8.3,15.4,0,region8,me_charger_status_ev_per_charger_ratio
합계_대당,전기차 1대당 충전기 수,2025-01,2025,1,충청,7.27,13.5,0,region8,me_charger_status_ev_per_charger_ratio
합계_대당,전기차 1대당 충전기 수,2025-01,2025,1,전라,6.88,12.8,0,region8,me_charger_status_ev_per_charger_ratio
합계_대당,전기차 1대당 충전기 수,2025-01,2025,1,경상,6.76,12.6,0,region8,me_charger_status_ev_per_charger_ratio
합계_대당,전기차 1대당 충전기 수,2025-01,2025,1,제주,2.14,4.0,0,region8,me_charger_status_ev_per_charger_ratio
합계_대당,전기차 1대당 충전기 수,2025-01,2025,1,평균,6.72,,1,average8,me_charger_status_ev_per_charger_ratio
합계_대당,전기차 1대당 충전기 수,2025-02,2025,2,서울,8.28,15.5,0,region8,me_charger_status_ev_per_charger_ratio
합계_대당,전기차 1대당 충전기 수,2025-02,2025,2,경기,9.22,17.3,0,region8,me_charger_status_ev_per_charger_ratio
합계_대당,전기차 1대당 충전기 수,2025-02,2025,2,인천,4.72,8.9,0,region8,me_charger_status_ev_per_charger_ratio
합계_대당,전기차 1대당 충전기 수,2025-02,2025,2,강원,8.31,15.6,0,region8,me_charger_status_ev_per_charger_ratio
합계_대당,전기차 1대당 충전기 수,2025-02,2025,2,충청,7.19,13.5,0,region8,me_charger_status_ev_per_charger_ratio
합계_대당,전기차 1대당 충전기 수,2025-02,2025,2,전라,6.81,12.8,0,region8,me_charger_status_ev_per_charger_ratio
합계_대당,전기차 1대당 충전기 수,2025-02,2025,2,경상,6.64,12.5,0,region8,me_charger_status_ev_per_charger_ratio
합계_대당,전기차 1대당 충전기 수,2025-02,2025,2,제주,2.11,4.0,0,region8,me_charger_status_ev_per_charger_ratio
합계_대당,전기차 1대당 충전기 수,2025-02,2025,2,평균,6.66,,1,average8,me_charger_status_ev_per_charger_ratio
합계_대당,전기차 1대당 충전기 수,2025-03,2025,3,서울,8.3,15.7,0,region8,me_charger_status_ev_per_charger_ratio
합계_대당,전기차 1대당 충전기 수,2025-03,2025,3,경기,9.19,17.3,0,region8,me_charger_status_ev_per_charger_ratio
합계_대당,전기차 1대당 충전기 수,2025-03,2025,3,인천,4.64,8.8,0,region8,me_charger_status_ev_per_charger_ratio
합계_대당,전기차 1대당 충전기 수,2025-03,2025,3,강원,8.34,15.7,0,region8,me_charger_status_ev_per_charger_ratio
합계_대당,전기차 1대당 충전기 수,2025-03,2025,3,충청,7.08,13.4,0,region8,me_charger_status_ev_per_charger_ratio
합계_대당,전기차 1대당 충전기 수,2025-03,2025,3,전라,6.77,12.8,0,region8,me_charger_status_ev_per_charger_ratio
합계_대당,전기차 1대당 충전기 수,2025-03,2025,3,경상,6.62,12.5,0,region8,me_charger_status_ev_per_charger_ratio
합계_대당,전기차 1대당 충전기 수,2025-03,2025,3,제주,2.08,3.9,0,region8,me_charger_status_ev_per_charger_ratio
합계_대당,전기차 1대당 충전기 수,2025-03,2025,3,평균,6.62,,1,average8,me_charger_status_ev_per_charger_ratio
합계_대당,전기차 1대당 충전기 수,2025-04,2025,4,서울,8.21,15.8,0,region8,me_charger_status_ev_per_charger_ratio
합계_대당,전기차 1대당 충전기 수,2025-04,2025,4,경기,8.96,17.3,0,region8,me_charger_status_ev_per_charger_ratio
합계_대당,전기차 1대당 충전기 수,2025-04,2025,4,인천,4.44,8.5,0,region8,me_charger_status_ev_per_charger_ratio
합계_대당,전기차 1대당 충전기 수,2025-04,2025,4,강원,8.21,15.8,0,region8,me_charger_status_ev_per_charger_ratio
합계_대당,전기차 1대당 충전기 수,2025-04,2025,4,충청,6.95,13.4,0,region8,me_charger_status_ev_per_charger_ratio
합계_대당,전기차 1대당 충전기 수,2025-04,2025,4,전라,6.63,12.8,0,region8,me_charger_status_ev_per_charger_ratio
합계_대당,전기차 1대당 충전기 수,2025-04,2025,4,경상,6.5,12.5,0,region8,me_charger_status_ev_per_charger_ratio
합계_대당,전기차 1대당 충전기 수,2025-04,2025,4,제주,2.04,3.9,0,region8,me_charger_status_ev_per_charger_ratio
합계_대당,전기차 1대당 충전기 수,2025-04,2025,4,평균,6.49,,1,average8,me_charger_status_ev_per_charger_ratio
합계_대당,전기차 1대당 충전기 수,2025-08,2025,8,서울,7.91,16.1,0,region8,me_charger_status_ev_per_charger_ratio
합계_대당,전기차 1대당 충전기 수,2025-08,2025,8,경기,8.46,17.2,0,region8,me_charger_status_ev_per_charger_ratio
합계_대당,전기차 1대당 충전기 수,2025-08,2025,8,인천,3.98,8.1,0,region8,me_charger_status_ev_per_charger_ratio
합계_대당,전기차 1대당 충전기 수,2025-08,2025,8,강원,7.88,16.0,0,region8,me_charger_status_ev_per_charger_ratio
합계_대당,전기차 1대당 충전기 수,2025-08,2025,8,충청,6.62,13.4,0,region8,me_charger_status_ev_per_charger_ratio
합계_대당,전기차 1대당 충전기 수,2025-08,2025,8,전라,6.32,12.8,0,region8,me_charger_status_ev_per_charger_ratio
합계_대당,전기차 1대당 충전기 수,2025-08,2025,8,경상,6.21,12.6,0,region8,me_charger_status_ev_per_charger_ratio
합계_대당,전기차 1대당 충전기 수,2025-08,2025,8,제주,1.86,3.8,0,region8,me_charger_status_ev_per_charger_ratio
합계_대당,전기차 1대당 충전기 수,2025-08,2025,8,평균,6.15,,1,average8,me_charger_status_ev_per_charger_ratio
합계_대당,전기차 1대당 충전기 수,2025-12,2025,12,서울,7.87,16.2,0,region8,me_charger_status_ev_per_charger_ratio
합계_대당,전기차 1대당 충전기 수,2025-12,2025,12,경기,8.32,17.1,0,region8,me_charger_status_ev_per_charger_ratio
합계_대당,전기차 1대당 충전기 수,2025-12,2025,12,인천,4.0,8.2,0,region8,me_charger_status_ev_per_charger_ratio
합계_대당,전기차 1대당 충전기 수,2025-12,2025,12,강원,7.78,16.0,0,region8,me_charger_status_ev_per_charger_ratio
합계_대당,전기차 1대당 충전기 수,2025-12,2025,12,충청,6.64,13.7,0,region8,me_charger_status_ev_per_charger_ratio
합계_대당,전기차 1대당 충전기 수,2025-12,2025,12,전라,6.19,12.7,0,region8,me_charger_status_ev_per_charger_ratio
합계_대당,전기차 1대당 충전기 수,2025-12,2025,12,경상,6.04,12.4,0,region8,me_charger_status_ev_per_charger_ratio
합계_대당,전기차 1대당 충전기 수,2025-12,2025,12,제주,1.76,3.6,0,region8,me_charger_status_ev_per_charger_ratio
합계_대당,전기차 1대당 충전기 수,2025-12,2025,12,평균,6.07,,1,average8,me_charger_status_ev_per_charger_ratio
합계_대당,전기차 1대당 충전기 수,2026-01,2026,1,서울,7.99,16.2,0,region8,me_charger_status_ev_per_charger_ratio
합계_대당,전기차 1대당 충전기 수,2026-01,2026,1,경기,8.49,17.2,0,region8,me_charger_status_ev_per_charger_ratio
합계_대당,전기차 1대당 충전기 수,2026-01,2026,1,인천,4.11,8.3,0,region8,me_charger_status_ev_per_charger_ratio
합계_대당,전기차 1대당 충전기 수,2026-01,2026,1,강원,7.92,16.0,0,region8,me_charger_status_ev_per_charger_ratio
합계_대당,전기차 1대당 충전기 수,2026-01,2026,1,충청,6.73,13.6,0,region8,me_charger_status_ev_per_charger_ratio
합계_대당,전기차 1대당 충전기 수,2026-01,2026,1,전라,6.29,12.7,0,region8,me_charger_status_ev_per_charger_ratio
합계_대당,전기차 1대당 충전기 수,2026-01,2026,1,경상,6.18,12.5,0,region8,me_charger_status_ev_per_charger_ratio
합계_대당,전기차 1대당 충전기 수,2026-01,2026,1,제주,1.76,3.6,0,region8,me_charger_status_ev_per_charger_ratio
합계_대당,전기차 1대당 충전기 수,2026-01,2026,1,평균,6.18,,1,average8,me_charger_status_ev_per_charger_ratio
합계_대당,전기차 1대당 충전기 수,2026-02,2026,2,서울,8.19,16.2,0,region8,me_charger_status_ev_per_charger_ratio
합계_대당,전기차 1대당 충전기 수,2026-02,2026,2,경기,8.67,17.2,0,region8,me_charger_status_ev_per_charger_ratio
합계_대당,전기차 1대당 충전기 수,2026-02,2026,2,인천,4.25,8.4,0,region8,me_charger_status_ev_per_charger_ratio
합계_대당,전기차 1대당 충전기 수,2026-02,2026,2,강원,8.02,15.9,0,region8,me_charger_status_ev_per_charger_ratio
합계_대당,전기차 1대당 충전기 수,2026-02,2026,2,충청,6.83,13.5,0,region8,me_charger_status_ev_per_charger_ratio
합계_대당,전기차 1대당 충전기 수,2026-02,2026,2,전라,6.41,12.7,0,region8,me_charger_status_ev_per_charger_ratio
합계_대당,전기차 1대당 충전기 수,2026-02,2026,2,경상,6.3,12.5,0,region8,me_charger_status_ev_per_charger_ratio
합계_대당,전기차 1대당 충전기 수,2026-02,2026,2,제주,1.77,3.5,0,region8,me_charger_status_ev_per_charger_ratio
합계_대당,전기차 1대당 충전기 수,2026-02,2026,2,평균,6.3,,1,average8,me_charger_status_ev_per_charger_ratio
합계_대당,전기차 1대당 충전기 수,2026-03,2026,3,서울,8.35,16.2,0,region8,me_charger_status_ev_per_charger_ratio
합계_대당,전기차 1대당 충전기 수,2026-03,2026,3,경기,8.85,17.2,0,region8,me_charger_status_ev_per_charger_ratio
합계_대당,전기차 1대당 충전기 수,2026-03,2026,3,인천,4.38,8.5,0,region8,me_charger_status_ev_per_charger_ratio
합계_대당,전기차 1대당 충전기 수,2026-03,2026,3,강원,8.14,15.8,0,region8,me_charger_status_ev_per_charger_ratio
합계_대당,전기차 1대당 충전기 수,2026-03,2026,3,충청,6.93,13.5,0,region8,me_charger_status_ev_per_charger_ratio
합계_대당,전기차 1대당 충전기 수,2026-03,2026,3,전라,6.54,12.7,0,region8,me_charger_status_ev_per_charger_ratio
합계_대당,전기차 1대당 충전기 수,2026-03,2026,3,경상,6.42,12.5,0,region8,me_charger_status_ev_per_charger_ratio
합계_대당,전기차 1대당 충전기 수,2026-03,2026,3,제주,1.78,3.5,0,region8,me_charger_status_ev_per_charger_ratio
합계_대당,전기차 1대당 충전기 수,2026-03,2026,3,평균,6.42,,1,average8,me_charger_status_ev_per_charger_ratio
합계_대당,전기차 1대당 충전기 수,2026-04,2026,4,서울,8.38,16.3,0,region8,me_charger_status_ev_per_charger_ratio
합계_대당,전기차 1대당 충전기 수,2026-04,2026,4,경기,8.9,17.3,0,region8,me_charger_status_ev_per_charger_ratio
합계_대당,전기차 1대당 충전기 수,2026-04,2026,4,인천,4.39,8.5,0,region8,me_charger_status_ev_per_charger_ratio
합계_대당,전기차 1대당 충전기 수,2026-04,2026,4,강원,8.18,15.9,0,region8,me_charger_status_ev_per_charger_ratio
합계_대당,전기차 1대당 충전기 수,2026-04,2026,4,충청,6.94,13.5,0,region8,me_charger_status_ev_per_charger_ratio
합계_대당,전기차 1대당 충전기 수,2026-04,2026,4,전라,6.56,12.7,0,region8,me_charger_status_ev_per_charger_ratio
합계_대당,전기차 1대당 충전기 수,2026-04,2026,4,경상,6.44,12.5,0,region8,me_charger_status_ev_per_charger_ratio
합계_대당,전기차 1대당 충전기 수,2026-04,2026,4,제주,1.77,3.4,0,region8,me_charger_status_ev_per_charger_ratio
합계_대당,전기차 1대당 충전기 수,2026-04,2026,4,평균,6.44,,1,average8,me_charger_status_ev_per_charger_ratio
