cutoff_year,기준월,시도,모형ID,actual,forecast,잔차,pct_error
2021,2021-09,서울,seasonal_naive,352970.72,158150.29,-194820.43,-55.19
2021,2021-09,서울,seasonal_growth,352970.72,197687.86,-155282.86,-43.99
2021,2021-10,서울,seasonal_naive,408995.23,209775.98,-199219.25,-48.71
2021,2021-10,서울,seasonal_growth,408995.23,262219.98,-146775.25,-35.89
2021,2021-11,서울,seasonal_naive,483004.51,219147.79,-263856.72,-54.63
2021,2021-11,서울,seasonal_growth,483004.51,273934.74,-209069.77,-43.29
2021,2021-12,서울,seasonal_naive,575795.28,213946.1,-361849.18,-62.84
2021,2021-12,서울,seasonal_growth,575795.28,267432.62,-308362.66,-53.55
2021,2021-09,부산,seasonal_naive,112758.58,50368.75,-62389.83,-55.33
2021,2021-09,부산,seasonal_growth,112758.58,62960.94,-49797.64,-44.16
2021,2021-10,부산,seasonal_naive,145554.74,63323.17,-82231.57,-56.5
2021,2021-10,부산,seasonal_growth,145554.74,79153.96,-66400.78,-45.62
2021,2021-11,부산,seasonal_naive,177135.26,67203.95,-109931.31,-62.06
2021,2021-11,부산,seasonal_growth,177135.26,84004.94,-93130.32,-52.58
2021,2021-12,부산,seasonal_naive,213815.7,91453.95,-122361.75,-57.23
2021,2021-12,부산,seasonal_growth,213815.7,114317.44,-99498.26,-46.53
2021,2021-09,대구,seasonal_naive,192262.37,195416.1,3153.73,1.64
2021,2021-09,대구,seasonal_growth,192262.37,244270.12,52007.76,27.05
2021,2021-10,대구,seasonal_naive,224444.56,225822.84,1378.28,0.61
2021,2021-10,대구,seasonal_growth,224444.56,282278.55,57833.99,25.77
2021,2021-11,대구,seasonal_naive,268739.65,213986.7,-54752.95,-20.37
2021,2021-11,대구,seasonal_growth,268739.65,267483.38,-1256.28,-0.47
2021,2021-12,대구,seasonal_naive,292940.03,214723.5,-78216.53,-26.7
2021,2021-12,대구,seasonal_growth,292940.03,268404.38,-24535.66,-8.38
2021,2021-09,인천,seasonal_naive,255481.53,105418.23,-150063.3,-58.74
2021,2021-09,인천,seasonal_growth,255481.53,131772.79,-123708.74,-48.42
2021,2021-10,인천,seasonal_naive,304607.78,135530.77,-169077.01,-55.51
2021,2021-10,인천,seasonal_growth,304607.78,169413.46,-135194.32,-44.38
2021,2021-11,인천,seasonal_naive,370879.59,139118.56,-231761.03,-62.49
2021,2021-11,인천,seasonal_growth,370879.59,173898.2,-196981.39,-53.11
2021,2021-12,인천,seasonal_naive,422592.74,126973.59,-295619.15,-69.95
2021,2021-12,인천,seasonal_growth,422592.74,158716.99,-263875.75,-62.44
2021,2021-09,광주,seasonal_naive,122601.69,68603.98,-53997.71,-44.04
2021,2021-09,광주,seasonal_growth,122601.69,85754.97,-36846.72,-30.05
2021,2021-10,광주,seasonal_naive,143453.3,77933.82,-65519.48,-45.67
2021,2021-10,광주,seasonal_growth,143453.3,97417.28,-46036.02,-32.09
2021,2021-11,광주,seasonal_naive,155536.16,78844.87,-76691.29,-49.31
2021,2021-11,광주,seasonal_growth,155536.16,98556.09,-56980.07,-36.63
2021,2021-12,광주,seasonal_naive,177325.32,82425.19,-94900.13,-53.52
2021,2021-12,광주,seasonal_growth,177325.32,103031.49,-74293.83,-41.9
2021,2021-09,대전,seasonal_naive,186967.51,110410.76,-76556.75,-40.95
2021,2021-09,대전,seasonal_growth,186967.51,138013.45,-48954.06,-26.18
2021,2021-10,대전,seasonal_naive,215106.05,148073.18,-67032.87,-31.16
2021,2021-10,대전,seasonal_growth,215106.05,185091.47,-30014.58,-13.95
2021,2021-11,대전,seasonal_naive,244328.72,154191.96,-90136.76,-36.89
2021,2021-11,대전,seasonal_growth,244328.72,192739.95,-51588.77,-21.11
2021,2021-12,대전,seasonal_naive,269491.4,155441.04,-114050.36,-42.32
2021,2021-12,대전,seasonal_growth,269491.4,194301.3,-75190.1,-27.9
2021,2021-09,울산,seasonal_naive,107596.14,63412.08,-44184.06,-41.06
2021,2021-09,울산,seasonal_growth,107596.14,79265.1,-28331.04,-26.33
2021,2021-10,울산,seasonal_naive,136050.17,66138.1,-69912.07,-51.39
2021,2021-10,울산,seasonal_growth,136050.17,82672.62,-53377.55,-39.23
2021,2021-11,울산,seasonal_naive,142238.22,59907.71,-82330.51,-57.88
2021,2021-11,울산,seasonal_growth,142238.22,74884.64,-67353.58,-47.35
2021,2021-12,울산,seasonal_naive,158129.4,72214.78,-85914.62,-54.33
2021,2021-12,울산,seasonal_growth,158129.4,90268.48,-67860.92,-42.91
2021,2021-09,세종,seasonal_naive,31762.04,29854.83,-1907.21,-6.0
2021,2021-09,세종,seasonal_growth,31762.04,37318.54,5556.5,17.49
2021,2021-10,세종,seasonal_naive,36847.82,35648.1,-1199.72,-3.26
2021,2021-10,세종,seasonal_growth,36847.82,44560.12,7712.31,20.93
2021,2021-11,세종,seasonal_naive,41124.71,41966.06,841.35,2.05
2021,2021-11,세종,seasonal_growth,41124.71,52457.57,11332.86,27.56
2021,2021-12,세종,seasonal_naive,49904.63,58176.91,8272.28,16.58
2021,2021-12,세종,seasonal_growth,49904.63,72721.14,22816.51,45.72
2021,2021-09,경기,seasonal_naive,923028.1,386819.53,-536208.57,-58.09
2021,2021-09,경기,seasonal_growth,923028.1,483524.41,-439503.69,-47.62
2021,2021-10,경기,seasonal_naive,1050943.59,506190.99,-544752.6,-51.83
2021,2021-10,경기,seasonal_growth,1050943.59,632738.74,-418204.85,-39.79
2021,2021-11,경기,seasonal_naive,1235869.62,525719.62,-710150.0,-57.46
2021,2021-11,경기,seasonal_growth,1235869.62,657149.53,-578720.1,-46.83
2021,2021-12,경기,seasonal_naive,1412007.43,533645.06,-878362.37,-62.21
2021,2021-12,경기,seasonal_growth,1412007.43,667056.33,-744951.1,-52.76
2021,2021-09,강원,seasonal_naive,421467.85,149142.62,-272325.23,-64.61
2021,2021-09,강원,seasonal_growth,421467.85,186428.27,-235039.57,-55.77
2021,2021-10,강원,seasonal_naive,510883.04,220840.58,-290042.46,-56.77
2021,2021-10,강원,seasonal_growth,510883.04,276050.72,-234832.32,-45.97
2021,2021-11,강원,seasonal_naive,572462.52,221498.56,-350963.96,-61.31
2021,2021-11,강원,seasonal_growth,572462.52,276873.2,-295589.32,-51.63
2021,2021-12,강원,seasonal_naive,637181.89,267930.32,-369251.57,-57.95
2021,2021-12,강원,seasonal_growth,637181.89,334912.9,-302268.99,-47.44
2021,2021-09,충북,seasonal_naive,430151.51,201248.01,-228903.5,-53.21
2021,2021-09,충북,seasonal_growth,430151.51,251560.01,-178591.5,-41.52
2021,2021-10,충북,seasonal_naive,507143.32,262224.21,-244919.11,-48.29
2021,2021-10,충북,seasonal_growth,507143.32,327780.26,-179363.06,-35.37
2021,2021-11,충북,seasonal_naive,578246.4,282565.04,-295681.36,-51.13
2021,2021-11,충북,seasonal_growth,578246.4,353206.3,-225040.1,-38.92
2021,2021-12,충북,seasonal_naive,652350.61,298545.89,-353804.72,-54.24
2021,2021-12,충북,seasonal_growth,652350.61,373182.36,-279168.25,-42.79
2021,2021-09,충남,seasonal_naive,471378.17,263721.55,-207656.62,-44.05
2021,2021-09,충남,seasonal_growth,471378.17,329651.94,-141726.23,-30.07
2021,2021-10,충남,seasonal_naive,560232.04,339233.84,-220998.2,-39.45
2021,2021-10,충남,seasonal_growth,560232.04,424042.3,-136189.74,-24.31
2021,2021-11,충남,seasonal_naive,620354.42,337322.03,-283032.39,-45.62
2021,2021-11,충남,seasonal_growth,620354.42,421652.54,-198701.88,-32.03
2021,2021-12,충남,seasonal_naive,673917.03,333789.09,-340127.94,-50.47
2021,2021-12,충남,seasonal_growth,673917.03,417236.36,-256680.67,-38.09
2021,2021-09,전북,seasonal_naive,410044.7,163768.31,-246276.39,-60.06
2021,2021-09,전북,seasonal_growth,410044.7,204710.39,-205334.31,-50.08
2021,2021-10,전북,seasonal_naive,479850.83,209783.45,-270067.38,-56.28
2021,2021-10,전북,seasonal_growth,479850.83,262229.31,-217621.52,-45.35
2021,2021-11,전북,seasonal_naive,540655.4,215732.18,-324923.22,-60.1
2021,2021-11,전북,seasonal_growth,540655.4,269665.22,-270990.18,-50.12
2021,2021-12,전북,seasonal_naive,590032.92,201905.97,-388126.95,-65.78
2021,2021-12,전북,seasonal_growth,590032.92,252382.46,-337650.46,-57.23
2021,2021-09,전남,seasonal_naive,298143.83,143930.5,-154213.33,-51.72
2021,2021-09,전남,seasonal_growth,298143.83,179913.12,-118230.71,-39.66
2021,2021-10,전남,seasonal_naive,337241.58,192443.31,-144798.27,-42.94
2021,2021-10,전남,seasonal_growth,337241.58,240554.14,-96687.44,-28.67
2021,2021-11,전남,seasonal_naive,366641.89,184315.53,-182326.36,-49.73
2021,2021-11,전남,seasonal_growth,366641.89,230394.41,-136247.48,-37.16
2021,2021-12,전남,seasonal_naive,392144.09,210353.58,-181790.51,-46.36
2021,2021-12,전남,seasonal_growth,392144.09,262941.97,-129202.12,-32.95
2021,2021-09,경북,seasonal_naive,718803.67,391883.3,-326920.37,-45.48
2021,2021-09,경북,seasonal_growth,718803.67,489854.12,-228949.55,-31.85
2021,2021-10,경북,seasonal_naive,837003.56,529307.55,-307696.01,-36.76
2021,2021-10,경북,seasonal_growth,837003.56,661634.44,-175369.12,-20.95
2021,2021-11,경북,seasonal_naive,904652.84,541650.56,-363002.28,-40.13
2021,2021-11,경북,seasonal_growth,904652.84,677063.2,-227589.64,-25.16
2021,2021-12,경북,seasonal_naive,985936.52,597792.01,-388144.51,-39.37
2021,2021-12,경북,seasonal_growth,985936.52,747240.01,-238696.51,-24.21
2021,2021-09,경남,seasonal_naive,457438.18,210636.67,-246801.51,-53.95
2021,2021-09,경남,seasonal_growth,457438.18,263295.84,-194142.34,-42.44
2021,2021-10,경남,seasonal_naive,520207.86,276141.97,-244065.89,-46.92
2021,2021-10,경남,seasonal_growth,520207.86,345177.46,-175030.4,-33.65
2021,2021-11,경남,seasonal_naive,599980.68,285527.16,-314453.52,-52.41
2021,2021-11,경남,seasonal_growth,599980.68,356908.95,-243071.73,-40.51
2021,2021-12,경남,seasonal_naive,706502.5,354419.85,-352082.65,-49.83
2021,2021-12,경남,seasonal_growth,706502.5,443024.81,-263477.69,-37.29
2021,2021-09,제주,seasonal_naive,229722.1,142342.64,-87379.46,-38.04
2021,2021-09,제주,seasonal_growth,229722.1,177928.3,-51793.8,-22.55
2021,2021-10,제주,seasonal_naive,250887.66,175057.2,-75830.46,-30.22
2021,2021-10,제주,seasonal_growth,250887.66,218821.5,-32066.16,-12.78
2021,2021-11,제주,seasonal_naive,247518.74,183075.45,-64443.29,-26.04
2021,2021-11,제주,seasonal_growth,247518.74,228844.31,-18674.43,-7.54
2021,2021-12,제주,seasonal_naive,267731.95,161033.74,-106698.21,-39.85
2021,2021-12,제주,seasonal_growth,267731.95,201292.17,-66439.78,-24.82
2022,2022-09,서울,seasonal_naive,709467.66,352970.72,-356496.94,-50.25
2022,2022-09,서울,seasonal_growth,709467.66,441213.4,-268254.26,-37.81
2022,2022-10,서울,seasonal_naive,755576.99,408995.23,-346581.76,-45.87
2022,2022-10,서울,seasonal_growth,755576.99,511244.04,-244332.95,-32.34
2022,2022-11,서울,seasonal_naive,789958.54,483004.51,-306954.03,-38.86
2022,2022-11,서울,seasonal_growth,789958.54,603755.64,-186202.9,-23.57
2022,2022-12,서울,seasonal_naive,1048050.26,575795.28,-472254.98,-45.06
2022,2022-12,서울,seasonal_growth,1048050.26,719744.1,-328306.16,-31.33
2022,2022-09,부산,seasonal_naive,309076.02,112758.58,-196317.44,-63.52
2022,2022-09,부산,seasonal_growth,309076.02,140948.23,-168127.8,-54.4
2022,2022-10,부산,seasonal_naive,332801.35,145554.74,-187246.61,-56.26
2022,2022-10,부산,seasonal_growth,332801.35,181943.42,-150857.92,-45.33
2022,2022-11,부산,seasonal_naive,340949.0,177135.26,-163813.74,-48.05
2022,2022-11,부산,seasonal_growth,340949.0,221419.08,-119529.92,-35.06
2022,2022-12,부산,seasonal_naive,401488.12,213815.7,-187672.42,-46.74
2022,2022-12,부산,seasonal_growth,401488.12,267269.62,-134218.49,-33.43
2022,2022-09,대구,seasonal_naive,392737.11,192262.37,-200474.74,-51.05
2022,2022-09,대구,seasonal_growth,392737.11,240327.96,-152409.15,-38.81
2022,2022-10,대구,seasonal_naive,421168.62,224444.56,-196724.06,-46.71
2022,2022-10,대구,seasonal_growth,421168.62,280555.7,-140612.92,-33.39
2022,2022-11,대구,seasonal_naive,433360.09,268739.65,-164620.44,-37.99
2022,2022-11,대구,seasonal_growth,433360.09,335924.56,-97435.53,-22.48
2022,2022-12,대구,seasonal_naive,504428.95,292940.03,-211488.92,-41.93
2022,2022-12,대구,seasonal_growth,504428.95,366175.04,-138253.91,-27.41
2022,2022-09,인천,seasonal_naive,613172.8,255481.53,-357691.27,-58.33
2022,2022-09,인천,seasonal_growth,613172.8,319351.91,-293820.89,-47.92
2022,2022-10,인천,seasonal_naive,690035.12,304607.78,-385427.34,-55.86
2022,2022-10,인천,seasonal_growth,690035.12,380759.73,-309275.39,-44.82
2022,2022-11,인천,seasonal_naive,702729.14,370879.59,-331849.55,-47.22
2022,2022-11,인천,seasonal_growth,702729.14,463599.49,-239129.65,-34.03
2022,2022-12,인천,seasonal_naive,861603.91,422592.74,-439011.17,-50.95
2022,2022-12,인천,seasonal_growth,861603.91,528240.93,-333362.98,-38.69
2022,2022-09,광주,seasonal_naive,251321.22,122601.69,-128719.53,-51.22
2022,2022-09,광주,seasonal_growth,251321.22,153252.11,-98069.11,-39.02
2022,2022-10,광주,seasonal_naive,268508.03,143453.3,-125054.73,-46.57
2022,2022-10,광주,seasonal_growth,268508.03,179316.62,-89191.41,-33.22
2022,2022-11,광주,seasonal_naive,265748.77,155536.16,-110212.61,-41.47
2022,2022-11,광주,seasonal_growth,265748.77,194420.2,-71328.57,-26.84
2022,2022-12,광주,seasonal_naive,297324.39,177325.32,-119999.07,-40.36
2022,2022-12,광주,seasonal_growth,297324.39,221656.65,-75667.74,-25.45
2022,2022-09,대전,seasonal_naive,341643.46,186967.51,-154675.95,-45.27
2022,2022-09,대전,seasonal_growth,341643.46,233709.39,-107934.07,-31.59
2022,2022-10,대전,seasonal_naive,375573.17,215106.05,-160467.12,-42.73
2022,2022-10,대전,seasonal_growth,375573.17,268882.56,-106690.61,-28.41
2022,2022-11,대전,seasonal_naive,414012.33,244328.72,-169683.61,-40.99
2022,2022-11,대전,seasonal_growth,414012.33,305410.9,-108601.43,-26.23
2022,2022-12,대전,seasonal_naive,503893.54,269491.4,-234402.14,-46.52
2022,2022-12,대전,seasonal_growth,503893.54,336864.25,-167029.29,-33.15
2022,2022-09,울산,seasonal_naive,335605.17,107596.14,-228009.03,-67.94
2022,2022-09,울산,seasonal_growth,335605.17,134495.17,-201109.99,-59.92
2022,2022-10,울산,seasonal_naive,391310.82,136050.17,-255260.65,-65.23
2022,2022-10,울산,seasonal_growth,391310.82,170062.71,-221248.11,-56.54
2022,2022-11,울산,seasonal_naive,378425.32,142238.22,-236187.1,-62.41
2022,2022-11,울산,seasonal_growth,378425.32,177797.77,-200627.55,-53.02
2022,2022-12,울산,seasonal_naive,434429.3,158129.4,-276299.9,-63.6
2022,2022-12,울산,seasonal_growth,434429.3,197661.75,-236767.55,-54.5
2022,2022-09,세종,seasonal_naive,62484.66,31762.04,-30722.62,-49.17
2022,2022-09,세종,seasonal_growth,62484.66,39702.55,-22782.11,-36.46
2022,2022-10,세종,seasonal_naive,69562.7,36847.82,-32714.88,-47.03
2022,2022-10,세종,seasonal_growth,69562.7,46059.78,-23502.92,-33.79
2022,2022-11,세종,seasonal_naive,65802.26,41124.71,-24677.55,-37.5
2022,2022-11,세종,seasonal_growth,65802.26,51405.89,-14396.37,-21.88
2022,2022-12,세종,seasonal_naive,76006.15,49904.63,-26101.52,-34.34
2022,2022-12,세종,seasonal_growth,76006.15,62380.79,-13625.36,-17.93
2022,2022-09,경기,seasonal_naive,2026303.53,923028.1,-1103275.43,-54.45
2022,2022-09,경기,seasonal_growth,2026303.53,1153785.12,-872518.41,-43.06
2022,2022-10,경기,seasonal_naive,2269387.93,1050943.59,-1218444.34,-53.69
2022,2022-10,경기,seasonal_growth,2269387.93,1313679.49,-955708.44,-42.11
2022,2022-11,경기,seasonal_naive,2360162.11,1235869.62,-1124292.49,-47.64
2022,2022-11,경기,seasonal_growth,2360162.11,1544837.03,-815325.08,-34.55
2022,2022-12,경기,seasonal_naive,2795232.94,1412007.43,-1383225.51,-49.49
2022,2022-12,경기,seasonal_growth,2795232.94,1765009.29,-1030223.65,-36.86
2022,2022-09,강원,seasonal_naive,891436.76,421467.85,-469968.91,-52.72
2022,2022-09,강원,seasonal_growth,891436.76,526834.81,-364601.95,-40.9
2022,2022-10,강원,seasonal_naive,1066476.27,510883.04,-555593.23,-52.1
2022,2022-10,강원,seasonal_growth,1066476.27,638603.8,-427872.47,-40.12
2022,2022-11,강원,seasonal_naive,1003748.42,572462.52,-431285.9,-42.97
2022,2022-11,강원,seasonal_growth,1003748.42,715578.15,-288170.27,-28.71
2022,2022-12,강원,seasonal_naive,1127566.5,637181.89,-490384.61,-43.49
2022,2022-12,강원,seasonal_growth,1127566.5,796477.36,-331089.14,-29.36
2022,2022-09,충북,seasonal_naive,1025130.44,430151.51,-594978.93,-58.04
2022,2022-09,충북,seasonal_growth,1025130.44,537689.39,-487441.05,-47.55
2022,2022-10,충북,seasonal_naive,1209458.95,507143.32,-702315.63,-58.07
2022,2022-10,충북,seasonal_growth,1209458.95,633929.15,-575529.8,-47.59
2022,2022-11,충북,seasonal_naive,1219903.44,578246.4,-641657.04,-52.6
2022,2022-11,충북,seasonal_growth,1219903.44,722808.0,-497095.44,-40.75
2022,2022-12,충북,seasonal_naive,1321662.28,652350.61,-669311.67,-50.64
2022,2022-12,충북,seasonal_growth,1321662.28,815438.26,-506224.02,-38.3
2022,2022-09,충남,seasonal_naive,1018488.25,471378.17,-547110.08,-53.72
2022,2022-09,충남,seasonal_growth,1018488.25,589222.71,-429265.54,-42.15
2022,2022-10,충남,seasonal_naive,1179659.83,560232.04,-619427.79,-52.51
2022,2022-10,충남,seasonal_growth,1179659.83,700290.05,-479369.78,-40.64
2022,2022-11,충남,seasonal_naive,1206983.44,620354.42,-586629.02,-48.6
2022,2022-11,충남,seasonal_growth,1206983.44,775443.03,-431540.41,-35.75
2022,2022-12,충남,seasonal_naive,1299289.01,673917.03,-625371.98,-48.13
2022,2022-12,충남,seasonal_growth,1299289.01,842396.29,-456892.72,-35.16
2022,2022-09,전북,seasonal_naive,977373.64,410044.7,-567328.94,-58.05
2022,2022-09,전북,seasonal_growth,977373.64,512555.88,-464817.77,-47.56
2022,2022-10,전북,seasonal_naive,1074946.9,479850.83,-595096.07,-55.36
2022,2022-10,전북,seasonal_growth,1074946.9,599813.54,-475133.36,-44.2
2022,2022-11,전북,seasonal_naive,1038263.62,540655.4,-497608.22,-47.93
2022,2022-11,전북,seasonal_growth,1038263.62,675819.25,-362444.37,-34.91
2022,2022-12,전북,seasonal_naive,1052279.47,590032.92,-462246.55,-43.93
2022,2022-12,전북,seasonal_growth,1052279.47,737541.15,-314738.32,-29.91
2022,2022-09,전남,seasonal_naive,634163.23,298143.83,-336019.4,-52.99
2022,2022-09,전남,seasonal_growth,634163.23,372679.79,-261483.44,-41.23
2022,2022-10,전남,seasonal_naive,733203.43,337241.58,-395961.85,-54.0
2022,2022-10,전남,seasonal_growth,733203.43,421551.98,-311651.46,-42.51
2022,2022-11,전남,seasonal_naive,720406.72,366641.89,-353764.83,-49.11
2022,2022-11,전남,seasonal_growth,720406.72,458302.36,-262104.36,-36.38
2022,2022-12,전남,seasonal_naive,765701.47,392144.09,-373557.38,-48.79
2022,2022-12,전남,seasonal_growth,765701.47,490180.11,-275521.36,-35.98
2022,2022-09,경북,seasonal_naive,1532560.64,718803.67,-813756.97,-53.1
2022,2022-09,경북,seasonal_growth,1532560.64,898504.59,-634056.05,-41.37
2022,2022-10,경북,seasonal_naive,1823334.21,837003.56,-986330.65,-54.09
2022,2022-10,경북,seasonal_growth,1823334.21,1046254.45,-777079.76,-42.62
2022,2022-11,경북,seasonal_naive,1862492.01,904652.84,-957839.17,-51.43
2022,2022-11,경북,seasonal_growth,1862492.01,1130816.05,-731675.96,-39.28
2022,2022-12,경북,seasonal_naive,2083773.42,985936.52,-1097836.9,-52.69
2022,2022-12,경북,seasonal_growth,2083773.42,1232420.65,-851352.77,-40.86
2022,2022-09,경남,seasonal_naive,1082224.75,457438.18,-624786.57,-57.73
2022,2022-09,경남,seasonal_growth,1082224.75,571797.72,-510427.03,-47.16
2022,2022-10,경남,seasonal_naive,1220188.58,520207.86,-699980.72,-57.37
2022,2022-10,경남,seasonal_growth,1220188.58,650259.82,-569928.76,-46.71
2022,2022-11,경남,seasonal_naive,1211392.68,599980.68,-611412.0,-50.47
2022,2022-11,경남,seasonal_growth,1211392.68,749975.85,-461416.83,-38.09
2022,2022-12,경남,seasonal_naive,1365514.3,706502.5,-659011.8,-48.26
2022,2022-12,경남,seasonal_growth,1365514.3,883128.12,-482386.18,-35.33
2022,2022-09,제주,seasonal_naive,303514.48,229722.1,-73792.38,-24.31
2022,2022-09,제주,seasonal_growth,303514.48,287152.62,-16361.85,-5.39
2022,2022-10,제주,seasonal_naive,367075.18,250887.66,-116187.52,-31.65
2022,2022-10,제주,seasonal_growth,367075.18,313609.58,-53465.6,-14.57
2022,2022-11,제주,seasonal_naive,393227.31,247518.74,-145708.57,-37.05
2022,2022-11,제주,seasonal_growth,393227.31,309398.42,-83828.89,-21.32
2022,2022-12,제주,seasonal_naive,465138.09,267731.95,-197406.14,-42.44
2022,2022-12,제주,seasonal_growth,465138.09,334664.94,-130473.15,-28.05
2023,2023-09,서울,seasonal_naive,570733.35,709467.66,138734.31,24.31
2023,2023-09,서울,seasonal_growth,570733.35,777222.33,206488.98,36.18
2023,2023-10,서울,seasonal_naive,613403.38,755576.99,142173.61,23.18
2023,2023-10,서울,seasonal_growth,613403.38,827735.13,214331.75,34.94
2023,2023-11,서울,seasonal_naive,713025.73,789958.54,76932.81,10.79
2023,2023-11,서울,seasonal_growth,713025.73,865400.14,152374.41,21.37
2023,2023-12,서울,seasonal_naive,769929.62,1048050.26,278120.64,36.12
2023,2023-12,서울,seasonal_growth,769929.62,1148139.81,378210.19,49.12
2023,2023-09,부산,seasonal_naive,293299.31,309076.02,15776.71,5.38
2023,2023-09,부산,seasonal_growth,293299.31,384634.04,91334.73,31.14
2023,2023-10,부산,seasonal_naive,292986.67,332801.35,39814.68,13.59
2023,2023-10,부산,seasonal_growth,292986.67,414159.36,121172.69,41.36
2023,2023-11,부산,seasonal_naive,303891.85,340949.0,37057.15,12.19
2023,2023-11,부산,seasonal_growth,303891.85,424298.82,120406.97,39.62
2023,2023-12,부산,seasonal_naive,341514.44,401488.12,59973.68,17.56
2023,2023-12,부산,seasonal_growth,341514.44,499637.59,158123.15,46.3
2023,2023-09,대구,seasonal_naive,304810.94,392737.11,87926.17,28.85
2023,2023-09,대구,seasonal_growth,304810.94,454538.5,149727.56,49.12
2023,2023-10,대구,seasonal_naive,318427.23,421168.62,102741.39,32.27
2023,2023-10,대구,seasonal_growth,318427.23,487444.01,169016.78,53.08
2023,2023-11,대구,seasonal_naive,365803.41,433360.09,67556.68,18.47
2023,2023-11,대구,seasonal_growth,365803.41,501553.94,135750.53,37.11
2023,2023-12,대구,seasonal_naive,403564.35,504428.95,100864.6,24.99
2023,2023-12,대구,seasonal_growth,403564.35,583806.24,180241.89,44.66
2023,2023-09,인천,seasonal_naive,508567.88,613172.8,104604.92,20.57
2023,2023-09,인천,seasonal_growth,508567.88,715225.79,206657.91,40.64
2023,2023-10,인천,seasonal_naive,536780.09,690035.12,153255.03,28.55
2023,2023-10,인천,seasonal_growth,536780.09,804880.63,268100.54,49.95
2023,2023-11,인천,seasonal_naive,632850.23,702729.14,69878.91,11.04
2023,2023-11,인천,seasonal_growth,632850.23,819687.37,186837.14,29.52
2023,2023-12,인천,seasonal_naive,682397.82,861603.91,179206.09,26.26
2023,2023-12,인천,seasonal_growth,682397.82,1005004.35,322606.53,47.28
2023,2023-09,광주,seasonal_naive,208174.71,251321.22,43146.51,20.73
2023,2023-09,광주,seasonal_growth,208174.71,286082.38,77907.67,37.42
2023,2023-10,광주,seasonal_naive,203791.88,268508.03,64716.15,31.76
2023,2023-10,광주,seasonal_growth,203791.88,305646.36,101854.48,49.98
2023,2023-11,광주,seasonal_naive,225195.57,265748.77,40553.2,18.01
2023,2023-11,광주,seasonal_growth,225195.57,302505.46,77309.89,34.33
2023,2023-12,광주,seasonal_naive,245576.8,297324.39,51747.59,21.07
2023,2023-12,광주,seasonal_growth,245576.8,338448.42,92871.62,37.82
2023,2023-09,대전,seasonal_naive,332841.74,341643.46,8801.72,2.64
2023,2023-09,대전,seasonal_growth,332841.74,427054.33,94212.59,28.31
2023,2023-10,대전,seasonal_naive,346030.01,375573.17,29543.16,8.54
2023,2023-10,대전,seasonal_growth,346030.01,469466.46,123436.45,35.67
2023,2023-11,대전,seasonal_naive,400401.83,414012.33,13610.5,3.4
2023,2023-11,대전,seasonal_growth,400401.83,517515.41,117113.58,29.25
2023,2023-12,대전,seasonal_naive,415833.18,503893.54,88060.36,21.18
2023,2023-12,대전,seasonal_growth,415833.18,629866.92,214033.74,51.47
2023,2023-09,울산,seasonal_naive,251740.48,335605.17,83864.69,33.31
2023,2023-09,울산,seasonal_growth,251740.48,400115.24,148374.76,58.94
2023,2023-10,울산,seasonal_naive,250867.83,391310.82,140442.99,55.98
2023,2023-10,울산,seasonal_growth,250867.83,466528.64,215660.81,85.97
2023,2023-11,울산,seasonal_naive,268345.7,378425.32,110079.62,41.02
2023,2023-11,울산,seasonal_growth,268345.7,451166.29,182820.59,68.13
2023,2023-12,울산,seasonal_naive,291203.47,434429.3,143225.83,49.18
2023,2023-12,울산,seasonal_growth,291203.47,517935.36,226731.89,77.86
2023,2023-09,세종,seasonal_naive,51009.16,62484.66,11475.5,22.5
2023,2023-09,세종,seasonal_growth,51009.16,66690.02,15680.86,30.74
2023,2023-10,세종,seasonal_naive,58779.53,69562.7,10783.17,18.35
2023,2023-10,세종,seasonal_growth,58779.53,74244.43,15464.9,26.31
2023,2023-11,세종,seasonal_naive,65025.71,65802.26,776.55,1.19
2023,2023-11,세종,seasonal_growth,65025.71,70230.9,5205.19,8.0
2023,2023-12,세종,seasonal_naive,71402.38,76006.15,4603.77,6.45
2023,2023-12,세종,seasonal_growth,71402.38,81121.54,9719.16,13.61
2023,2023-09,경기,seasonal_naive,1919019.83,2026303.53,107283.7,5.59
2023,2023-09,경기,seasonal_growth,1919019.83,2406321.88,487302.05,25.39
2023,2023-10,경기,seasonal_naive,2125459.9,2269387.93,143928.03,6.77
2023,2023-10,경기,seasonal_growth,2125459.9,2694994.97,569535.07,26.8
2023,2023-11,경기,seasonal_naive,2414514.46,2360162.11,-54352.35,-2.25
2023,2023-11,경기,seasonal_growth,2414514.46,2802793.18,388278.72,16.08
2023,2023-12,경기,seasonal_naive,2479165.0,2795232.94,316067.94,12.75
2023,2023-12,경기,seasonal_growth,2479165.0,3319458.35,840293.35,33.89
2023,2023-09,강원,seasonal_naive,852088.84,891436.76,39347.92,4.62
2023,2023-09,강원,seasonal_growth,852088.84,1069951.57,217862.73,25.57
2023,2023-10,강원,seasonal_naive,984070.58,1066476.27,82405.69,8.37
2023,2023-10,강원,seasonal_growth,984070.58,1280043.64,295973.06,30.08
2023,2023-11,강원,seasonal_naive,960518.75,1003748.42,43229.67,4.5
2023,2023-11,강원,seasonal_growth,960518.75,1204754.22,244235.47,25.43
2023,2023-12,강원,seasonal_naive,995615.41,1127566.5,131951.09,13.25
2023,2023-12,강원,seasonal_growth,995615.41,1353367.51,357752.1,35.93
2023,2023-09,충북,seasonal_naive,1033236.71,1025130.44,-8106.27,-0.78
2023,2023-09,충북,seasonal_growth,1033236.71,1281413.05,248176.34,24.02
2023,2023-10,충북,seasonal_naive,1169783.6,1209458.95,39675.35,3.39
2023,2023-10,충북,seasonal_growth,1169783.6,1511823.69,342040.09,29.24
2023,2023-11,충북,seasonal_naive,1271536.62,1219903.44,-51633.18,-4.06
2023,2023-11,충북,seasonal_growth,1271536.62,1524879.3,253342.68,19.92
2023,2023-12,충북,seasonal_naive,1275279.9,1321662.28,46382.38,3.64
2023,2023-12,충북,seasonal_growth,1275279.9,1652077.85,376797.95,29.55
2023,2023-09,충남,seasonal_naive,1054979.92,1018488.25,-36491.67,-3.46
2023,2023-09,충남,seasonal_growth,1054979.92,1273110.31,218130.39,20.68
2023,2023-10,충남,seasonal_naive,1168232.27,1179659.83,11427.56,0.98
2023,2023-10,충남,seasonal_growth,1168232.27,1474574.79,306342.52,26.22
2023,2023-11,충남,seasonal_naive,1273274.07,1206983.44,-66290.63,-5.21
2023,2023-11,충남,seasonal_growth,1273274.07,1508729.3,235455.23,18.49
2023,2023-12,충남,seasonal_naive,1276211.96,1299289.01,23077.05,1.81
2023,2023-12,충남,seasonal_growth,1276211.96,1624111.26,347899.3,27.26
2023,2023-09,전북,seasonal_naive,848718.63,977373.64,128655.01,15.16
2023,2023-09,전북,seasonal_growth,848718.63,1221717.05,372998.42,43.95
2023,2023-10,전북,seasonal_naive,921306.41,1074946.9,153640.49,16.68
2023,2023-10,전북,seasonal_growth,921306.41,1343683.62,422377.21,45.85
2023,2023-11,전북,seasonal_naive,1018471.43,1038263.62,19792.19,1.94
2023,2023-11,전북,seasonal_growth,1018471.43,1297829.52,279358.09,27.43
2023,2023-12,전북,seasonal_naive,1045125.3,1052279.47,7154.17,0.68
2023,2023-12,전북,seasonal_growth,1045125.3,1315349.34,270224.04,25.86
2023,2023-09,전남,seasonal_naive,767026.34,634163.23,-132863.11,-17.32
2023,2023-09,전남,seasonal_growth,767026.34,792704.04,25677.7,3.35
2023,2023-10,전남,seasonal_naive,809670.88,733203.43,-76467.45,-9.44
2023,2023-10,전남,seasonal_growth,809670.88,916504.29,106833.41,13.19
2023,2023-11,전남,seasonal_naive,831412.46,720406.72,-111005.74,-13.35
2023,2023-11,전남,seasonal_growth,831412.46,900508.4,69095.94,8.31
2023,2023-12,전남,seasonal_naive,846646.51,765701.47,-80945.04,-9.56
2023,2023-12,전남,seasonal_growth,846646.51,957126.84,110480.33,13.05
2023,2023-09,경북,seasonal_naive,1600071.11,1532560.64,-67510.47,-4.22
2023,2023-09,경북,seasonal_growth,1600071.11,1915700.8,315629.69,19.73
2023,2023-10,경북,seasonal_naive,1721761.2,1823334.21,101573.01,5.9
2023,2023-10,경북,seasonal_growth,1721761.2,2279167.76,557406.56,32.37
2023,2023-11,경북,seasonal_naive,1800743.24,1862492.01,61748.77,3.43
2023,2023-11,경북,seasonal_growth,1800743.24,2328115.01,527371.77,29.29
2023,2023-12,경북,seasonal_naive,1903422.53,2083773.42,180350.89,9.48
2023,2023-12,경북,seasonal_growth,1903422.53,2604716.77,701294.24,36.84
2023,2023-09,경남,seasonal_naive,1121810.52,1082224.75,-39585.77,-3.53
2023,2023-09,경남,seasonal_growth,1121810.52,1352780.94,230970.42,20.59
2023,2023-10,경남,seasonal_naive,1207804.13,1220188.58,12384.45,1.03
2023,2023-10,경남,seasonal_growth,1207804.13,1525235.73,317431.6,26.28
2023,2023-11,경남,seasonal_naive,1280912.08,1211392.68,-69519.4,-5.43
2023,2023-11,경남,seasonal_growth,1280912.08,1514240.85,233328.77,18.22
2023,2023-12,경남,seasonal_naive,1375694.98,1365514.3,-10180.68,-0.74
2023,2023-12,경남,seasonal_growth,1375694.98,1706892.88,331197.9,24.07
2023,2023-09,제주,seasonal_naive,506905.22,303514.48,-203390.74,-40.12
2023,2023-09,제주,seasonal_growth,506905.22,379393.1,-127512.12,-25.16
2023,2023-10,제주,seasonal_naive,502398.62,367075.18,-135323.44,-26.94
2023,2023-10,제주,seasonal_growth,502398.62,458843.97,-43554.65,-8.67
2023,2023-11,제주,seasonal_naive,536541.56,393227.31,-143314.25,-26.71
2023,2023-11,제주,seasonal_growth,536541.56,491534.14,-45007.42,-8.39
2023,2023-12,제주,seasonal_naive,586741.79,465138.09,-121603.7,-20.73
2023,2023-12,제주,seasonal_growth,586741.79,581422.61,-5319.18,-0.91
2024,2024-09,서울,seasonal_naive,523302.49,570733.35,47430.86,9.06
2024,2024-09,서울,seasonal_growth,523302.49,485123.35,-38179.14,-7.3
2024,2024-10,서울,seasonal_naive,512029.07,613403.38,101374.31,19.8
2024,2024-10,서울,seasonal_growth,512029.07,521392.87,9363.8,1.83
2024,2024-11,서울,seasonal_naive,562368.12,713025.73,150657.61,26.79
2024,2024-11,서울,seasonal_growth,562368.12,606071.87,43703.75,7.77
2024,2024-12,서울,seasonal_naive,682802.41,769929.62,87127.21,12.76
2024,2024-12,서울,seasonal_growth,682802.41,654440.18,-28362.23,-4.15
2024,2024-09,부산,seasonal_naive,237872.54,293299.31,55426.77,23.3
2024,2024-09,부산,seasonal_growth,237872.54,249304.41,11431.87,4.81
2024,2024-10,부산,seasonal_naive,223834.5,292986.67,69152.17,30.89
2024,2024-10,부산,seasonal_growth,223834.5,249038.67,25204.17,11.26
2024,2024-11,부산,seasonal_naive,229851.77,303891.85,74040.08,32.21
2024,2024-11,부산,seasonal_growth,229851.77,258308.07,28456.3,12.38
2024,2024-12,부산,seasonal_naive,254527.21,341514.44,86987.23,34.18
2024,2024-12,부산,seasonal_growth,254527.21,290287.27,35760.06,14.05
2024,2024-09,대구,seasonal_naive,302875.16,304810.94,1935.78,0.64
2024,2024-09,대구,seasonal_growth,302875.16,260618.18,-42256.98,-13.95
2024,2024-10,대구,seasonal_naive,295084.11,318427.23,23343.12,7.91
2024,2024-10,대구,seasonal_growth,295084.11,272260.32,-22823.79,-7.73
2024,2024-11,대구,seasonal_naive,311084.61,365803.41,54718.8,17.59
2024,2024-11,대구,seasonal_growth,311084.61,312767.71,1683.1,0.54
2024,2024-12,대구,seasonal_naive,359611.07,403564.35,43953.28,12.22
2024,2024-12,대구,seasonal_growth,359611.07,345053.91,-14557.16,-4.05
2024,2024-09,인천,seasonal_naive,483496.44,508567.88,25071.44,5.19
2024,2024-09,인천,seasonal_growth,483496.44,448735.38,-34761.06,-7.19
2024,2024-10,인천,seasonal_naive,480117.0,536780.09,56663.09,11.8
2024,2024-10,인천,seasonal_growth,480117.0,473628.45,-6488.55,-1.35
2024,2024-11,인천,seasonal_naive,532961.49,632850.23,99888.74,18.74
2024,2024-11,인천,seasonal_growth,532961.49,558396.03,25434.54,4.77
2024,2024-12,인천,seasonal_naive,628151.25,682397.82,54246.57,8.64
2024,2024-12,인천,seasonal_growth,628151.25,602114.4,-26036.85,-4.14
2024,2024-09,광주,seasonal_naive,212301.37,208174.71,-4126.66,-1.94
2024,2024-09,광주,seasonal_growth,212301.37,176948.5,-35352.87,-16.65
2024,2024-10,광주,seasonal_naive,188646.03,203791.88,15145.85,8.03
2024,2024-10,광주,seasonal_growth,188646.03,173223.1,-15422.93,-8.18
2024,2024-11,광주,seasonal_naive,208684.19,225195.57,16511.38,7.91
2024,2024-11,광주,seasonal_growth,208684.19,191416.23,-17267.96,-8.27
2024,2024-12,광주,seasonal_naive,236437.64,245576.8,9139.16,3.87
2024,2024-12,광주,seasonal_growth,236437.64,208740.28,-27697.36,-11.71
2024,2024-09,대전,seasonal_naive,256652.12,332841.74,76189.62,29.69
2024,2024-09,대전,seasonal_growth,256652.12,282915.48,26263.36,10.23
2024,2024-10,대전,seasonal_naive,244295.61,346030.01,101734.4,41.64
2024,2024-10,대전,seasonal_growth,244295.61,294125.51,49829.9,20.4
2024,2024-11,대전,seasonal_naive,275912.21,400401.83,124489.62,45.12
2024,2024-11,대전,seasonal_growth,275912.21,340341.56,64429.35,23.35
2024,2024-12,대전,seasonal_naive,327827.6,415833.18,88005.58,26.85
2024,2024-12,대전,seasonal_growth,327827.6,353458.2,25630.6,7.82
2024,2024-09,울산,seasonal_naive,217492.73,251740.48,34247.75,15.75
2024,2024-09,울산,seasonal_growth,217492.73,213979.41,-3513.32,-1.62
2024,2024-10,울산,seasonal_naive,206035.04,250867.83,44832.79,21.76
2024,2024-10,울산,seasonal_growth,206035.04,213237.66,7202.62,3.5
2024,2024-11,울산,seasonal_naive,217346.08,268345.7,50999.62,23.46
2024,2024-11,울산,seasonal_growth,217346.08,228093.85,10747.77,4.95
2024,2024-12,울산,seasonal_naive,247325.02,291203.47,43878.45,17.74
2024,2024-12,울산,seasonal_growth,247325.02,247522.95,197.93,0.08
2024,2024-09,세종,seasonal_naive,68867.46,51009.16,-17858.3,-25.93
2024,2024-09,세종,seasonal_growth,68867.46,54660.67,-14206.79,-20.63
2024,2024-10,세종,seasonal_naive,67778.5,58779.53,-8998.97,-13.28
2024,2024-10,세종,seasonal_growth,67778.5,62987.28,-4791.22,-7.07
2024,2024-11,세종,seasonal_naive,73114.98,65025.71,-8089.27,-11.06
2024,2024-11,세종,seasonal_growth,73114.98,69680.6,-3434.38,-4.7
2024,2024-12,세종,seasonal_naive,81389.68,71402.38,-9987.3,-12.27
2024,2024-12,세종,seasonal_growth,81389.68,76513.74,-4875.94,-5.99
2024,2024-09,경기,seasonal_naive,1888050.91,1919019.83,30968.92,1.64
2024,2024-09,경기,seasonal_growth,1888050.91,1687769.2,-200281.71,-10.61
2024,2024-10,경기,seasonal_naive,1897815.7,2125459.9,227644.2,12.0
2024,2024-10,경기,seasonal_growth,1897815.7,1869332.31,-28483.39,-1.5
2024,2024-11,경기,seasonal_naive,2037548.99,2414514.46,376965.47,18.5
2024,2024-11,경기,seasonal_growth,2037548.99,2123554.48,86005.49,4.22
2024,2024-12,경기,seasonal_naive,2381304.73,2479165.0,97860.27,4.11
2024,2024-12,경기,seasonal_growth,2381304.73,2180414.33,-200890.4,-8.44
2024,2024-09,강원,seasonal_naive,756467.04,852088.84,95621.8,12.64
2024,2024-09,강원,seasonal_growth,756467.04,761023.39,4556.35,0.6
2024,2024-10,강원,seasonal_naive,811784.77,984070.58,172285.81,21.22
2024,2024-10,강원,seasonal_growth,811784.77,878899.82,67115.05,8.27
2024,2024-11,강원,seasonal_naive,793869.23,960518.75,166649.52,20.99
2024,2024-11,강원,seasonal_growth,793869.23,857865.05,63995.82,8.06
2024,2024-12,강원,seasonal_naive,891668.32,995615.41,103947.09,11.66
2024,2024-12,강원,seasonal_growth,891668.32,889210.82,-2457.5,-0.28
2024,2024-09,충북,seasonal_naive,1028206.41,1033236.71,5030.3,0.49
2024,2024-09,충북,seasonal_growth,1028206.41,939087.09,-89119.32,-8.67
2024,2024-10,충북,seasonal_naive,1039941.61,1169783.6,129841.99,12.49
2024,2024-10,충북,seasonal_growth,1039941.61,1063191.68,23250.07,2.24
2024,2024-11,충북,seasonal_naive,1146341.98,1271536.62,125194.64,10.92
2024,2024-11,충북,seasonal_growth,1146341.98,1155672.86,9330.88,0.81
2024,2024-12,충북,seasonal_naive,1223150.87,1275279.9,52129.03,4.26
2024,2024-12,충북,seasonal_growth,1223150.87,1159075.05,-64075.82,-5.24
2024,2024-09,충남,seasonal_naive,1229263.93,1054979.92,-174284.01,-14.18
2024,2024-09,충남,seasonal_growth,1229263.93,1070606.88,-158657.05,-12.91
2024,2024-10,충남,seasonal_naive,1206684.85,1168232.27,-38452.58,-3.19
2024,2024-10,충남,seasonal_growth,1206684.85,1185536.79,-21148.06,-1.75
2024,2024-11,충남,seasonal_naive,1267572.33,1273274.07,5701.74,0.45
2024,2024-11,충남,seasonal_growth,1267572.33,1292134.53,24562.2,1.94
2024,2024-12,충남,seasonal_naive,1362172.37,1276211.96,-85960.41,-6.31
2024,2024-12,충남,seasonal_growth,1362172.37,1295115.93,-67056.44,-4.92
2024,2024-09,전북,seasonal_naive,912119.74,848718.63,-63401.11,-6.95
2024,2024-09,전북,seasonal_growth,912119.74,765105.41,-147014.33,-16.12
2024,2024-10,전북,seasonal_naive,861858.78,921306.41,59447.63,6.9
2024,2024-10,전북,seasonal_growth,861858.78,830542.06,-31316.72,-3.63
2024,2024-11,전북,seasonal_naive,927539.32,1018471.43,90932.11,9.8
2024,2024-11,전북,seasonal_growth,927539.32,918134.67,-9404.65,-1.01
2024,2024-12,전북,seasonal_naive,971875.19,1045125.3,73250.11,7.54
2024,2024-12,전북,seasonal_growth,971875.19,942162.68,-29712.51,-3.06
2024,2024-09,전남,seasonal_naive,843336.65,767026.34,-76310.31,-9.05
2024,2024-09,전남,seasonal_growth,843336.65,743067.86,-100268.79,-11.89
2024,2024-10,전남,seasonal_naive,761476.28,809670.88,48194.6,6.33
2024,2024-10,전남,seasonal_growth,761476.28,784380.37,22904.09,3.01
2024,2024-11,전남,seasonal_naive,826326.47,831412.46,5085.99,0.62
2024,2024-11,전남,seasonal_growth,826326.47,805442.84,-20883.63,-2.53
2024,2024-12,전남,seasonal_naive,884722.09,846646.51,-38075.58,-4.3
2024,2024-12,전남,seasonal_growth,884722.09,820201.05,-64521.04,-7.29
2024,2024-09,경북,seasonal_naive,1461054.79,1600071.11,139016.32,9.51
2024,2024-09,경북,seasonal_growth,1461054.79,1360060.44,-100994.35,-6.91
2024,2024-10,경북,seasonal_naive,1412016.54,1721761.2,309744.66,21.94
2024,2024-10,경북,seasonal_growth,1412016.54,1463497.02,51480.48,3.65
2024,2024-11,경북,seasonal_naive,1515569.75,1800743.24,285173.49,18.82
2024,2024-11,경북,seasonal_growth,1515569.75,1530631.75,15062.0,0.99
2024,2024-12,경북,seasonal_naive,1658169.85,1903422.53,245252.68,14.79
2024,2024-12,경북,seasonal_growth,1658169.85,1617909.15,-40260.7,-2.43
2024,2024-09,경남,seasonal_naive,1168584.36,1121810.52,-46773.84,-4.0
2024,2024-09,경남,seasonal_growth,1168584.36,1044180.83,-124403.53,-10.65
2024,2024-10,경남,seasonal_naive,1129581.21,1207804.13,78222.92,6.92
2024,2024-10,경남,seasonal_growth,1129581.21,1124223.65,-5357.56,-0.47
2024,2024-11,경남,seasonal_naive,1167405.03,1280912.08,113507.05,9.72
2024,2024-11,경남,seasonal_growth,1167405.03,1192272.5,24867.47,2.13
2024,2024-12,경남,seasonal_naive,1287286.9,1375694.98,88408.08,6.87
2024,2024-12,경남,seasonal_growth,1287286.9,1280496.39,-6790.51,-0.53
2024,2024-09,제주,seasonal_naive,637162.1,506905.22,-130256.88,-20.44
2024,2024-09,제주,seasonal_growth,637162.1,585517.15,-51644.95,-8.11
2024,2024-10,제주,seasonal_naive,585027.02,502398.62,-82628.4,-14.12
2024,2024-10,제주,seasonal_growth,585027.02,580311.66,-4715.36,-0.81
2024,2024-11,제주,seasonal_naive,585298.62,536541.56,-48757.06,-8.33
2024,2024-11,제주,seasonal_growth,585298.62,619749.56,34450.94,5.89
2024,2024-12,제주,seasonal_naive,667706.83,586741.79,-80965.04,-12.13
2024,2024-12,제주,seasonal_growth,667706.83,677734.94,10028.11,1.5
