기준월,시도,actual,forecast,component_moe_scaled,component_load_share,weight_moe,weight_load,잔차,pct_error
2020-01,서울,322342.67,188523.19,188523.19,438721.1,1.0,0.0,-133819.48,-41.51
2020-01,부산,85880.9,81845.62,81845.62,106245.61,1.0,0.0,-4035.28,-4.7
2020-01,대구,248281.54,249803.41,249803.41,147461.58,1.0,0.0,1521.87,0.61
2020-01,인천,90815.89,80957.49,80957.49,111741.07,1.0,0.0,-9858.4,-10.86
2020-01,광주,138395.36,97928.59,97928.59,72356.93,1.0,0.0,-40466.77,-29.24
2020-01,대전,121197.56,121011.04,121011.04,79684.21,1.0,0.0,-186.52,-0.15
2020-01,울산,34228.55,32175.71,32175.71,34804.6,1.0,0.0,-2052.84,-6.0
2020-01,세종,59250.82,50776.11,50776.11,54038.72,1.0,0.0,-8474.71,-14.3
2020-01,경기,353691.42,302350.81,302350.81,544050.81,1.0,0.0,-51340.61,-14.52
2020-01,강원,186125.13,167172.85,167172.85,151125.22,1.0,0.0,-18952.28,-10.18
2020-01,충북,130467.23,126524.65,126524.65,141050.21,1.0,0.0,-3942.58,-3.02
2020-01,충남,91235.68,87674.44,87674.44,125479.73,1.0,0.0,-3561.24,-3.9
2020-01,전북,92496.1,80143.58,80143.58,128227.46,1.0,0.0,-12352.52,-13.35
2020-01,전남,206836.92,161167.11,161167.11,154788.87,1.0,0.0,-45669.81,-22.08
2020-01,경북,190486.85,189143.27,189143.27,214323.04,1.0,0.0,-1343.58,-0.71
2020-01,경남,177624.03,176213.06,176213.06,243632.18,1.0,0.0,-1410.97,-0.79
2020-01,제주,370415.83,363692.9,363692.9,152041.13,1.0,0.0,-6722.93,-1.81
2020-02,서울,291309.0,161815.8,161815.8,370026.14,1.0,0.0,-129493.2,-44.45
2020-02,부산,65307.04,68163.97,68163.97,89609.67,1.0,0.0,2856.93,4.37
2020-02,대구,211040.68,197021.09,197021.09,124372.04,1.0,0.0,-14019.59,-6.64
2020-02,인천,78451.85,70729.28,70729.28,94244.65,1.0,0.0,-7722.57,-9.84
2020-02,광주,119808.98,73209.14,73209.14,61027.28,1.0,0.0,-46599.84,-38.9
2020-02,대전,101630.03,91516.01,91516.01,67207.25,1.0,0.0,-10114.02,-9.95
2020-02,울산,28682.07,25752.46,25752.46,29354.89,1.0,0.0,-2929.61,-10.21
2020-02,세종,86302.1,42153.73,42153.73,45577.33,1.0,0.0,-44148.37,-51.16
2020-02,경기,288976.22,256135.3,256135.3,458863.31,1.0,0.0,-32840.92,-11.36
2020-02,강원,150615.28,135171.96,135171.96,127462.03,1.0,0.0,-15443.32,-10.25
2020-02,충북,106148.43,99451.98,99451.98,118964.56,1.0,0.0,-6696.45,-6.31
2020-02,충남,75887.53,66600.92,66600.92,105832.11,1.0,0.0,-9286.61,-12.24
2020-02,전북,73798.03,60555.38,60555.38,108149.6,1.0,0.0,-13242.65,-17.94
2020-02,전남,173147.08,125320.19,125320.19,130552.02,1.0,0.0,-47826.89,-27.62
2020-02,경북,144046.72,138377.79,138377.79,180764.33,1.0,0.0,-5668.93,-3.94
2020-02,경남,147469.42,131337.29,131337.29,205484.24,1.0,0.0,-16132.13,-10.94
2020-02,제주,303105.54,284401.33,284401.33,128234.53,1.0,0.0,-18704.21,-6.17
2020-03,서울,262236.74,173848.36,173848.36,345422.69,1.0,0.0,-88388.38,-33.71
2020-03,부산,61850.54,61954.58,61954.58,83651.42,1.0,0.0,104.04,0.17
2020-03,대구,183780.85,179144.23,179144.23,116102.41,1.0,0.0,-4636.62,-2.52
2020-03,인천,76011.26,78592.19,78592.19,87978.22,1.0,0.0,2580.93,3.4
2020-03,광주,111678.48,73976.88,73976.88,56969.5,1.0,0.0,-37701.6,-33.76
2020-03,대전,91295.62,90219.52,90219.52,62738.57,1.0,0.0,-1076.1,-1.18
2020-03,울산,25262.53,24558.4,24558.4,27403.05,1.0,0.0,-704.13,-2.79
2020-03,세종,80731.13,41664.64,41664.64,42546.84,1.0,0.0,-39066.49,-48.39
2020-03,경기,270987.02,270003.63,270003.63,428352.98,1.0,0.0,-983.39,-0.36
2020-03,강원,126019.9,125554.37,125554.37,118986.94,1.0,0.0,-465.53,-0.37
2020-03,충북,99126.89,91446.31,91446.31,111054.48,1.0,0.0,-7680.58,-7.75
2020-03,충남,72471.05,69066.89,69066.89,98795.22,1.0,0.0,-3404.16,-4.7
2020-03,전북,73690.1,68884.17,68884.17,100958.62,1.0,0.0,-4805.93,-6.52
2020-03,전남,179410.38,155925.46,155925.46,121871.47,1.0,0.0,-23484.92,-13.09
2020-03,경북,126583.04,121325.45,121325.45,168745.11,1.0,0.0,-5257.59,-4.15
2020-03,경남,158376.1,137405.22,137405.22,191821.37,1.0,0.0,-20970.88,-13.24
2020-03,제주,283595.34,294454.06,294454.06,119708.07,1.0,0.0,10858.72,3.83
2020-04,서울,255161.16,171507.18,171507.18,352671.53,1.0,0.0,-83653.98,-32.78
2020-04,부산,65767.93,65606.46,65606.46,85406.89,1.0,0.0,-161.47,-0.25
2020-04,대구,206217.85,204969.13,204969.13,118538.87,1.0,0.0,-1248.72,-0.61
2020-04,인천,77211.78,74756.8,74756.8,89824.48,1.0,0.0,-2454.98,-3.18
2020-04,광주,120515.66,85727.87,85727.87,58165.03,1.0,0.0,-34787.79,-28.87
2020-04,대전,98073.14,98224.54,98224.54,64055.16,1.0,0.0,151.4,0.15
2020-04,울산,21554.86,27462.27,27462.27,27978.12,1.0,0.0,5907.41,27.41
2020-04,세종,75697.66,44986.64,44986.64,43439.71,1.0,0.0,-30711.02,-40.57
2020-04,경기,264294.51,272642.15,272642.15,437342.15,1.0,0.0,8347.64,3.16
2020-04,강원,124607.26,125070.99,125070.99,121483.93,1.0,0.0,463.73,0.37
2020-04,충북,105270.4,111358.29,111358.29,113385.0,1.0,0.0,6087.89,5.78
2020-04,충남,77843.44,81139.22,81139.22,100868.48,1.0,0.0,3295.78,4.23
2020-04,전북,76761.05,82518.21,82518.21,103077.28,1.0,0.0,5757.16,7.5
2020-04,전남,180622.67,182365.09,182365.09,124429.0,1.0,0.0,1742.42,0.96
2020-04,경북,147633.88,148690.1,148690.1,172286.3,1.0,0.0,1056.22,0.72
2020-04,경남,152842.06,154075.77,154075.77,195846.82,1.0,0.0,1233.71,0.81
2020-04,제주,280943.64,271208.54,271208.54,122220.2,1.0,0.0,-9735.1,-3.47
2020-05,서울,262626.46,196441.56,196441.56,379347.47,1.0,0.0,-66184.9,-25.2
2020-05,부산,76873.85,76744.97,76744.97,91867.03,1.0,0.0,-128.88,-0.17
2020-05,대구,233097.37,243894.24,243894.24,127505.1,1.0,0.0,10796.87,4.63
2020-05,인천,76520.27,79222.43,79222.43,96618.77,1.0,0.0,2702.16,3.53
2020-05,광주,115507.44,85453.73,85453.73,62564.61,1.0,0.0,-30053.71,-26.02
2020-05,대전,106188.99,112501.27,112501.27,68900.27,1.0,0.0,6312.28,5.94
2020-05,울산,28410.9,29249.54,29249.54,30094.37,1.0,0.0,838.64,2.95
2020-05,세종,79284.58,48248.55,48248.55,46725.47,1.0,0.0,-31036.03,-39.15
2020-05,경기,290844.0,291907.17,291907.17,470422.54,1.0,0.0,1063.17,0.37
2020-05,강원,134213.11,148979.98,148979.98,130672.93,1.0,0.0,14766.87,11.0
2020-05,충북,118863.31,122686.28,122686.28,121961.4,1.0,0.0,3822.97,3.22
2020-05,충남,82569.16,88405.82,88405.82,108498.13,1.0,0.0,5836.66,7.07
2020-05,전북,82784.12,96043.37,96043.37,110874.0,1.0,0.0,13259.25,16.02
2020-05,전남,191329.85,194775.93,194775.93,133840.76,1.0,0.0,3446.08,1.8
2020-05,경북,161176.06,172945.56,172945.56,185317.97,1.0,0.0,11769.5,7.3
2020-05,경남,160800.76,190346.37,190346.37,210660.6,1.0,0.0,29545.61,18.37
2020-05,제주,306246.06,312013.69,312013.69,131464.88,1.0,0.0,5767.63,1.88
2020-06,서울,268231.93,261638.41,261638.41,815988.53,1.0,0.0,-6593.52,-2.46
2020-06,부산,76316.07,96019.11,96019.11,197608.91,1.0,0.0,19703.04,25.82
2020-06,대구,233328.1,283334.21,283334.21,274267.54,1.0,0.0,50006.11,21.43
2020-06,인천,70929.85,95967.83,95967.83,207830.07,1.0,0.0,25037.98,35.3
2020-06,광주,90137.73,95355.91,95355.91,134578.48,1.0,0.0,5218.18,5.79
2020-06,대전,95656.82,127588.98,127588.98,148206.69,1.0,0.0,31932.16,33.38
2020-06,울산,27174.07,30928.35,30928.35,64733.95,1.0,0.0,3754.28,13.82
2020-06,세종,3074367.7,63215.15,63215.15,100507.98,1.0,0.0,-3011152.55,-97.94
2020-06,경기,270671.83,330457.63,330457.63,1011893.92,1.0,0.0,59785.8,22.09
2020-06,강원,129408.95,158168.84,158168.84,281081.65,1.0,0.0,28759.89,22.22
2020-06,충북,107000.3,124629.31,124629.31,262342.87,1.0,0.0,17629.01,16.48
2020-06,충남,75362.57,91377.85,91377.85,233382.94,1.0,0.0,16015.28,21.25
2020-06,전북,69885.99,100444.02,100444.02,238493.52,1.0,0.0,30558.03,43.73
2020-06,전남,178627.53,197831.76,197831.76,287895.75,1.0,0.0,19204.23,10.75
2020-06,경북,182781.22,185156.81,185156.81,398624.88,1.0,0.0,2375.59,1.3
2020-06,경남,145882.54,202998.72,202998.72,453137.68,1.0,0.0,57116.18,39.15
2020-06,제주,297597.34,357180.99,357180.99,282785.17,1.0,0.0,59583.65,20.02
