연도,월,기준월,시도,전기차등록대수,충전량_kWh,충전횟수,충전시간_h,활성충전기수,EV당충전량,EV당충전횟수,활성기당충전량
2019,1,2019-01,강원,1393,50783.18,3543.0,981.1,115.0,36.46,2.54,441.59
2019,1,2019-01,경기,6493,107145.62,7255.0,2025.7,95.0,16.5,1.12,1127.85
2019,1,2019-01,경남,2123,64584.06,4206.0,1249.3,94.0,30.42,1.98,687.06
2019,1,2019-01,경북,2017,117641.72,7621.0,2229.59,151.0,58.33,3.78,779.08
2019,1,2019-01,광주,1446,8664.94,572.0,146.31,17.0,5.99,0.4,509.7
2019,1,2019-01,대구,6885,45238.36,3044.0,942.09,46.0,6.57,0.44,983.44
2019,1,2019-01,대전,1360,9634.7,548.0,136.11,11.0,7.08,0.4,875.88
2019,1,2019-01,부산,1589,12068.45,788.0,221.04,14.0,7.59,0.5,862.03
2019,1,2019-01,서울,9571,29171.75,2082.0,550.24,34.0,3.05,0.22,857.99
2019,1,2019-01,세종,402,6229.91,411.0,105.01,4.0,15.5,1.02,1557.48
2019,1,2019-01,울산,862,12689.06,914.0,292.64,41.0,14.72,1.06,309.49
2019,1,2019-01,인천,1298,14013.79,911.0,220.72,10.0,10.8,0.7,1401.38
2019,1,2019-01,전남,1997,34377.41,2422.0,746.51,88.0,17.21,1.21,390.65
2019,1,2019-01,전북,1005,43272.45,2800.0,806.53,53.0,43.06,2.79,816.46
2019,1,2019-01,제주,15297,69318.09,5112.0,1261.12,29.0,4.53,0.33,2390.28
2019,1,2019-01,충남,1142,61539.37,3993.0,1167.44,77.0,53.89,3.5,799.21
2019,1,2019-01,충북,1205,85638.11,5267.0,1403.96,98.0,71.07,4.37,873.86
2019,2,2019-02,강원,1423,42633.33,3091.0,840.74,134.0,29.96,2.17,318.16
2019,2,2019-02,경기,6579,101085.29,6946.0,1924.16,109.0,15.36,1.06,927.39
2019,2,2019-02,경남,2211,64856.92,4275.0,1278.64,117.0,29.33,1.93,554.33
2019,2,2019-02,경북,2043,125591.82,8469.0,2424.46,197.0,61.47,4.15,637.52
2019,2,2019-02,광주,1462,8342.7,581.0,155.46,22.0,5.71,0.4,379.21
2019,2,2019-02,대구,6927,45309.74,2984.0,870.32,54.0,6.54,0.43,839.07
2019,2,2019-02,대전,1358,10588.7,739.0,167.29,25.0,7.8,0.54,423.55
2019,2,2019-02,부산,1602,11548.22,780.0,230.45,21.0,7.21,0.49,549.92
2019,2,2019-02,서울,9647,25329.78,1859.0,503.24,48.0,2.63,0.19,527.7
2019,2,2019-02,세종,414,6492.36,417.0,103.29,4.0,15.68,1.01,1623.09
2019,2,2019-02,울산,864,13378.56,936.0,279.02,46.0,15.48,1.08,290.84
2019,2,2019-02,인천,1341,12002.1,948.0,228.22,45.0,8.95,0.71,266.71
2019,2,2019-02,전남,1999,37062.03,2691.0,813.16,102.0,18.54,1.35,363.35
2019,2,2019-02,전북,1017,45640.11,2912.0,846.11,64.0,44.88,2.86,713.13
2019,2,2019-02,제주,15268,59184.28,4644.0,1146.32,29.0,3.88,0.3,2040.84
2019,2,2019-02,충남,1161,56444.43,3702.0,1067.3,104.0,48.62,3.19,542.73
2019,2,2019-02,충북,1216,84552.9,5333.0,1456.86,106.0,69.53,4.39,797.67
2019,3,2019-03,강원,1567,53561.12,3953.0,985.78,194.0,34.18,2.52,276.09
2019,3,2019-03,경기,7290,123525.66,8573.0,2306.72,167.0,16.94,1.18,739.67
2019,3,2019-03,경남,2602,83186.23,5501.0,1486.88,134.0,31.97,2.11,620.79
2019,3,2019-03,경북,2404,145378.58,10011.0,2724.14,229.0,60.47,4.16,634.84
2019,3,2019-03,광주,1587,11609.07,852.0,209.73,28.0,7.32,0.54,414.61
2019,3,2019-03,대구,7140,50641.13,3604.0,843.72,67.0,7.09,0.5,755.84
2019,3,2019-03,대전,1463,15598.77,1102.0,261.75,32.0,10.66,0.75,487.46
2019,3,2019-03,부산,1786,13285.81,991.0,261.47,29.0,7.44,0.55,458.13
2019,3,2019-03,서울,9934,31699.74,2214.0,512.34,69.0,3.19,0.22,459.42
2019,3,2019-03,세종,535,9538.32,699.0,156.75,16.0,17.83,1.31,596.14
2019,3,2019-03,울산,902,19063.43,1288.0,337.24,55.0,21.13,1.43,346.61
2019,3,2019-03,인천,1499,18248.5,1605.0,374.12,52.0,12.17,1.07,350.93
2019,3,2019-03,전남,2514,53826.44,4314.0,1085.69,151.0,21.41,1.72,356.47
2019,3,2019-03,전북,1196,57396.42,3801.0,1047.1,110.0,47.99,3.18,521.79
2019,3,2019-03,제주,15597,61267.56,4889.0,1206.03,39.0,3.93,0.31,1570.96
2019,3,2019-03,충남,1559,82571.34,5219.0,1380.53,137.0,52.96,3.35,602.71
2019,3,2019-03,충북,1377,87700.5,5893.0,1574.61,129.0,63.69,4.28,679.85
2019,4,2019-04,강원,1727,65165.26,4790.0,1143.97,206.0,37.73,2.77,316.34
2019,4,2019-04,경기,7872,146900.91,10306.0,2627.18,186.0,18.66,1.31,789.79
2019,4,2019-04,경남,2783,95497.6,6238.0,1592.61,144.0,34.31,2.24,663.18
2019,4,2019-04,경북,2763,181828.33,12799.0,3289.01,257.0,65.81,4.63,707.5
2019,4,2019-04,광주,1736,13943.73,968.0,231.31,30.0,8.03,0.56,464.79
2019,4,2019-04,대구,7475,60214.4,4261.0,987.14,68.0,8.06,0.57,885.51
2019,4,2019-04,대전,1616,21302.83,1471.0,313.04,38.0,13.18,0.91,560.6
2019,4,2019-04,부산,1906,18514.36,1476.0,358.43,29.0,9.71,0.77,638.43
2019,4,2019-04,서울,10175,37345.66,2542.0,615.06,65.0,3.67,0.25,574.55
2019,4,2019-04,세종,642,19599.07,1618.0,373.7,22.0,30.53,2.52,890.87
2019,4,2019-04,울산,927,21885.49,1456.0,367.14,61.0,23.61,1.57,358.78
2019,4,2019-04,인천,1686,23037.39,2133.0,483.68,57.0,13.66,1.27,404.16
2019,4,2019-04,전남,2687,65083.38,5652.0,1394.24,152.0,24.22,2.1,428.18
2019,4,2019-04,전북,1418,84442.9,5330.0,1325.54,110.0,59.55,3.76,767.66
2019,4,2019-04,제주,16066,70827.2,5605.0,1414.95,62.0,4.41,0.35,1142.37
2019,4,2019-04,충남,2051,118456.75,7556.0,1805.56,151.0,57.76,3.68,784.48
2019,4,2019-04,충북,1695,104120.4,7285.0,1858.77,137.0,61.43,4.3,760.0
2019,5,2019-05,강원,1833,87186.58,6412.0,1602.16,223.0,47.56,3.5,390.97
2019,5,2019-05,경기,8549,180182.54,12400.0,3138.41,197.0,21.08,1.45,914.63
2019,5,2019-05,경남,3005,109150.06,7238.0,1866.81,153.0,36.32,2.41,713.4
2019,5,2019-05,경북,2971,224131.02,15450.0,3992.93,272.0,75.44,5.2,824.01
2019,5,2019-05,광주,1870,18812.37,1387.0,318.4,30.0,10.06,0.74,627.08
2019,5,2019-05,대구,7964,68680.67,4786.0,1097.38,69.0,8.62,0.6,995.37
2019,5,2019-05,대전,1781,37419.56,2345.0,536.28,54.0,21.01,1.32,692.95
2019,5,2019-05,부산,2085,24656.17,1881.0,451.64,31.0,11.83,0.9,795.36
2019,5,2019-05,서울,10613,49020.08,3301.0,778.17,73.0,4.62,0.31,671.51
2019,5,2019-05,세종,728,15532.7,1695.0,377.73,22.0,21.34,2.33,706.03
2019,5,2019-05,울산,959,27254.16,1747.0,456.04,62.0,28.42,1.82,439.58
2019,5,2019-05,인천,1842,30544.45,2888.0,661.51,61.0,16.58,1.57,500.73
2019,5,2019-05,전남,2817,71204.36,6216.0,1535.16,159.0,25.28,2.21,447.83
2019,5,2019-05,전북,1490,99995.37,6388.0,1594.07,130.0,67.11,4.29,769.2
2019,5,2019-05,제주,16588,100159.71,7908.0,1934.46,85.0,6.04,0.48,1178.35
2019,5,2019-05,충남,2246,148587.63,9856.0,2440.81,158.0,66.16,4.39,940.43
2019,5,2019-05,충북,1882,124930.94,8677.0,2223.68,145.0,66.38,4.61,861.59
2019,6,2019-06,강원,1945,114904.23,6717.0,1670.28,225.0,59.08,3.45,510.69
2019,6,2019-06,경기,9267,190679.26,11502.0,2968.8,202.0,20.58,1.24,943.96
2019,6,2019-06,경남,3108,117930.55,6974.0,1801.33,157.0,37.94,2.24,751.15
2019,6,2019-06,경북,3159,243918.81,14440.0,3764.3,273.0,77.21,4.57,893.48
2019,6,2019-06,광주,2024,17768.59,1050.0,232.52,30.0,8.78,0.52,592.29
2019,6,2019-06,대구,8307,71416.66,4279.0,971.68,76.0,8.6,0.52,939.69
2019,6,2019-06,대전,1937,40059.0,2092.0,481.99,53.0,20.68,1.08,755.83
2019,6,2019-06,부산,2234,26265.97,1603.0,373.94,31.0,11.76,0.72,847.29
2019,6,2019-06,서울,11082,50341.53,3132.0,734.65,72.0,4.54,0.28,699.19
2019,6,2019-06,세종,800,18199.24,1068.0,231.74,22.0,22.75,1.34,827.24
2019,6,2019-06,울산,1019,30624.36,1849.0,465.71,83.0,30.05,1.81,368.97
2019,6,2019-06,인천,1985,50592.82,2922.0,643.05,61.0,25.49,1.47,829.39
2019,6,2019-06,전남,2979,84787.62,5464.0,1318.1,160.0,28.46,1.83,529.92
2019,6,2019-06,전북,1586,101786.53,5645.0,1436.3,130.0,64.18,3.56,782.97
2019,6,2019-06,제주,17101,139825.85,9262.0,2269.18,82.0,8.18,0.54,1705.19
2019,6,2019-06,충남,2308,152390.3,8628.0,2186.0,161.0,66.03,3.74,946.52
2019,6,2019-06,충북,1973,133451.44,7680.0,1927.26,144.0,67.64,3.89,926.75
2019,7,2019-07,강원,2114,128872.61,7131.0,1771.0,227.0,60.96,3.37,567.72
2019,7,2019-07,경기,9877,217783.92,12136.0,3144.33,202.0,22.05,1.23,1078.14
2019,7,2019-07,경남,3258,134463.44,7464.0,1949.56,160.0,41.27,2.29,840.4
2019,7,2019-07,경북,3409,275625.38,15265.0,3906.96,276.0,80.85,4.48,998.64
2019,7,2019-07,광주,2140,33783.73,1794.0,382.72,38.0,15.79,0.84,889.05
2019,7,2019-07,대구,8656,73887.07,3973.0,903.91,68.0,8.54,0.46,1086.57
2019,7,2019-07,대전,2117,44864.27,2172.0,483.19,53.0,21.19,1.03,846.5
2019,7,2019-07,부산,2410,27653.67,1468.0,344.37,31.0,11.47,0.61,892.05
2019,7,2019-07,서울,11764,71461.68,4089.0,918.03,73.0,6.07,0.35,978.93
2019,7,2019-07,세종,811,16717.95,820.0,188.79,22.0,20.61,1.01,759.91
2019,7,2019-07,울산,1079,39607.81,2239.0,543.65,81.0,36.71,2.08,488.99
2019,7,2019-07,인천,2132,51219.02,2455.0,575.61,60.0,24.02,1.15,853.65
2019,7,2019-07,전남,3077,100774.62,5543.0,1343.4,161.0,32.75,1.8,625.93
2019,7,2019-07,전북,1641,112036.54,5898.0,1493.11,129.0,68.27,3.59,868.5
2019,7,2019-07,제주,17352,156568.39,9892.0,2390.36,82.0,9.02,0.57,1909.37
2019,7,2019-07,충남,2421,161755.66,8822.0,2233.41,163.0,66.81,3.64,992.37
2019,7,2019-07,충북,2074,149043.91,8114.0,2096.75,144.0,71.86,3.91,1035.03
2019,8,2019-08,강원,2236,162794.54,8940.0,2189.16,223.0,72.81,4.0,730.02
2019,8,2019-08,경기,10304,252434.33,13829.0,3576.3,203.0,24.5,1.34,1243.52
2019,8,2019-08,경남,3392,161105.7,9009.0,2310.22,161.0,47.5,2.66,1000.66
2019,8,2019-08,경북,3563,327647.47,17807.0,4606.11,276.0,91.96,5.0,1187.13
2019,8,2019-08,광주,2213,39746.89,2012.0,443.23,38.0,17.96,0.91,1045.97
2019,8,2019-08,대구,9053,81759.1,4434.0,1053.22,74.0,9.03,0.49,1104.85
2019,8,2019-08,대전,2224,58751.66,2776.0,606.24,51.0,26.42,1.25,1151.99
2019,8,2019-08,부산,2489,34846.21,1900.0,447.37,29.0,14.0,0.76,1201.59
2019,8,2019-08,서울,12050,80141.83,4444.0,1002.31,73.0,6.65,0.37,1097.83
2019,8,2019-08,세종,826,17731.9,855.0,206.08,22.0,21.47,1.04,806.0
2019,8,2019-08,울산,1123,51279.05,2791.0,659.36,82.0,45.66,2.49,625.35
2019,8,2019-08,인천,2210,54661.12,2560.0,570.44,60.0,24.73,1.16,911.02
2019,8,2019-08,전남,3122,120824.72,6610.0,1581.95,164.0,38.7,2.12,736.74
2019,8,2019-08,전북,1700,137346.51,7042.0,1773.87,132.0,80.79,4.14,1040.5
2019,8,2019-08,제주,17559,181736.61,11375.0,2704.38,83.0,10.35,0.65,2189.6
2019,8,2019-08,충남,2490,187515.99,10068.0,2580.22,165.0,75.31,4.04,1136.46
2019,8,2019-08,충북,2106,177952.74,9516.0,2425.68,146.0,84.5,4.52,1218.85
2019,9,2019-09,강원,2339,127784.87,6896.0,1733.59,220.0,54.63,2.95,580.84
2019,9,2019-09,경기,10657,234308.06,12937.0,3349.92,203.0,21.99,1.21,1154.23
2019,9,2019-09,경남,3458,132275.32,7588.0,1965.55,163.0,38.25,2.19,811.51
2019,9,2019-09,경북,3670,295545.14,16100.0,4154.6,273.0,80.53,4.39,1082.58
2019,9,2019-09,광주,2283,33177.69,1756.0,410.19,38.0,14.53,0.77,873.1
2019,9,2019-09,대구,9403,78284.93,4251.0,1005.83,76.0,8.33,0.45,1030.06
2019,9,2019-09,대전,2303,56696.55,2742.0,620.62,55.0,24.62,1.19,1030.85
2019,9,2019-09,부산,2567,30397.42,1632.0,391.56,31.0,11.84,0.64,980.56
2019,9,2019-09,서울,12389,70492.33,3976.0,932.17,75.0,5.69,0.32,939.9
2019,9,2019-09,세종,857,16299.04,871.0,202.94,24.0,19.02,1.02,679.13
2019,9,2019-09,울산,1169,53020.32,2870.0,679.71,82.0,45.36,2.46,646.59
2019,9,2019-09,인천,2322,50428.26,2400.0,559.78,61.0,21.72,1.03,826.69
2019,9,2019-09,전남,3259,102682.23,5644.0,1354.86,163.0,31.51,1.73,629.95
2019,9,2019-09,전북,1752,121911.3,6358.0,1625.6,128.0,69.58,3.63,952.43
2019,9,2019-09,제주,17779,143606.72,9090.0,2202.91,81.0,8.08,0.51,1772.92
2019,9,2019-09,충남,2551,166191.62,8836.0,2301.18,161.0,65.15,3.46,1032.25
2019,9,2019-09,충북,2144,156545.23,8531.0,2229.59,141.0,73.02,3.98,1110.25
2019,10,2019-10,강원,2385,138912.49,7732.0,1874.14,222.0,58.24,3.24,625.73
2019,10,2019-10,경기,11035,258159.61,14451.0,3595.9,201.0,23.39,1.31,1284.38
2019,10,2019-10,경남,3592,143185.11,8319.0,2091.55,167.0,39.86,2.32,857.4
2019,10,2019-10,경북,3832,322849.12,17805.0,4467.8,273.0,84.25,4.65,1182.6
2019,10,2019-10,광주,2341,35655.41,1965.0,427.16,38.0,15.23,0.84,938.3
2019,10,2019-10,대구,9733,79295.77,4351.0,1005.12,75.0,8.15,0.45,1057.28
2019,10,2019-10,대전,2361,59272.25,2977.0,649.37,57.0,25.1,1.26,1039.86
2019,10,2019-10,부산,2645,31064.78,1762.0,400.4,34.0,11.74,0.67,913.67
2019,10,2019-10,서울,12711,68347.78,3974.0,920.46,75.0,5.38,0.31,911.3
2019,10,2019-10,세종,867,14412.49,760.0,171.04,22.0,16.62,0.88,655.11
2019,10,2019-10,울산,1198,52324.78,2892.0,673.9,81.0,43.68,2.41,645.98
2019,10,2019-10,인천,2412,51203.77,2558.0,583.75,59.0,21.23,1.06,867.86
2019,10,2019-10,전남,3278,103450.54,5814.0,1366.61,164.0,31.56,1.77,630.8
2019,10,2019-10,전북,1804,129031.6,6906.0,1679.97,128.0,71.53,3.83,1008.06
2019,10,2019-10,제주,17933,148889.52,9414.0,2172.19,78.0,8.3,0.52,1908.84
2019,10,2019-10,충남,2649,191594.48,10243.0,2537.31,166.0,72.33,3.87,1154.18
2019,10,2019-10,충북,2271,167776.58,9232.0,2355.08,147.0,73.88,4.07,1141.34
2019,11,2019-11,강원,2430,143812.94,8485.0,1977.32,218.0,59.18,3.49,659.69
2019,11,2019-11,경기,11388,279273.02,16045.0,3913.32,201.0,24.52,1.41,1389.42
2019,11,2019-11,경남,3623,143868.72,8442.0,2121.88,166.0,39.71,2.33,866.68
2019,11,2019-11,경북,3956,331842.85,18978.0,4527.85,277.0,83.88,4.8,1197.99
2019,11,2019-11,광주,2389,42971.34,2368.0,475.61,39.0,17.99,0.99,1101.83
2019,11,2019-11,대구,11016,89720.14,5052.0,1066.6,74.0,8.14,0.46,1212.43
2019,11,2019-11,대전,2429,62768.51,3267.0,680.29,55.0,25.84,1.34,1141.25
2019,11,2019-11,부산,2953,36740.43,2073.0,474.51,35.0,12.44,0.7,1049.73
2019,11,2019-11,서울,13726,82426.99,4808.0,1006.41,72.0,6.01,0.35,1144.82
2019,11,2019-11,세종,878,15355.04,887.0,189.11,20.0,17.49,1.01,767.75
2019,11,2019-11,울산,1398,62934.84,3322.0,726.78,79.0,45.02,2.38,796.64
2019,11,2019-11,인천,2516,60450.93,3198.0,695.05,59.0,24.03,1.27,1024.59
2019,11,2019-11,전남,3303,107496.21,6310.0,1421.32,177.0,32.55,1.91,607.32
2019,11,2019-11,전북,1823,142026.4,7738.0,1806.01,127.0,77.91,4.24,1118.32
2019,11,2019-11,제주,18062,146222.71,9274.0,2176.69,83.0,8.1,0.51,1761.72
2019,11,2019-11,충남,2792,201440.42,11213.0,2682.3,163.0,72.15,4.02,1235.83
2019,11,2019-11,충북,2382,189175.68,10564.0,2542.22,148.0,79.42,4.43,1278.21
2019,12,2019-12,강원,2445,152921.54,9529.0,2108.82,247.0,62.54,3.9,619.12
2019,12,2019-12,경기,11750,293410.96,17627.0,4236.04,240.0,24.97,1.5,1222.55
2019,12,2019-12,경남,3626,147728.31,8925.0,2201.28,171.0,40.74,2.46,863.91
2019,12,2019-12,경북,4051,356049.56,21130.0,4881.83,288.0,87.89,5.22,1236.28
2019,12,2019-12,광주,2464,47802.88,2724.0,538.52,42.0,19.4,1.11,1138.16
2019,12,2019-12,대구,11313,98566.21,5738.0,1216.82,76.0,8.71,0.51,1296.92
2019,12,2019-12,대전,2555,73077.69,4068.0,793.23,61.0,28.6,1.59,1197.99
2019,12,2019-12,부산,3216,42229.85,2527.0,548.88,38.0,13.13,0.79,1111.31
2019,12,2019-12,서울,14952,93950.22,5774.0,1168.0,79.0,6.28,0.39,1189.24
2019,12,2019-12,세종,903,17046.98,1029.0,213.11,20.0,18.88,1.14,852.35
2019,12,2019-12,울산,1447,67104.12,3802.0,833.59,83.0,46.37,2.63,808.48
2019,12,2019-12,인천,2598,71695.98,4078.0,804.65,58.0,27.6,1.57,1236.14
2019,12,2019-12,전남,3326,106067.36,6615.0,1463.51,168.0,31.89,1.99,631.35
2019,12,2019-12,전북,1841,140736.7,7933.0,1839.13,132.0,76.45,4.31,1066.19
2019,12,2019-12,제주,18178,153870.32,9807.0,2275.67,83.0,8.46,0.54,1853.86
2019,12,2019-12,충남,2841,203556.87,11696.0,2733.25,165.0,71.65,4.12,1233.68
2019,12,2019-12,충북,2412,193726.27,10931.0,2610.76,149.0,80.32,4.53,1300.18
2020,1,2020-01,강원,2448,150486.07,9269.0,2079.32,234.0,61.47,3.79,643.1
2020,1,2020-01,경기,11809,267356.68,16240.0,4002.7,238.0,22.64,1.38,1123.35
2020,1,2020-01,경남,3634,143576.87,8722.0,2133.34,174.0,39.51,2.4,825.15
2020,1,2020-01,경북,4071,346742.86,20568.0,4803.64,345.0,85.17,5.05,1005.05
2020,1,2020-01,광주,2479,42484.52,2486.0,495.6,46.0,17.14,1.0,923.58
2020,1,2020-01,대구,11274,112619.38,6483.0,1314.63,80.0,9.99,0.58,1407.74
2020,1,2020-01,대전,2618,68054.21,3821.0,745.38,66.0,25.99,1.46,1031.12
2020,1,2020-01,부산,3223,40030.42,2438.0,510.75,47.0,12.42,0.76,851.71
2020,1,2020-01,서울,15353,85502.23,5351.0,1095.93,111.0,5.57,0.35,770.29
2020,1,2020-01,세종,911,17517.15,1045.0,210.96,24.0,19.23,1.15,729.88
2020,1,2020-01,울산,1441,56265.48,3286.0,715.41,89.0,39.05,2.28,632.2
2020,1,2020-01,인천,2660,67363.11,3945.0,786.45,81.0,25.32,1.48,831.64
2020,1,2020-01,전남,3326,99064.11,6340.0,1393.17,212.0,29.78,1.91,467.28
2020,1,2020-01,전북,1872,132956.34,7552.0,1726.81,165.0,71.02,4.03,805.8
2020,1,2020-01,제주,18307,142058.87,9382.0,2145.32,116.0,7.76,0.51,1224.65
2020,1,2020-01,충남,2848,191219.7,11245.0,2651.42,191.0,67.14,3.95,1001.15
2020,1,2020-01,충북,2427,183905.16,10466.0,2460.18,174.0,75.77,4.31,1056.93
2020,2,2020-02,강원,2459,121679.43,7440.0,1711.78,225.0,49.48,3.03,540.8
2020,2,2020-02,경기,12510,226490.16,13371.0,3359.63,210.0,18.1,1.07,1078.52
2020,2,2020-02,경남,3822,107012.48,6702.0,1662.05,167.0,28.0,1.75,640.79
2020,2,2020-02,경북,4161,253678.14,15030.0,3602.15,277.0,60.97,3.61,915.81
2020,2,2020-02,광주,2489,31760.44,1917.0,389.06,39.0,12.76,0.77,814.37
2020,2,2020-02,대구,11275,88823.42,5186.0,1066.23,75.0,7.88,0.46,1184.31
2020,2,2020-02,대전,2625,51466.79,2881.0,605.69,50.0,19.61,1.1,1029.34
2020,2,2020-02,부산,3270,33338.77,1998.0,420.01,33.0,10.2,0.61,1010.27
2020,2,2020-02,서울,16438,73389.44,4579.0,935.04,75.0,4.46,0.28,978.53
2020,2,2020-02,세종,933,14542.53,901.0,185.24,22.0,15.59,0.97,661.02
2020,2,2020-02,울산,1464,45033.18,2628.0,595.57,82.0,30.76,1.8,549.19
2020,2,2020-02,인천,2791,58852.42,3434.0,705.88,58.0,21.09,1.23,1014.7
2020,2,2020-02,전남,3346,77030.19,4903.0,1165.58,165.0,23.02,1.47,466.85
2020,2,2020-02,전북,1920,100459.97,5745.0,1321.27,135.0,52.32,2.99,744.15
2020,2,2020-02,제주,18684,111087.49,7438.0,1736.33,84.0,5.95,0.4,1322.47
2020,2,2020-02,충남,2928,145257.93,8418.0,1973.8,160.0,49.61,2.88,907.86
2020,2,2020-02,충북,2457,144554.69,8192.0,1960.0,143.0,58.83,3.33,1010.87
2020,3,2020-03,강원,2640,113021.85,6601.0,1610.55,246.0,42.81,2.5,459.44
2020,3,2020-03,경기,14100,238753.37,13554.0,3412.41,222.0,16.93,0.96,1075.47
2020,3,2020-03,경남,4295,111956.58,6822.0,1759.64,201.0,26.07,1.59,557.0
2020,3,2020-03,경북,4441,222417.29,12822.0,3188.22,323.0,50.08,2.89,688.6
2020,3,2020-03,광주,2660,32093.51,1822.0,382.12,51.0,12.07,0.68,629.28
2020,3,2020-03,대구,11641,80763.96,4726.0,973.59,79.0,6.94,0.41,1022.33
2020,3,2020-03,대전,2865,50737.67,2773.0,625.89,75.0,17.71,0.97,676.5
2020,3,2020-03,부산,3624,30301.78,1783.0,389.93,47.0,8.36,0.49,644.72
2020,3,2020-03,서울,17172,78846.65,4773.0,1027.58,76.0,4.59,0.28,1037.46
2020,3,2020-03,세종,1017,14373.8,903.0,192.11,22.0,14.13,0.89,653.35
2020,3,2020-03,울산,1650,42945.13,2450.0,593.88,90.0,26.03,1.48,477.17
2020,3,2020-03,인천,3270,65394.99,3518.0,769.43,63.0,20.0,1.08,1038.02
2020,3,2020-03,전남,3893,95842.24,5787.0,1369.45,230.0,24.62,1.49,416.71
2020,3,2020-03,전북,2270,114277.23,6175.0,1472.4,177.0,50.34,2.72,645.63
2020,3,2020-03,제주,18793,115014.1,7438.0,1750.56,98.0,6.12,0.4,1173.61
2020,3,2020-03,충남,3281,150636.25,8513.0,2082.1,204.0,45.91,2.59,738.41
2020,3,2020-03,충북,2617,132918.35,7529.0,1859.11,186.0,50.79,2.88,714.61
2020,4,2020-04,강원,2753,112586.72,6469.0,1659.05,261.0,40.9,2.35,431.37
2020,4,2020-04,경기,14546,241086.51,13597.0,3472.27,279.0,16.57,0.93,864.11
2020,4,2020-04,경남,4432,125539.6,7322.0,1885.85,197.0,28.33,1.65,637.26
2020,4,2020-04,경북,4682,272582.96,14912.0,3757.6,351.0,58.22,3.18,776.59
2020,4,2020-04,광주,2710,37191.46,2009.0,456.39,49.0,13.72,0.74,759.01
2020,4,2020-04,대구,11878,92406.65,5011.0,1047.0,81.0,7.78,0.42,1140.82
2020,4,2020-04,대전,2962,55239.53,2946.0,660.97,75.0,18.65,0.99,736.53
2020,4,2020-04,부산,3883,32087.9,1777.0,381.93,42.0,8.26,0.46,764.0
2020,4,2020-04,서울,17622,77784.84,4598.0,1003.02,120.0,4.41,0.26,648.21
2020,4,2020-04,세종,1024,15519.85,864.0,173.88,27.0,15.16,0.84,574.81
2020,4,2020-04,울산,1738,48023.12,2659.0,588.22,85.0,27.63,1.53,564.98
2020,4,2020-04,인천,3345,62203.64,3309.0,757.84,85.0,18.6,0.99,731.81
2020,4,2020-04,전남,4067,112093.81,6253.0,1454.23,225.0,27.56,1.54,498.19
2020,4,2020-04,전북,2467,136895.79,7007.0,1736.94,158.0,55.49,2.84,866.43
2020,4,2020-04,제주,19092,105934.37,6740.0,1563.51,104.0,5.55,0.35,1018.6
2020,4,2020-04,충남,3560,176966.25,9460.0,2358.44,193.0,49.71,2.66,916.92
2020,4,2020-04,충북,2939,161860.67,8779.0,2250.26,168.0,55.07,2.99,963.46
2020,5,2020-05,강원,2839,134109.17,7504.0,1971.6,260.0,47.24,2.64,515.8
2020,5,2020-05,경기,14876,258121.79,14006.0,3820.7,282.0,17.35,0.94,915.33
2020,5,2020-05,경남,4568,155092.57,8788.0,2245.58,215.0,33.95,1.92,721.36
2020,5,2020-05,경북,4818,317048.75,16751.0,4341.74,364.0,65.81,3.48,871.01
2020,5,2020-05,광주,2745,37072.53,1921.0,468.26,51.0,13.51,0.7,726.91
2020,5,2020-05,대구,12160,109955.34,5593.0,1278.59,91.0,9.04,0.46,1208.3
2020,5,2020-05,대전,3001,63268.48,3231.0,772.46,76.0,21.08,1.08,832.48
2020,5,2020-05,부산,3936,37535.71,2042.0,523.55,50.0,9.54,0.52,750.71
2020,5,2020-05,서울,18098,89093.5,4979.0,1164.45,117.0,4.92,0.28,761.48
2020,5,2020-05,세종,1030,16645.17,913.0,212.22,30.0,16.16,0.89,554.84
2020,5,2020-05,울산,1774,51148.5,2689.0,635.33,91.0,28.83,1.52,562.07
2020,5,2020-05,인천,3402,65919.4,3481.0,891.3,79.0,19.38,1.02,834.42
2020,5,2020-05,전남,4125,119722.34,6422.0,1608.24,234.0,29.02,1.56,511.63
2020,5,2020-05,전북,2561,159333.72,7851.0,2026.87,172.0,62.22,3.07,926.36
2020,5,2020-05,제주,19388,121872.91,7512.0,1953.08,122.0,6.29,0.39,998.96
2020,5,2020-05,충남,3701,192814.85,9857.0,2529.05,210.0,52.1,2.66,918.17
2020,5,2020-05,충북,3077,178326.04,9366.0,2520.91,183.0,57.95,3.04,974.46
2020,6,2020-06,강원,2952,142380.82,8871.0,2307.01,283.0,48.23,3.01,503.11
2020,6,2020-06,경기,15946,292210.42,15615.0,4422.84,288.0,18.32,0.98,1014.62
2020,6,2020-06,경남,4805,165401.59,9105.0,2384.06,231.0,34.42,1.89,716.02
2020,6,2020-06,경북,4980,339434.78,17246.0,4650.18,393.0,68.16,3.46,863.7
2020,6,2020-06,광주,2844,41368.41,2067.0,542.07,50.0,14.55,0.73,827.37
2020,6,2020-06,대구,12356,127736.14,6318.0,1591.65,94.0,10.34,0.51,1358.9
2020,6,2020-06,대전,3126,71753.51,3495.0,867.15,80.0,22.95,1.12,896.92
2020,6,2020-06,부산,4100,46962.63,2354.0,603.84,53.0,11.45,0.57,886.09
2020,6,2020-06,서울,19411,118662.68,6426.0,1627.85,125.0,6.11,0.33,949.3
2020,6,2020-06,세종,1044,21808.47,1103.0,341.25,32.0,20.89,1.06,681.51
2020,6,2020-06,울산,2110,54084.23,2755.0,668.48,97.0,25.63,1.31,557.57
2020,6,2020-06,인천,3741,79852.91,4177.0,1174.52,91.0,21.35,1.12,877.5
2020,6,2020-06,전남,4323,121600.66,6876.0,1754.67,258.0,28.13,1.59,471.32
2020,6,2020-06,전북,2745,166634.29,8572.0,2308.06,183.0,60.7,3.12,910.57
2020,6,2020-06,제주,19705,139515.31,8666.0,2263.73,122.0,7.08,0.44,1143.57
2020,6,2020-06,충남,3920,199296.91,10040.0,2674.3,222.0,50.84,2.56,897.73
2020,6,2020-06,충북,3199,181150.25,9553.0,2605.49,195.0,56.63,2.99,928.98
2020,7,2020-07,강원,3025,160079.66,10546.0,2851.72,293.0,52.92,3.49,546.35
2020,7,2020-07,경기,16508,374674.43,20492.0,6304.2,293.0,22.7,1.24,1278.75
2020,7,2020-07,경남,4886,183493.09,10361.0,2856.67,245.0,37.55,2.12,748.95
2020,7,2020-07,경북,5192,370622.14,19136.0,5623.64,410.0,71.38,3.69,903.96
2020,7,2020-07,광주,2962,47438.06,2405.0,735.45,54.0,16.02,0.81,878.48
2020,7,2020-07,대구,12454,144591.62,7181.0,2078.83,85.0,11.61,0.58,1701.08
2020,7,2020-07,대전,3204,84409.22,4102.0,1240.82,75.0,26.34,1.28,1125.46
2020,7,2020-07,부산,4216,49819.36,2569.0,755.91,53.0,11.82,0.61,939.99
2020,7,2020-07,서울,20003,128809.0,7189.0,2046.28,121.0,6.44,0.36,1064.54
2020,7,2020-07,세종,1057,26727.87,1416.0,440.65,35.0,25.29,1.34,763.65
2020,7,2020-07,울산,2119,59491.25,3048.0,813.66,95.0,28.08,1.44,626.22
2020,7,2020-07,인천,3940,90653.51,4923.0,1530.8,92.0,23.01,1.25,985.36
2020,7,2020-07,전남,4444,133690.7,8015.0,2138.26,284.0,30.08,1.8,470.74
2020,7,2020-07,전북,2848,176142.6,9667.0,2738.57,192.0,61.85,3.39,917.41
2020,7,2020-07,제주,20105,148297.31,9489.0,2496.12,122.0,7.38,0.47,1215.55
2020,7,2020-07,충남,4087,221351.2,11520.0,3376.98,231.0,54.16,2.82,958.23
2020,7,2020-07,충북,3268,194331.05,10465.0,2968.4,200.0,59.46,3.2,971.66
2020,8,2020-08,강원,3091,172769.11,11366.0,3003.74,298.0,55.89,3.68,579.76
2020,8,2020-08,경기,17197,389720.26,21029.0,6423.69,319.0,22.66,1.22,1221.69
2020,8,2020-08,경남,5003,237214.24,12895.0,3553.53,266.0,47.41,2.58,891.78
2020,8,2020-08,경북,5400,457099.75,23037.0,6746.94,431.0,84.65,4.27,1060.56
2020,8,2020-08,광주,3046,80622.89,3811.0,1122.58,56.0,26.47,1.25,1439.69
2020,8,2020-08,대구,12468,177817.8,8831.0,2507.75,111.0,14.26,0.71,1601.96
2020,8,2020-08,대전,3338,102710.37,4844.0,1478.02,79.0,30.77,1.45,1300.13
2020,8,2020-08,부산,4320,66978.97,3298.0,1017.65,54.0,15.5,0.76,1240.35
2020,8,2020-08,서울,20997,159092.85,8574.0,2420.74,124.0,7.58,0.41,1283.01
2020,8,2020-08,세종,1076,32855.16,1722.0,498.77,34.0,30.53,1.6,966.33
2020,8,2020-08,울산,2142,68761.08,3526.0,994.4,96.0,32.1,1.65,716.26
2020,8,2020-08,인천,4204,101931.79,5713.0,1884.5,93.0,24.25,1.36,1096.04
2020,8,2020-08,전남,4576,185127.96,10446.0,2895.51,291.0,40.46,2.28,636.18
2020,8,2020-08,전북,2906,208357.37,11406.0,3205.22,208.0,71.7,3.92,1001.72
2020,8,2020-08,제주,20699,190402.12,12128.0,2784.78,121.0,9.2,0.59,1573.57
2020,8,2020-08,충남,4252,263892.82,13455.0,3772.38,256.0,62.06,3.16,1030.83
2020,8,2020-08,충북,3319,225121.78,11844.0,3432.81,199.0,67.83,3.57,1131.27
2020,9,2020-09,강원,3340,149142.62,10240.0,2652.26,310.0,44.65,3.07,481.11
2020,9,2020-09,경기,18512,386819.53,21469.0,6271.41,331.0,20.9,1.16,1168.64
2020,9,2020-09,경남,5617,210636.67,11613.0,3075.17,269.0,37.5,2.07,783.04
2020,9,2020-09,경북,5816,391883.3,20384.0,5752.55,442.0,67.38,3.5,886.61
2020,9,2020-09,광주,3151,68603.98,3312.0,1007.92,62.0,21.77,1.05,1106.52
2020,9,2020-09,대구,12552,195416.1,9573.0,2132.47,111.0,15.57,0.76,1760.51
2020,9,2020-09,대전,4083,110410.76,5339.0,1502.06,76.0,27.04,1.31,1452.77
2020,9,2020-09,부산,4420,50368.75,2560.0,773.02,57.0,11.4,0.58,883.66
2020,9,2020-09,서울,22118,158150.29,8795.0,2340.64,131.0,7.15,0.4,1207.25
2020,9,2020-09,세종,1100,29854.83,1606.0,455.74,32.0,27.14,1.46,932.96
2020,9,2020-09,울산,2204,63412.08,3281.0,892.98,100.0,28.77,1.49,634.12
2020,9,2020-09,인천,4639,105418.23,5855.0,1899.4,94.0,22.72,1.26,1121.47
2020,9,2020-09,전남,4759,143930.5,8544.0,2267.37,263.0,30.24,1.8,547.26
2020,9,2020-09,전북,2977,163768.31,9641.0,2607.81,223.0,55.01,3.24,734.39
2020,9,2020-09,제주,21107,142342.64,8857.0,2102.02,122.0,6.74,0.42,1166.74
2020,9,2020-09,충남,4547,263721.55,13693.0,3801.37,261.0,58.0,3.01,1010.43
2020,9,2020-09,충북,3467,201248.01,10929.0,3023.95,219.0,58.05,3.15,918.94
2020,10,2020-10,강원,3567,220840.58,15420.0,3781.91,314.0,61.91,4.32,703.31
2020,10,2020-10,경기,19332,506190.99,28921.0,8127.6,332.0,26.18,1.5,1524.67
2020,10,2020-10,경남,5924,276141.97,15461.0,3904.63,307.0,46.61,2.61,899.49
2020,10,2020-10,경북,6314,529307.55,28295.0,7578.56,464.0,83.83,4.48,1140.75
2020,10,2020-10,광주,3158,77933.82,3988.0,1103.64,59.0,24.68,1.26,1320.91
2020,10,2020-10,대구,12550,225822.84,11533.0,2448.1,110.0,17.99,0.92,2052.93
2020,10,2020-10,대전,4197,148073.18,7585.0,1992.82,83.0,35.28,1.81,1784.01
2020,10,2020-10,부산,4696,63323.17,3203.0,938.23,53.0,13.48,0.68,1194.78
2020,10,2020-10,서울,22676,209775.98,11963.0,2927.71,133.0,9.25,0.53,1577.26
2020,10,2020-10,세종,1106,35648.1,2013.0,555.63,36.0,32.23,1.82,990.22
2020,10,2020-10,울산,2221,66138.1,3554.0,903.38,104.0,29.78,1.6,635.94
2020,10,2020-10,인천,4729,135530.77,7886.0,2321.62,94.0,28.66,1.67,1441.82
2020,10,2020-10,전남,4896,192443.31,11684.0,2920.63,296.0,39.31,2.39,650.15
2020,10,2020-10,전북,3130,209783.45,12879.0,3363.59,215.0,67.02,4.11,975.74
2020,10,2020-10,제주,21222,175057.2,10827.0,2494.24,125.0,8.25,0.51,1400.46
2020,10,2020-10,충남,4878,339233.84,17954.0,4598.95,279.0,69.54,3.68,1215.89
2020,10,2020-10,충북,3662,262224.21,14761.0,3800.1,210.0,71.61,4.03,1248.69
2020,11,2020-11,강원,3810,221498.56,13993.0,3340.73,333.0,58.14,3.67,665.16
2020,11,2020-11,경기,19903,525719.62,29938.0,7944.87,347.0,26.41,1.5,1515.04
2020,11,2020-11,경남,6137,285527.16,17441.0,4135.97,346.0,46.53,2.84,825.22
2020,11,2020-11,경북,6753,541650.56,29952.0,7380.14,490.0,80.21,4.44,1105.41
2020,11,2020-11,광주,3162,78844.87,4174.0,994.27,64.0,24.94,1.32,1231.95
2020,11,2020-11,대구,12570,213986.7,11137.0,2328.52,123.0,17.02,0.89,1739.73
2020,11,2020-11,대전,4415,154191.96,8195.0,1841.7,85.0,34.92,1.86,1814.02
2020,11,2020-11,부산,5210,67203.95,3566.0,920.44,63.0,12.9,0.68,1066.73
2020,11,2020-11,서울,23052,219147.79,13000.0,3005.52,139.0,9.51,0.56,1576.6
2020,11,2020-11,세종,1127,41966.06,2390.0,575.23,40.0,37.24,2.12,1049.15
2020,11,2020-11,울산,2249,59907.71,3487.0,848.85,108.0,26.64,1.55,554.7
2020,11,2020-11,인천,4999,139118.56,7942.0,1849.71,92.0,27.83,1.59,1512.16
2020,11,2020-11,전남,5055,184315.53,10804.0,2557.64,321.0,36.46,2.14,574.19
2020,11,2020-11,전북,3269,215732.18,12273.0,2993.04,229.0,65.99,3.75,942.06
2020,11,2020-11,제주,21261,183075.45,11170.0,2525.88,133.0,8.61,0.53,1376.51
2020,11,2020-11,충남,5157,337322.03,18492.0,4451.58,307.0,65.41,3.59,1098.77
2020,11,2020-11,충북,3794,282565.04,16068.0,3813.11,237.0,74.48,4.24,1192.26
2020,12,2020-12,강원,4078,267930.32,15329.0,3417.49,365.0,65.7,3.76,734.06
2020,12,2020-12,경기,20477,533645.06,31149.0,7118.14,379.0,26.06,1.52,1408.03
2020,12,2020-12,경남,6308,354419.85,20940.0,4595.32,352.0,56.19,3.32,1006.87
2020,12,2020-12,경북,7051,597792.01,33942.0,7505.43,505.0,84.78,4.81,1183.75
2020,12,2020-12,광주,3210,82425.19,4516.0,899.09,71.0,25.68,1.41,1160.92
2020,12,2020-12,대구,12630,214723.5,12102.0,2404.65,128.0,17.0,0.96,1677.53
2020,12,2020-12,대전,4469,155441.04,9135.0,1810.03,87.0,34.78,2.04,1786.68
2020,12,2020-12,부산,5355,91453.95,5427.0,1112.59,65.0,17.08,1.01,1406.98
2020,12,2020-12,서울,23393,213946.1,13002.0,2716.39,141.0,9.15,0.56,1517.35
2020,12,2020-12,세종,1148,58176.91,3383.0,679.16,40.0,50.68,2.95,1454.42
2020,12,2020-12,울산,2274,72214.78,4233.0,915.1,114.0,31.76,1.86,633.46
2020,12,2020-12,인천,5366,126973.59,7548.0,1549.15,97.0,23.66,1.41,1309.01
2020,12,2020-12,전남,5223,210353.58,12230.0,2527.8,334.0,40.27,2.34,629.8
2020,12,2020-12,전북,3323,201905.97,11290.0,2595.93,271.0,60.76,3.4,745.04
2020,12,2020-12,제주,21285,161033.74,10122.0,2201.62,130.0,7.57,0.48,1238.72
2020,12,2020-12,충남,5489,333789.09,19085.0,4202.43,335.0,60.81,3.48,996.39
2020,12,2020-12,충북,3883,298545.89,16947.0,3768.55,238.0,76.89,4.36,1254.39
2021,1,2021-01,강원,4076,243163.58,14400.0,2958.53,374.0,59.66,3.53,650.17
2021,1,2021-01,경기,20670,497163.51,30354.0,6505.32,393.0,24.05,1.47,1265.05
2021,1,2021-01,경남,6369,371750.77,22297.0,4715.7,347.0,58.37,3.5,1071.33
2021,1,2021-01,경북,7066,567139.71,33364.0,7052.33,503.0,80.26,4.72,1127.51
2021,1,2021-01,광주,3210,73309.61,4203.0,853.1,75.0,22.84,1.31,977.46
2021,1,2021-01,대구,12557,209083.97,12346.0,2374.05,128.0,16.65,0.98,1633.47
2021,1,2021-01,대전,4463,139597.12,8657.0,1658.36,86.0,31.28,1.94,1623.22
2021,1,2021-01,부산,5409,95553.52,5741.0,1120.26,63.0,17.67,1.06,1516.72
2021,1,2021-01,서울,23441,200292.35,13025.0,2465.42,146.0,8.54,0.56,1371.87
2021,1,2021-01,세종,1157,57796.38,3478.0,710.31,44.0,49.95,3.01,1313.55
2021,1,2021-01,울산,2269,72623.35,4309.0,879.37,112.0,32.01,1.9,648.42
2021,1,2021-01,인천,5428,124064.27,7667.0,1537.35,101.0,22.86,1.41,1228.36
2021,1,2021-01,전남,5251,199292.51,11856.0,2464.94,323.0,37.95,2.26,617.0
2021,1,2021-01,전북,3360,185181.49,10716.0,2273.26,262.0,55.11,3.19,706.8
2021,1,2021-01,제주,21206,152533.31,9539.0,2142.83,130.0,7.19,0.45,1173.33
2021,1,2021-01,충남,5562,338767.06,19859.0,4079.08,357.0,60.91,3.57,948.93
2021,1,2021-01,충북,3897,277197.91,16328.0,3521.31,256.0,71.13,4.19,1082.8
2021,2,2021-02,강원,4086,234979.92,13365.0,2913.88,379.0,57.51,3.27,620.0
2021,2,2021-02,경기,21100,436230.87,25776.0,5711.16,385.0,20.67,1.22,1133.07
2021,2,2021-02,경남,6552,363198.27,20776.0,4496.35,350.0,55.43,3.17,1037.71
2021,2,2021-02,경북,7149,533901.88,30124.0,6764.19,502.0,74.68,4.21,1063.55
2021,2,2021-02,광주,3200,71925.28,3940.0,788.71,75.0,22.48,1.23,959.0
2021,2,2021-02,대구,12846,184584.47,10347.0,2044.48,127.0,14.37,0.81,1453.42
2021,2,2021-02,대전,4462,114426.36,6665.0,1286.57,85.0,25.64,1.49,1346.19
2021,2,2021-02,부산,5512,83503.98,4853.0,984.14,63.0,15.15,0.88,1325.46
2021,2,2021-02,서울,23381,171448.94,10714.0,2058.33,145.0,7.33,0.46,1182.41
2021,2,2021-02,세종,1186,55183.35,3226.0,666.64,41.0,46.53,2.72,1345.94
2021,2,2021-02,울산,2284,67305.44,3825.0,866.2,115.0,29.47,1.67,585.26
2021,2,2021-02,인천,5517,104529.01,6102.0,1243.99,104.0,18.95,1.11,1005.09
2021,2,2021-02,전남,5415,204211.45,11529.0,2430.74,321.0,37.71,2.13,636.17
2021,2,2021-02,전북,3363,192340.77,10583.0,2280.29,265.0,57.19,3.15,725.81
2021,2,2021-02,제주,21297,161561.94,10098.0,2258.58,133.0,7.59,0.47,1214.75
2021,2,2021-02,충남,5575,339398.01,19289.0,4182.63,370.0,60.88,3.46,917.29
2021,2,2021-02,충북,4338,278077.73,15968.0,3476.18,265.0,64.1,3.68,1049.35
2021,3,2021-03,강원,4280,244311.45,13031.0,2968.1,378.0,57.08,3.04,646.33
2021,3,2021-03,경기,23887,515205.83,28935.0,6544.5,404.0,21.57,1.21,1275.26
2021,3,2021-03,경남,7220,429248.39,23149.0,5090.86,350.0,59.45,3.21,1226.42
2021,3,2021-03,경북,7588,603362.04,32243.0,7305.31,517.0,79.52,4.25,1167.04
2021,3,2021-03,광주,3504,88016.36,4534.0,940.88,75.0,25.12,1.29,1173.55
2021,3,2021-03,대구,13041,198876.54,10683.0,2264.48,129.0,15.25,0.82,1541.68
2021,3,2021-03,대전,4885,126654.91,6806.0,1416.9,86.0,25.93,1.39,1472.73
2021,3,2021-03,부산,6600,101561.64,5568.0,1167.13,63.0,15.39,0.84,1612.09
2021,3,2021-03,서울,24918,178353.18,10339.0,2142.16,147.0,7.16,0.41,1213.29
2021,3,2021-03,세종,1295,61209.03,3307.0,730.14,44.0,47.27,2.55,1391.11
2021,3,2021-03,울산,2527,82219.13,4375.0,985.09,115.0,32.54,1.73,714.95
2021,3,2021-03,인천,6106,128919.47,6887.0,1502.78,104.0,21.11,1.13,1239.61
2021,3,2021-03,전남,5773,236767.86,12644.0,2808.8,334.0,41.01,2.19,708.89
2021,3,2021-03,전북,3596,222257.43,11674.0,2642.73,260.0,61.81,3.25,854.84
2021,3,2021-03,제주,21832,193455.03,11562.0,2647.74,140.0,8.86,0.53,1381.82
2021,3,2021-03,충남,5946,385671.29,20921.0,4616.23,376.0,64.86,3.52,1025.72
2021,3,2021-03,충북,4688,336746.15,18541.0,4093.2,271.0,71.83,3.95,1242.61
2021,4,2021-04,강원,4460,252765.33,13021.0,3068.51,401.0,56.67,2.92,630.34
2021,4,2021-04,경기,24841,528864.26,28315.0,6573.42,458.0,21.29,1.14,1154.73
2021,4,2021-04,경남,7474,421020.24,21907.0,5007.31,385.0,56.33,2.93,1093.56
2021,4,2021-04,경북,7773,612057.38,31754.0,7418.7,549.0,78.74,4.09,1114.86
2021,4,2021-04,광주,3593,90498.32,4495.0,1001.25,83.0,25.19,1.25,1090.34
2021,4,2021-04,대구,13142,174242.34,8964.0,2072.81,131.0,13.26,0.68,1330.09
2021,4,2021-04,대전,4995,123279.42,6346.0,1431.87,89.0,24.68,1.27,1385.16
2021,4,2021-04,부산,6821,99257.29,5219.0,1086.37,63.0,14.55,0.77,1575.51
2021,4,2021-04,서울,25581,186257.66,10230.0,2221.07,165.0,7.28,0.4,1128.83
2021,4,2021-04,세종,1317,61195.57,3186.0,715.91,43.0,46.47,2.42,1423.15
2021,4,2021-04,울산,2599,80218.56,4141.0,985.76,121.0,30.87,1.59,662.96
2021,4,2021-04,인천,6312,143853.18,7277.0,1650.02,117.0,22.79,1.15,1229.51
2021,4,2021-04,전남,6001,242102.61,12233.0,2811.26,385.0,40.34,2.04,628.84
2021,4,2021-04,전북,4054,224181.28,11468.0,2645.4,294.0,55.3,2.83,762.52
2021,4,2021-04,제주,21978,192694.15,10816.0,2524.07,141.0,8.77,0.49,1366.63
2021,4,2021-04,충남,6269,359592.73,18688.0,4335.58,399.0,57.36,2.98,901.23
2021,4,2021-04,충북,4781,321173.51,16972.0,3997.27,278.0,67.18,3.55,1155.3
2021,5,2021-05,강원,4750,287935.34,14624.0,3465.67,462.0,60.62,3.08,623.24
2021,5,2021-05,경기,26944,563004.26,29779.0,7076.7,537.0,20.9,1.11,1048.43
2021,5,2021-05,경남,7867,391052.7,19979.0,4699.73,364.0,49.71,2.54,1074.32
2021,5,2021-05,경북,8118,592629.99,30076.0,7167.9,551.0,73.0,3.7,1075.55
2021,5,2021-05,광주,3813,92796.58,4438.0,990.32,85.0,24.34,1.16,1091.72
2021,5,2021-05,대구,13472,160222.58,7967.0,1940.77,129.0,11.89,0.59,1242.04
2021,5,2021-05,대전,5222,143803.21,7201.0,1600.5,88.0,27.54,1.38,1634.13
2021,5,2021-05,부산,7515,91500.88,4787.0,1032.15,63.0,12.18,0.64,1452.39
2021,5,2021-05,서울,27013,205145.04,10817.0,2368.77,181.0,7.59,0.4,1133.4
2021,5,2021-05,세종,1353,34128.12,1757.0,433.38,41.0,25.22,1.3,832.39
2021,5,2021-05,울산,2734,75422.11,3867.0,963.51,116.0,27.59,1.41,650.19
2021,5,2021-05,인천,6708,156962.71,7716.0,1815.52,124.0,23.4,1.15,1265.83
2021,5,2021-05,전남,6222,226651.07,11299.0,2663.42,446.0,36.43,1.82,508.19
2021,5,2021-05,전북,4432,266285.94,13137.0,3060.42,381.0,60.08,2.96,698.91
2021,5,2021-05,제주,22148,198956.26,11241.0,2678.62,144.0,8.98,0.51,1381.64
2021,5,2021-05,충남,6588,338344.67,17286.0,4146.04,387.0,51.36,2.62,874.28
2021,5,2021-05,충북,4952,323568.12,16824.0,4090.18,286.0,65.34,3.4,1131.36
2021,6,2021-06,강원,5200,305935.29,14827.0,3663.07,463.0,58.83,2.85,660.77
2021,6,2021-06,경기,30030,658536.24,32949.0,7970.3,541.0,21.93,1.1,1217.26
2021,6,2021-06,경남,8685,368594.82,18326.0,4636.37,393.0,42.44,2.11,937.9
2021,6,2021-06,경북,8676,586762.98,28796.0,7252.41,563.0,67.63,3.32,1042.21
2021,6,2021-06,광주,4081,97417.28,4424.0,1022.18,96.0,23.87,1.08,1014.76
2021,6,2021-06,대구,13974,158016.27,7647.0,1911.13,144.0,11.31,0.55,1097.34
2021,6,2021-06,대전,5836,151862.34,7257.0,1683.56,98.0,26.02,1.24,1549.62
2021,6,2021-06,부산,8503,93119.95,4614.0,1060.93,63.0,10.95,0.54,1478.09
2021,6,2021-06,서울,28752,227759.26,11349.0,2694.57,182.0,7.92,0.39,1251.42
2021,6,2021-06,세종,1404,28835.2,1386.0,356.08,46.0,20.54,0.99,626.85
2021,6,2021-06,울산,2897,86575.77,4127.0,1056.64,119.0,29.88,1.42,727.53
2021,6,2021-06,인천,7790,184841.95,8583.0,2107.3,127.0,23.73,1.1,1455.45
2021,6,2021-06,전남,6643,239134.05,11432.0,2859.09,492.0,36.0,1.72,486.04
2021,6,2021-06,전북,5104,285512.89,13796.0,3354.9,410.0,55.94,2.7,696.37
2021,6,2021-06,제주,22838,201607.35,10950.0,2760.68,179.0,8.83,0.48,1126.3
2021,6,2021-06,충남,7254,355094.04,17251.0,4369.48,391.0,48.95,2.38,908.17
2021,6,2021-06,충북,5480,326499.47,16214.0,3999.52,289.0,59.58,2.96,1129.76
2021,7,2021-07,강원,5485,394477.84,18623.0,4848.16,460.0,71.92,3.4,857.56
2021,7,2021-07,경기,31820,859251.75,41903.0,10557.65,536.0,27.0,1.32,1603.08
2021,7,2021-07,경남,9244,439604.78,21793.0,5517.7,449.0,47.56,2.36,979.08
2021,7,2021-07,경북,9171,701028.89,34084.0,8969.58,617.0,76.44,3.72,1136.19
2021,7,2021-07,광주,4242,114168.05,5135.0,1214.25,89.0,26.91,1.21,1282.79
2021,7,2021-07,대구,14226,178532.0,8501.0,2226.54,142.0,12.55,0.6,1257.27
2021,7,2021-07,대전,6143,188090.08,8829.0,2134.91,96.0,30.62,1.44,1959.27
2021,7,2021-07,부산,8824,118403.98,5835.0,1391.15,70.0,13.42,0.66,1691.49
2021,7,2021-07,서울,29325,306419.35,15009.0,3583.6,189.0,10.45,0.51,1621.27
2021,7,2021-07,세종,1437,29364.49,1397.0,388.06,46.0,20.43,0.97,638.36
2021,7,2021-07,울산,2943,108859.14,5112.0,1334.39,126.0,36.99,1.74,863.96
2021,7,2021-07,인천,8446,236550.15,11118.0,2885.48,132.0,28.01,1.32,1792.05
2021,7,2021-07,전남,6956,277540.76,12750.0,3354.82,468.0,39.9,1.83,593.04
2021,7,2021-07,전북,5466,374226.42,17287.0,4250.06,436.0,68.46,3.16,858.32
2021,7,2021-07,제주,23262,228748.47,12400.0,3104.5,193.0,9.83,0.53,1185.23
2021,7,2021-07,충남,8042,447733.61,21660.0,5613.31,436.0,55.67,2.69,1026.91
2021,7,2021-07,충북,5934,398953.17,19552.0,4927.8,304.0,67.23,3.29,1312.35
2021,8,2021-08,강원,5929,417463.55,19954.0,5138.54,458.0,70.41,3.37,911.49
2021,8,2021-08,경기,33832,882619.27,42976.0,11014.69,564.0,26.09,1.27,1564.93
2021,8,2021-08,경남,9730,444855.84,22239.0,5644.22,464.0,45.72,2.29,958.74
2021,8,2021-08,경북,9683,736826.61,35546.0,9338.21,638.0,76.09,3.67,1154.9
2021,8,2021-08,광주,4478,120218.15,5399.0,1335.98,91.0,26.85,1.21,1321.08
2021,8,2021-08,대구,14632,185585.16,8817.0,2331.17,141.0,12.68,0.6,1316.21
2021,8,2021-08,대전,6652,179012.4,8310.0,2029.49,101.0,26.91,1.25,1772.4
2021,8,2021-08,부산,9525,114346.08,5568.0,1402.38,70.0,12.0,0.58,1633.52
2021,8,2021-08,서울,31220,333384.17,15877.0,3846.54,182.0,10.68,0.51,1831.78
2021,8,2021-08,세종,1509,32882.06,1498.0,399.92,46.0,21.79,0.99,714.83
2021,8,2021-08,울산,3038,108193.11,5100.0,1280.0,137.0,35.61,1.68,789.73
2021,8,2021-08,인천,9370,237975.18,11005.0,2977.07,131.0,25.4,1.17,1816.6
2021,8,2021-08,전남,7211,296895.2,13498.0,3700.93,472.0,41.17,1.87,629.02
2021,8,2021-08,전북,5826,393244.22,17917.0,4411.15,435.0,67.5,3.08,904.01
2021,8,2021-08,제주,23590,241671.64,12738.0,3301.89,179.0,10.24,0.54,1350.12
2021,8,2021-08,충남,8426,470470.71,22432.0,5799.82,445.0,55.84,2.66,1057.24
2021,8,2021-08,충북,6414,397316.64,19489.0,4987.42,309.0,61.95,3.04,1285.81
2021,9,2021-09,강원,6266,421467.85,19567.0,5123.43,461.0,67.26,3.12,914.25
2021,9,2021-09,경기,35385,923028.1,44390.0,11335.27,571.0,26.09,1.25,1616.51
2021,9,2021-09,경남,10274,457438.18,22358.0,5757.03,462.0,44.52,2.18,990.13
2021,9,2021-09,경북,10013,718803.67,34426.0,9041.24,616.0,71.79,3.44,1166.89
2021,9,2021-09,광주,4722,122601.69,5469.0,1325.63,99.0,25.96,1.16,1238.4
2021,9,2021-09,대구,15122,192262.37,8857.0,2322.7,143.0,12.71,0.59,1344.49
2021,9,2021-09,대전,7134,186967.51,8718.0,2102.11,98.0,26.21,1.22,1907.83
2021,9,2021-09,부산,10480,112758.58,5386.0,1383.83,68.0,10.76,0.51,1658.21
2021,9,2021-09,서울,33434,352970.72,16595.0,4054.98,188.0,10.56,0.5,1877.5
2021,9,2021-09,세종,1627,31762.04,1384.0,375.11,41.0,19.52,0.85,774.68
2021,9,2021-09,울산,3167,107596.14,5154.0,1309.37,135.0,33.97,1.63,797.01
2021,9,2021-09,인천,10543,255481.53,11678.0,3070.87,133.0,24.23,1.11,1920.91
2021,9,2021-09,전남,7574,298143.83,13313.0,3588.09,494.0,39.36,1.76,603.53
2021,9,2021-09,전북,6286,410044.7,18742.0,4657.92,437.0,65.23,2.98,938.32
2021,9,2021-09,제주,23845,229722.1,12113.0,3189.64,181.0,9.63,0.51,1269.18
2021,9,2021-09,충남,8847,471378.17,22669.0,5843.97,409.0,53.28,2.56,1152.51
2021,9,2021-09,충북,6801,430151.51,20741.0,5219.28,307.0,63.25,3.05,1401.14
2021,10,2021-10,강원,6786,510883.04,24055.0,5987.12,459.0,75.28,3.54,1113.03
2021,10,2021-10,경기,37084,1050943.59,51871.0,12990.56,581.0,28.34,1.4,1808.85
2021,10,2021-10,경남,11199,520207.86,26000.0,6601.32,528.0,46.45,2.32,985.24
2021,10,2021-10,경북,10373,837003.56,41082.0,10457.96,638.0,80.69,3.96,1311.92
2021,10,2021-10,광주,4806,143453.3,6523.0,1536.59,99.0,29.85,1.36,1449.02
2021,10,2021-10,대구,15753,224444.56,10541.0,2683.43,147.0,14.25,0.67,1526.83
2021,10,2021-10,대전,7700,215106.05,10274.0,2336.69,100.0,27.94,1.33,2151.06
2021,10,2021-10,부산,10939,145554.74,7074.0,1690.14,72.0,13.31,0.65,2021.59
2021,10,2021-10,서울,35067,408995.23,19953.0,4550.0,184.0,11.66,0.57,2222.8
2021,10,2021-10,세종,1680,36847.82,1668.0,436.61,42.0,21.93,0.99,877.33
2021,10,2021-10,울산,3184,136050.17,6600.0,1665.34,142.0,42.73,2.07,958.1
2021,10,2021-10,인천,11295,304607.78,14338.0,3629.92,137.0,26.97,1.27,2223.41
2021,10,2021-10,전남,7826,337241.58,15535.0,4102.12,501.0,43.09,1.99,673.14
2021,10,2021-10,전북,6733,479850.83,22262.0,5417.75,440.0,71.27,3.31,1090.57
2021,10,2021-10,제주,24410,250887.66,13348.0,3482.29,181.0,10.28,0.55,1386.12
2021,10,2021-10,충남,9480,560232.04,27286.0,6846.44,443.0,59.1,2.88,1264.63
2021,10,2021-10,충북,7362,507143.32,25072.0,6114.98,321.0,68.89,3.41,1579.89
2021,11,2021-11,강원,7231,572462.52,27088.0,6627.16,480.0,79.17,3.75,1192.63
2021,11,2021-11,경기,38563,1235869.62,61984.0,14872.92,612.0,32.05,1.61,2019.39
2021,11,2021-11,경남,12122,599980.68,29907.0,7585.29,553.0,49.5,2.47,1084.96
2021,11,2021-11,경북,10870,904652.84,44825.0,11123.64,692.0,83.22,4.12,1307.3
2021,11,2021-11,광주,4978,155536.16,7489.0,1679.85,97.0,31.24,1.5,1603.47
2021,11,2021-11,대구,16083,268739.65,12495.0,3073.99,154.0,16.71,0.78,1745.06
2021,11,2021-11,대전,7737,244328.72,11987.0,2632.12,101.0,31.58,1.55,2419.1
2021,11,2021-11,부산,11766,177135.26,8489.0,2036.22,73.0,15.05,0.72,2426.51
2021,11,2021-11,서울,38840,483004.51,24458.0,5230.27,191.0,12.44,0.63,2528.82
2021,11,2021-11,세종,1717,41124.71,2040.0,522.11,47.0,23.95,1.19,874.99
2021,11,2021-11,울산,3149,142238.22,6991.0,1716.77,140.0,45.17,2.22,1015.99
2021,11,2021-11,인천,11775,370879.59,17817.0,4285.71,137.0,31.5,1.51,2707.15
2021,11,2021-11,전남,8042,366641.89,17349.0,4437.18,518.0,45.59,2.16,707.8
2021,11,2021-11,전북,7147,540655.4,25507.0,5879.4,448.0,75.65,3.57,1206.82
2021,11,2021-11,제주,25381,247518.74,13313.0,3410.16,193.0,9.75,0.52,1282.48
2021,11,2021-11,충남,9836,620354.42,30567.0,7388.8,459.0,63.07,3.11,1351.53
2021,11,2021-11,충북,7731,578246.4,28886.0,6767.03,322.0,74.8,3.74,1795.8
2021,12,2021-12,강원,7946,637181.89,31066.0,7102.59,492.0,80.19,3.91,1295.09
2021,12,2021-12,경기,39958,1412007.43,74052.0,16765.46,640.0,35.34,1.85,2206.26
2021,12,2021-12,경남,12606,706502.5,35672.0,8425.81,568.0,56.04,2.83,1243.84
2021,12,2021-12,경북,11240,985936.52,50680.0,11930.56,723.0,87.72,4.51,1363.67
2021,12,2021-12,광주,5194,177325.32,8771.0,1831.1,106.0,34.14,1.69,1672.88
2021,12,2021-12,대구,16185,292940.03,14671.0,3320.27,158.0,18.1,0.91,1854.05
2021,12,2021-12,대전,7701,269491.4,13911.0,2810.44,107.0,34.99,1.81,2518.61
2021,12,2021-12,부산,12375,213815.7,10532.0,2404.32,72.0,17.28,0.85,2969.66
2021,12,2021-12,서울,40564,575795.28,30398.0,6095.52,193.0,14.19,0.75,2983.4
2021,12,2021-12,세종,1859,49904.63,2574.0,641.1,47.0,26.84,1.38,1061.8
2021,12,2021-12,울산,3166,158129.4,7886.0,1824.15,141.0,49.95,2.49,1121.49
2021,12,2021-12,인천,12820,422592.74,21648.0,4747.72,137.0,32.96,1.69,3084.62
2021,12,2021-12,전남,8708,392144.09,19195.0,4580.43,535.0,45.03,2.2,732.98
2021,12,2021-12,전북,7365,590032.92,28859.0,6343.31,451.0,80.11,3.92,1308.28
2021,12,2021-12,제주,25571,267731.95,14767.0,3594.83,192.0,10.47,0.58,1394.44
2021,12,2021-12,충남,9991,673917.03,34218.0,7848.9,479.0,67.45,3.42,1406.92
2021,12,2021-12,충북,8194,652350.61,33332.0,7373.44,330.0,79.61,4.07,1976.82
2022,1,2022-01,강원,8042,662338.13,32697.0,6909.75,488.0,82.36,4.07,1357.25
2022,1,2022-01,경기,40239,1337068.82,71629.0,15703.05,627.0,33.23,1.78,2132.49
2022,1,2022-01,경남,12725,696132.42,35512.0,7999.79,591.0,54.71,2.79,1177.89
2022,1,2022-01,경북,11269,977687.87,49813.0,11433.2,770.0,86.76,4.42,1269.72
2022,1,2022-01,광주,5204,167616.06,8535.0,1683.8,102.0,32.21,1.64,1643.29
2022,1,2022-01,대구,16169,280347.63,14270.0,3161.03,155.0,17.34,0.88,1808.69
2022,1,2022-01,대전,7675,250240.34,13432.0,2609.89,124.0,32.6,1.75,2018.07
2022,1,2022-01,부산,12501,207825.88,10337.0,2231.36,78.0,16.62,0.83,2664.43
2022,1,2022-01,서울,41140,565111.16,30499.0,5994.46,192.0,13.74,0.74,2943.29
2022,1,2022-01,세종,1879,47390.8,2439.0,545.2,47.0,25.22,1.3,1008.31
2022,1,2022-01,울산,3180,176682.7,9001.0,1982.61,154.0,55.56,2.83,1147.29
2022,1,2022-01,인천,12942,387762.44,20281.0,4227.93,137.0,29.96,1.57,2830.38
2022,1,2022-01,전남,8837,380922.53,18689.0,4106.05,530.0,43.11,2.11,718.72
2022,1,2022-01,전북,7389,568743.08,28335.0,5998.37,468.0,76.97,3.83,1215.26
2022,1,2022-01,제주,25580,274072.33,15300.0,3684.47,190.0,10.71,0.6,1442.49
2022,1,2022-01,충남,10015,649839.12,33650.0,7365.26,473.0,64.89,3.36,1373.87
2022,1,2022-01,충북,8184,592148.89,31103.0,6838.93,335.0,72.35,3.8,1767.61
2022,2,2022-02,강원,8179,524213.14,26308.0,5782.99,484.0,64.09,3.22,1083.08
2022,2,2022-02,경기,41266,1184029.95,63710.0,14391.2,620.0,28.69,1.54,1909.73
2022,2,2022-02,경남,13536,614621.12,31360.0,7143.31,561.0,45.41,2.32,1095.58
2022,2,2022-02,경북,11540,815274.06,42469.0,9923.88,775.0,70.65,3.68,1051.97
2022,2,2022-02,광주,5652,136876.06,7003.0,1472.28,100.0,24.22,1.24,1368.76
2022,2,2022-02,대구,17091,237285.84,12163.0,2793.51,158.0,13.88,0.71,1501.81
2022,2,2022-02,대전,7902,203236.64,10954.0,2331.28,103.0,25.72,1.39,1973.17
2022,2,2022-02,부산,13805,172246.31,8619.0,1954.87,73.0,12.48,0.62,2359.54
2022,2,2022-02,서울,41693,463809.03,25490.0,5201.18,195.0,11.12,0.61,2378.51
2022,2,2022-02,세종,1902,41324.94,2238.0,480.08,47.0,21.73,1.18,879.25
2022,2,2022-02,울산,3405,151676.9,7782.0,1766.29,145.0,44.55,2.29,1046.05
2022,2,2022-02,인천,13179,310429.64,16622.0,3707.6,137.0,23.55,1.26,2265.91
2022,2,2022-02,전남,9203,331147.94,16272.0,3628.68,527.0,35.98,1.77,628.36
2022,2,2022-02,전북,7456,464080.61,23432.0,5161.94,466.0,62.24,3.14,995.88
2022,2,2022-02,제주,26184,230630.3,13413.0,3208.36,193.0,8.81,0.51,1194.98
2022,2,2022-02,충남,10525,566479.93,29416.0,6595.91,478.0,53.82,2.79,1185.1
2022,2,2022-02,충북,8664,505298.1,27003.0,6103.8,327.0,58.32,3.12,1545.25
2022,3,2022-03,강원,8652,556202.62,25885.0,5886.13,482.0,64.29,2.99,1153.95
2022,3,2022-03,경기,45891,1427945.59,71720.0,16395.34,621.0,31.12,1.56,2299.43
2022,3,2022-03,경남,14371,761499.28,36275.0,8664.63,565.0,52.99,2.52,1347.79
2022,3,2022-03,경북,12318,983214.02,47196.0,11429.02,750.0,79.82,3.83,1310.95
2022,3,2022-03,광주,6015,182965.7,8465.0,1828.87,104.0,30.42,1.41,1759.29
2022,3,2022-03,대구,17584,270623.7,12840.0,2954.4,157.0,15.39,0.73,1723.72
2022,3,2022-03,대전,8595,234071.55,11800.0,2540.4,103.0,27.23,1.37,2272.54
2022,3,2022-03,부산,15330,208175.51,9857.0,2305.51,80.0,13.58,0.64,2602.19
2022,3,2022-03,서울,43206,484490.9,24947.0,5168.8,195.0,11.21,0.58,2484.57
2022,3,2022-03,세종,2069,46224.37,2246.0,534.02,49.0,22.34,1.09,943.35
2022,3,2022-03,울산,3789,214806.7,10004.0,2251.38,148.0,56.69,2.64,1451.4
2022,3,2022-03,인천,14134,409431.37,19844.0,4405.45,136.0,28.97,1.4,3010.52
2022,3,2022-03,전남,9978,452378.06,20516.0,4763.88,555.0,45.34,2.06,815.1
2022,3,2022-03,전북,8404,590171.55,27060.0,6102.23,468.0,70.23,3.22,1261.05
2022,3,2022-03,제주,26702,263467.85,14285.0,3431.8,191.0,9.87,0.53,1379.41
2022,3,2022-03,충남,11532,669914.26,32854.0,7477.74,516.0,58.09,2.85,1298.28
2022,3,2022-03,충북,9683,636812.03,31657.0,7120.8,383.0,65.77,3.27,1662.69
2022,4,2022-04,강원,9117,659667.01,29215.0,6931.13,505.0,72.36,3.2,1306.27
2022,4,2022-04,경기,50111,1615013.15,76890.0,18316.01,686.0,32.23,1.53,2354.25
2022,4,2022-04,경남,14957,837865.99,38121.0,9408.11,576.0,56.02,2.55,1454.63
2022,4,2022-04,경북,13018,1121078.23,51488.0,12854.86,764.0,86.12,3.96,1467.38
2022,4,2022-04,광주,6233,185115.74,8213.0,1886.54,108.0,29.7,1.32,1714.03
2022,4,2022-04,대구,18076,280018.2,12661.0,3019.16,157.0,15.49,0.7,1783.56
2022,4,2022-04,대전,9550,252401.38,11867.0,2619.11,99.0,26.43,1.24,2549.51
2022,4,2022-04,부산,16059,216175.93,9911.0,2375.02,75.0,13.46,0.62,2882.35
2022,4,2022-04,서울,45133,547902.87,25845.0,5776.0,222.0,12.14,0.57,2468.03
2022,4,2022-04,세종,2180,54860.88,2460.0,597.83,47.0,25.17,1.13,1167.25
2022,4,2022-04,울산,3948,250117.95,11072.0,2574.17,151.0,63.35,2.8,1656.41
2022,4,2022-04,인천,15191,451349.29,20485.0,4827.52,153.0,29.71,1.35,2950.0
2022,4,2022-04,전남,10658,521633.47,22326.0,5463.53,545.0,48.94,2.09,957.13
2022,4,2022-04,전북,8931,673859.4,29374.0,7074.07,500.0,75.45,3.29,1347.72
2022,4,2022-04,제주,26931,267083.41,13782.0,3370.13,247.0,9.92,0.51,1081.31
2022,4,2022-04,충남,12142,759424.57,35386.0,8468.8,466.0,62.55,2.91,1629.67
2022,4,2022-04,충북,10421,709021.02,34120.0,8057.49,336.0,68.04,3.27,2110.18
2022,5,2022-05,강원,9666,753614.04,32395.0,7926.62,492.0,77.97,3.35,1531.74
2022,5,2022-05,경기,53239,1800165.18,83062.0,20343.24,645.0,33.81,1.56,2790.95
2022,5,2022-05,경남,15821,960891.76,42623.0,10639.5,578.0,60.74,2.69,1662.44
2022,5,2022-05,경북,13839,1288333.69,57540.0,14642.6,787.0,93.09,4.16,1637.02
2022,5,2022-05,광주,6462,216333.39,9156.0,2202.88,102.0,33.48,1.42,2120.92
2022,5,2022-05,대구,18808,316713.8,13744.0,3467.47,167.0,16.84,0.73,1896.49
2022,5,2022-05,대전,10213,299116.21,13281.0,3048.9,103.0,29.29,1.3,2904.04
2022,5,2022-05,부산,16630,251963.63,11173.0,2776.19,76.0,15.15,0.67,3315.31
2022,5,2022-05,서울,46723,626624.0,28466.0,6679.41,201.0,13.41,0.61,3117.53
2022,5,2022-05,세종,2307,67031.83,2822.0,720.74,47.0,29.06,1.22,1426.21
2022,5,2022-05,울산,4134,291237.88,12405.0,3088.27,154.0,70.45,3.0,1891.16
2022,5,2022-05,인천,16859,524123.22,22938.0,5639.11,139.0,31.09,1.36,3770.67
2022,5,2022-05,전남,11102,582970.41,24245.0,6077.52,537.0,52.51,2.18,1085.61
2022,5,2022-05,전북,9310,719570.99,30924.0,7531.42,476.0,77.29,3.32,1511.7
2022,5,2022-05,제주,27224,282869.32,14028.0,3434.57,219.0,10.39,0.52,1291.64
2022,5,2022-05,충남,12712,845215.29,37770.0,9296.95,498.0,66.49,2.97,1697.22
2022,5,2022-05,충북,11209,779487.21,36409.0,8848.1,347.0,69.54,3.25,2246.36
2022,6,2022-06,강원,10159,787053.29,33234.0,8301.44,501.0,77.47,3.27,1570.96
2022,6,2022-06,경기,56232,1868942.11,84305.0,20891.58,664.0,33.24,1.5,2814.67
2022,6,2022-06,경남,16486,966572.87,42247.0,10683.62,621.0,58.63,2.56,1556.48
2022,6,2022-06,경북,14478,1327979.52,58194.0,15081.76,798.0,91.72,4.02,1664.13
2022,6,2022-06,광주,6766,223578.28,9476.0,2237.11,113.0,33.04,1.4,1978.57
2022,6,2022-06,대구,19705,344223.72,14657.0,3690.94,165.0,17.47,0.74,2086.2
2022,6,2022-06,대전,10468,321116.31,13948.0,3313.27,120.0,30.68,1.33,2675.97
2022,6,2022-06,부산,17206,260177.86,11410.0,2771.93,87.0,15.12,0.66,2990.55
2022,6,2022-06,서울,48362,661526.81,29392.0,6986.83,201.0,13.68,0.61,3291.18
2022,6,2022-06,세종,2394,61636.47,2486.0,669.15,47.0,25.75,1.04,1311.41
2022,6,2022-06,울산,4181,312037.37,13077.0,3310.73,157.0,74.63,3.13,1987.5
2022,6,2022-06,인천,18329,528205.49,22544.0,5733.72,141.0,28.82,1.23,3746.14
2022,6,2022-06,전남,11549,590787.79,24134.0,6179.98,598.0,51.15,2.09,987.94
2022,6,2022-06,전북,9723,755972.89,32017.0,7908.44,497.0,77.75,3.29,1521.07
2022,6,2022-06,제주,27622,301853.49,14636.0,3735.79,196.0,10.93,0.53,1540.07
2022,6,2022-06,충남,13298,862777.54,37703.0,9504.99,507.0,64.88,2.84,1701.73
2022,6,2022-06,충북,11675,790621.88,36092.0,8955.57,372.0,67.72,3.09,2125.33
2022,7,2022-07,강원,10857,941740.99,38877.0,9745.66,535.0,86.74,3.58,1760.26
2022,7,2022-07,경기,59744,2162776.24,95944.0,23996.36,719.0,36.2,1.61,3008.03
2022,7,2022-07,경남,17215,1123588.15,48016.0,12087.49,628.0,65.27,2.79,1789.15
2022,7,2022-07,경북,15663,1515061.95,64586.0,16938.68,821.0,96.73,4.12,1845.39
2022,7,2022-07,광주,7152,254261.75,10602.0,2499.95,113.0,35.55,1.48,2250.1
2022,7,2022-07,대구,20613,404771.38,16738.0,4297.02,171.0,19.64,0.81,2367.08
2022,7,2022-07,대전,11267,362164.67,15446.0,3674.96,123.0,32.14,1.37,2944.43
2022,7,2022-07,부산,17776,305825.22,13261.0,3257.23,80.0,17.2,0.75,3822.82
2022,7,2022-07,서울,49590,764029.76,33300.0,7886.49,227.0,15.41,0.67,3365.77
2022,7,2022-07,세종,2480,66634.72,2592.0,683.97,57.0,26.87,1.05,1169.03
2022,7,2022-07,울산,4156,358985.02,14681.0,3705.74,160.0,86.38,3.53,2243.66
2022,7,2022-07,인천,19567,653873.02,27093.0,6897.7,155.0,33.42,1.38,4218.54
2022,7,2022-07,전남,12580,682509.8,27498.0,7046.42,582.0,54.25,2.19,1172.7
2022,7,2022-07,전북,10246,861825.96,36171.0,8890.03,510.0,84.11,3.53,1689.85
2022,7,2022-07,제주,28241,352048.61,16565.0,4219.26,229.0,12.47,0.59,1537.33
2022,7,2022-07,충남,14051,978225.24,42269.0,10563.38,517.0,69.62,3.01,1892.12
2022,7,2022-07,충북,12603,959534.79,43005.0,10802.83,404.0,76.14,3.41,2375.09
2022,8,2022-08,강원,11538,1032026.42,42115.0,10573.45,520.0,89.45,3.65,1984.67
2022,8,2022-08,경기,63314,2129674.93,93531.0,23590.69,691.0,33.64,1.48,3082.02
2022,8,2022-08,경남,18245,1171804.04,49409.0,12436.05,627.0,64.23,2.71,1868.91
2022,8,2022-08,경북,16429,1591850.48,67603.0,17777.26,831.0,96.89,4.11,1915.58
2022,8,2022-08,광주,7397,262824.07,11181.0,2624.92,110.0,35.53,1.51,2389.31
2022,8,2022-08,대구,21239,413063.64,16906.0,4320.05,171.0,19.45,0.8,2415.58
2022,8,2022-08,대전,11920,357332.95,15297.0,3595.28,123.0,29.98,1.28,2905.15
2022,8,2022-08,부산,18507,327154.38,13837.0,3476.42,88.0,17.68,0.75,3717.66
2022,8,2022-08,서울,51240,764706.21,33232.0,7952.62,202.0,14.92,0.65,3785.67
2022,8,2022-08,세종,2555,70795.07,2755.0,729.61,56.0,27.71,1.08,1264.2
2022,8,2022-08,울산,4184,372498.12,14897.0,3762.21,160.0,89.03,3.56,2328.11
2022,8,2022-08,인천,20858,661859.72,26879.0,6941.03,150.0,31.73,1.29,4412.4
2022,8,2022-08,전남,13050,720314.96,28954.0,7388.57,566.0,55.2,2.22,1272.64
2022,8,2022-08,전북,11353,945616.78,39363.0,9710.09,527.0,83.29,3.47,1794.34
2022,8,2022-08,제주,28790,406428.29,18687.0,4761.42,224.0,14.12,0.65,1814.41
2022,8,2022-08,충남,14438,1019607.71,43491.0,11058.97,543.0,70.62,3.01,1877.73
2022,8,2022-08,충북,13210,1047357.27,45818.0,11626.19,391.0,79.29,3.47,2678.66
2022,9,2022-09,강원,12171,891436.76,36848.0,9422.55,535.0,73.24,3.03,1666.24
2022,9,2022-09,경기,67941,2026303.53,90681.0,23171.03,735.0,29.82,1.33,2756.88
2022,9,2022-09,경남,19453,1082224.75,46197.0,11903.11,641.0,55.63,2.37,1688.34
2022,9,2022-09,경북,17057,1532560.64,65524.0,17549.96,860.0,89.85,3.84,1782.05
2022,9,2022-09,광주,7887,251321.22,10745.0,2548.93,129.0,31.87,1.36,1948.23
2022,9,2022-09,대구,22329,392737.11,16462.0,4295.4,170.0,17.59,0.74,2310.22
2022,9,2022-09,대전,12525,341643.46,14705.0,3553.04,127.0,27.28,1.17,2690.11
2022,9,2022-09,부산,19858,309076.02,13153.0,3394.7,88.0,15.56,0.66,3512.23
2022,9,2022-09,서울,53798,709467.66,31661.0,7714.88,227.0,13.19,0.59,3125.41
2022,9,2022-09,세종,2677,62484.66,2514.0,672.32,56.0,23.34,0.94,1115.8
2022,9,2022-09,울산,4651,335605.17,14074.0,3571.44,161.0,72.16,3.03,2084.5
2022,9,2022-09,인천,22375,613172.8,25571.0,6739.01,150.0,27.4,1.14,4087.82
2022,9,2022-09,전남,13802,634163.23,26106.0,6781.81,609.0,45.95,1.89,1041.32
2022,9,2022-09,전북,12162,977373.64,40633.0,10266.47,540.0,80.36,3.34,1809.95
2022,9,2022-09,제주,29556,303514.48,14607.0,3777.11,244.0,10.27,0.49,1243.91
2022,9,2022-09,충남,15449,1018488.25,43849.0,11457.77,570.0,65.93,2.84,1786.82
2022,9,2022-09,충북,13704,1025130.44,45665.0,11922.28,416.0,74.81,3.33,2464.26
2022,10,2022-10,강원,12845,1066476.27,45146.0,11133.13,551.0,83.03,3.51,1935.53
2022,10,2022-10,경기,72328,2269387.93,104774.0,25832.74,761.0,31.38,1.45,2982.11
2022,10,2022-10,경남,20983,1220188.58,52730.0,13301.38,659.0,58.15,2.51,1851.58
2022,10,2022-10,경북,17859,1823334.21,78085.0,20550.73,863.0,102.1,4.37,2112.79
2022,10,2022-10,광주,8451,268508.03,11500.0,2706.76,127.0,31.77,1.36,2114.24
2022,10,2022-10,대구,23407,421168.62,17802.0,4510.49,174.0,17.99,0.76,2420.51
2022,10,2022-10,대전,13385,375573.17,16607.0,3923.62,132.0,28.06,1.24,2845.25
2022,10,2022-10,부산,21054,332801.35,14573.0,3652.39,88.0,15.81,0.69,3781.83
2022,10,2022-10,서울,55335,755576.99,34231.0,7939.84,244.0,13.65,0.62,3096.63
2022,10,2022-10,세종,2825,69562.7,2843.0,721.89,54.0,24.62,1.01,1288.2
2022,10,2022-10,울산,4943,391310.82,16663.0,4156.42,162.0,79.16,3.37,2415.5
2022,10,2022-10,인천,24222,690035.12,29475.0,7393.48,163.0,28.49,1.22,4233.34
2022,10,2022-10,전남,14437,733203.43,30929.0,7626.03,638.0,50.79,2.14,1149.22
2022,10,2022-10,전북,12448,1074946.9,45862.0,11294.86,543.0,86.35,3.68,1979.64
2022,10,2022-10,제주,30696,367075.18,18144.0,4723.21,266.0,11.96,0.59,1379.98
2022,10,2022-10,충남,15987,1179659.83,51483.0,13127.33,584.0,73.79,3.22,2019.97
2022,10,2022-10,충북,14365,1209458.95,53269.0,13606.03,430.0,84.19,3.71,2812.7
2022,11,2022-11,강원,13618,1003748.42,43818.0,10355.52,579.0,73.71,3.22,1733.59
2022,11,2022-11,경기,75811,2360162.11,111933.0,26755.86,815.0,31.13,1.48,2895.9
2022,11,2022-11,경남,22081,1211392.68,53147.0,13315.76,676.0,54.86,2.41,1792.0
2022,11,2022-11,경북,18864,1862492.01,81128.0,21132.87,891.0,98.73,4.3,2090.34
2022,11,2022-11,광주,8733,265748.77,11593.0,2632.69,133.0,30.43,1.33,1998.11
2022,11,2022-11,대구,24131,433360.09,18528.0,4559.5,184.0,17.96,0.77,2355.22
2022,11,2022-11,대전,14163,414012.33,18559.0,4314.34,135.0,29.23,1.31,3066.76
2022,11,2022-11,부산,21916,340949.0,14922.0,3630.25,91.0,15.56,0.68,3746.69
2022,11,2022-11,서울,57351,789958.54,36598.0,8312.7,235.0,13.77,0.64,3361.53
2022,11,2022-11,세종,2962,65802.26,2822.0,707.02,63.0,22.22,0.95,1044.48
2022,11,2022-11,울산,5030,378425.32,16274.0,4028.61,162.0,75.23,3.24,2335.96
2022,11,2022-11,인천,25835,702729.14,30609.0,7352.51,173.0,27.2,1.18,4062.02
2022,11,2022-11,전남,14981,720406.72,30975.0,7596.2,675.0,48.09,2.07,1067.27
2022,11,2022-11,전북,12622,1038263.62,44668.0,10733.13,563.0,82.26,3.54,1844.16
2022,11,2022-11,제주,32227,393227.31,19312.0,5204.05,268.0,12.2,0.6,1467.27
2022,11,2022-11,충남,16467,1206983.44,52954.0,13308.47,602.0,73.3,3.22,2004.96
2022,11,2022-11,충북,14933,1219903.44,55052.0,13815.09,464.0,81.69,3.69,2629.1
2022,12,2022-12,강원,14012,1127566.5,52031.0,11372.68,563.0,80.47,3.71,2002.78
2022,12,2022-12,경기,77648,2795232.94,140688.0,30898.34,772.0,36.0,1.81,3620.77
2022,12,2022-12,경남,22740,1365514.3,62757.0,14656.3,701.0,60.05,2.76,1947.95
2022,12,2022-12,경북,19154,2083773.42,94737.0,23088.12,901.0,108.79,4.95,2312.73
2022,12,2022-12,광주,9096,297324.39,13592.0,2882.19,130.0,32.69,1.49,2287.11
2022,12,2022-12,대구,24161,504428.95,23058.0,5260.53,177.0,20.88,0.95,2849.88
2022,12,2022-12,대전,14476,503893.54,24186.0,5109.07,146.0,34.81,1.67,3451.33
2022,12,2022-12,부산,22063,401488.12,18203.0,4033.64,100.0,18.2,0.83,4014.88
2022,12,2022-12,서울,59327,1048050.26,50971.0,10284.44,245.0,17.67,0.86,4277.76
2022,12,2022-12,세종,3034,76006.15,3441.0,824.68,55.0,25.05,1.13,1381.93
2022,12,2022-12,울산,5061,434429.3,19642.0,4498.62,166.0,85.84,3.88,2617.04
2022,12,2022-12,인천,26242,861603.91,40304.0,8445.52,190.0,32.83,1.54,4534.76
2022,12,2022-12,전남,15387,765701.47,34607.0,8064.43,652.0,49.76,2.25,1174.39
2022,12,2022-12,전북,12727,1052279.47,47876.0,10800.08,564.0,82.68,3.76,1865.74
2022,12,2022-12,제주,32976,465138.09,23828.0,6032.16,283.0,14.11,0.72,1643.6
2022,12,2022-12,충남,16611,1299289.01,60356.0,14075.14,615.0,78.22,3.63,2112.67
2022,12,2022-12,충북,15140,1321662.28,62672.0,14665.67,446.0,87.3,4.14,2963.37
2023,1,2023-01,강원,14065,976123.55,44428.0,9822.44,553.0,69.4,3.16,1765.14
2023,1,2023-01,경기,77673,2420184.86,121087.0,26755.89,771.0,31.16,1.56,3139.02
2023,1,2023-01,경남,22749,1231946.03,56293.0,13094.98,665.0,54.15,2.47,1852.55
2023,1,2023-01,경북,19150,1923207.73,86381.0,21192.43,882.0,100.43,4.51,2180.51
2023,1,2023-01,광주,9118,265665.13,12012.0,2597.81,130.0,29.14,1.32,2043.58
2023,1,2023-01,대구,24100,439053.91,20057.0,4644.41,175.0,18.22,0.83,2508.88
2023,1,2023-01,대전,14450,434172.08,20798.0,4414.14,131.0,30.05,1.44,3314.29
2023,1,2023-01,부산,22114,350575.62,16119.0,3666.9,88.0,15.85,0.73,3983.81
2023,1,2023-01,서울,59624,908735.39,44126.0,9156.75,234.0,15.24,0.74,3883.48
2023,1,2023-01,세종,3081,69498.13,3142.0,759.7,60.0,22.56,1.02,1158.3
2023,1,2023-01,울산,5071,387783.32,17443.0,4014.76,162.0,76.47,3.44,2393.72
2023,1,2023-01,인천,26342,753130.86,35304.0,7464.71,165.0,28.59,1.34,4564.43
2023,1,2023-01,전남,15449,724972.32,32568.0,7562.96,644.0,46.93,2.11,1125.73
2023,1,2023-01,전북,12740,989287.52,44570.0,10162.73,552.0,77.65,3.5,1792.19
2023,1,2023-01,제주,32904,433151.91,22376.0,5804.18,271.0,13.16,0.68,1598.35
2023,1,2023-01,충남,16617,1186542.7,54811.0,12927.8,597.0,71.41,3.3,1987.51
2023,1,2023-01,충북,15156,1160847.99,54060.0,13067.04,429.0,76.59,3.57,2705.94
2023,2,2023-02,강원,14427,803933.83,36501.0,8381.2,573.0,55.72,2.53,1403.03
2023,2,2023-02,경기,79880,2066069.12,103000.0,23595.59,788.0,25.86,1.29,2621.92
2023,2,2023-02,경남,23739,1028466.17,47243.0,11306.31,678.0,43.32,1.99,1516.91
2023,2,2023-02,경북,19808,1645868.73,73491.0,18531.36,884.0,83.09,3.71,1861.84
2023,2,2023-02,광주,9542,223810.39,10109.0,2295.98,130.0,23.46,1.06,1721.62
2023,2,2023-02,대구,25019,350595.76,15879.0,3804.41,175.0,14.01,0.63,2003.4
2023,2,2023-02,대전,14600,361815.88,17227.0,3834.2,135.0,24.78,1.18,2680.12
2023,2,2023-02,부산,23481,287080.71,13109.0,3015.28,92.0,12.23,0.56,3120.44
2023,2,2023-02,서울,59584,731534.99,35540.0,7655.17,234.0,12.28,0.6,3126.22
2023,2,2023-02,세종,3153,64045.34,2863.0,667.84,60.0,20.31,0.91,1067.42
2023,2,2023-02,울산,5682,313338.1,14044.0,3296.38,162.0,55.15,2.47,1934.19
2023,2,2023-02,인천,26479,606584.71,28754.0,6305.54,165.0,22.91,1.09,3676.27
2023,2,2023-02,전남,16505,629520.4,28280.0,6627.92,650.0,38.14,1.71,968.49
2023,2,2023-02,전북,13022,852150.41,38032.0,8980.16,557.0,65.44,2.92,1529.89
2023,2,2023-02,제주,33573,425225.59,21566.0,5466.06,268.0,12.67,0.64,1586.66
2023,2,2023-02,충남,16990,1058902.03,48408.0,11678.83,605.0,62.33,2.85,1750.25
2023,2,2023-02,충북,15727,1023837.17,47453.0,11714.89,445.0,65.1,3.02,2300.76
2023,3,2023-03,강원,14823,802982.6,35397.0,8544.74,559.0,54.17,2.39,1436.46
2023,3,2023-03,경기,84533,2091369.55,99844.0,24091.14,774.0,24.74,1.18,2702.03
2023,3,2023-03,경남,25495,1146033.92,50793.0,12564.5,685.0,44.95,1.99,1673.04
2023,3,2023-03,경북,21278,1716515.18,74197.0,19489.51,897.0,80.67,3.49,1913.62
2023,3,2023-03,광주,9761,224108.61,9890.0,2321.18,130.0,22.96,1.01,1723.91
2023,3,2023-03,대구,25535,343844.09,14780.0,3784.99,175.0,13.47,0.58,1964.82
2023,3,2023-03,대전,14972,363398.34,16323.0,3892.91,138.0,24.27,1.09,2633.32
2023,3,2023-03,부산,24676,302684.58,13562.0,3304.9,92.0,12.27,0.55,3290.05
2023,3,2023-03,서울,61123,652655.14,31068.0,7204.03,244.0,10.68,0.51,2674.82
2023,3,2023-03,세종,3343,65173.31,2881.0,726.96,60.0,19.5,0.86,1086.22
2023,3,2023-03,울산,5864,324897.8,14069.0,3574.81,162.0,55.41,2.4,2005.54
2023,3,2023-03,인천,27840,579541.18,26644.0,6375.9,185.0,20.82,0.96,3132.66
2023,3,2023-03,전남,18041,740775.99,31495.0,7716.74,666.0,41.06,1.75,1112.28
2023,3,2023-03,전북,15070,959238.18,41186.0,10162.18,574.0,63.65,2.73,1671.15
2023,3,2023-03,제주,34432,441193.37,21881.0,5784.82,273.0,12.81,0.64,1616.09
2023,3,2023-03,충남,18832,1129751.85,49723.0,12724.34,598.0,59.99,2.64,1889.22
2023,3,2023-03,충북,16765,1067761.74,47374.0,12326.67,427.0,63.69,2.83,2500.61
2023,4,2023-04,강원,15218,813151.86,35323.0,8781.96,556.0,53.43,2.32,1462.5
2023,4,2023-04,경기,87779,1933399.48,89636.0,22526.01,774.0,22.03,1.02,2497.93
2023,4,2023-04,경남,26661,1108817.07,48021.0,12211.98,673.0,41.59,1.8,1647.57
2023,4,2023-04,경북,22349,1684510.2,71643.0,19020.39,888.0,75.37,3.21,1896.97
2023,4,2023-04,광주,10028,211809.86,8851.0,2210.12,129.0,21.12,0.88,1641.94
2023,4,2023-04,대구,26092,326913.41,13765.0,3670.62,177.0,12.53,0.53,1846.97
2023,4,2023-04,대전,15301,341831.34,15027.0,3711.29,133.0,22.34,0.98,2570.16
2023,4,2023-04,부산,26191,284299.16,12407.0,3118.89,88.0,10.85,0.47,3230.67
2023,4,2023-04,서울,62385,600391.37,27756.0,6657.32,236.0,9.62,0.44,2544.03
2023,4,2023-04,세종,3444,56511.09,2474.0,636.32,59.0,16.41,0.72,957.82
2023,4,2023-04,울산,6050,295758.96,12626.0,3246.45,162.0,48.89,2.09,1825.67
2023,4,2023-04,인천,29464,522719.83,22929.0,5844.65,165.0,17.74,0.78,3168.0
2023,4,2023-04,전남,19169,753659.68,30716.0,7840.66,658.0,39.32,1.6,1145.38
2023,4,2023-04,전북,15852,953848.47,39926.0,10113.06,551.0,60.17,2.52,1731.12
2023,4,2023-04,제주,35020,448322.35,21518.0,5814.79,280.0,12.8,0.61,1601.15
2023,4,2023-04,충남,19487,1111377.58,48021.0,12454.53,613.0,57.03,2.46,1813.01
2023,4,2023-04,충북,16996,1032763.8,44807.0,11844.74,439.0,60.77,2.64,2352.54
2023,5,2023-05,강원,15728,855449.4,35877.0,9203.08,559.0,54.39,2.28,1530.32
2023,5,2023-05,경기,90624,1992078.87,90102.0,23023.7,811.0,21.98,0.99,2456.32
2023,5,2023-05,경남,27593,1152454.45,48978.0,12557.21,692.0,41.77,1.78,1665.4
2023,5,2023-05,경북,23023,1752056.61,73119.0,19785.07,900.0,76.1,3.18,1946.73
2023,5,2023-05,광주,10303,224295.28,9127.0,2289.66,133.0,21.77,0.89,1686.43
2023,5,2023-05,대구,26691,341395.83,13963.0,3743.32,184.0,12.79,0.52,1855.41
2023,5,2023-05,대전,15564,343817.96,14511.0,3616.62,136.0,22.09,0.93,2528.07
2023,5,2023-05,부산,27147,292077.02,12173.0,3101.14,90.0,10.76,0.45,3245.3
2023,5,2023-05,서울,63807,598679.82,27038.0,6726.85,241.0,9.38,0.42,2484.15
2023,5,2023-05,세종,3562,51953.23,2283.0,605.31,61.0,14.59,0.64,851.69
2023,5,2023-05,울산,6207,306823.31,12795.0,3309.57,163.0,49.43,2.06,1882.35
2023,5,2023-05,인천,30905,541793.55,23438.0,6101.94,167.0,17.53,0.76,3244.27
2023,5,2023-05,전남,19966,761406.23,30577.0,7851.52,669.0,38.14,1.53,1138.13
2023,5,2023-05,전북,16256,947943.54,38690.0,10057.88,554.0,58.31,2.38,1711.09
2023,5,2023-05,제주,35619,470493.02,22349.0,6141.32,282.0,13.21,0.63,1668.41
2023,5,2023-05,충남,20225,1080686.93,45965.0,12287.85,600.0,53.43,2.27,1801.14
2023,5,2023-05,충북,17511,1073345.24,45717.0,12365.15,440.0,61.3,2.61,2439.42
2023,6,2023-06,강원,16143,855112.37,35286.0,9184.03,618.0,52.97,2.19,1383.68
2023,6,2023-06,경기,93995,1968753.82,87391.0,22906.54,803.0,20.95,0.93,2451.75
2023,6,2023-06,경남,28799,1142741.62,47997.0,12705.37,709.0,39.68,1.67,1611.77
2023,6,2023-06,경북,23520,1666347.39,69171.0,18935.0,915.0,70.85,2.94,1821.14
2023,6,2023-06,광주,10609,223772.94,8894.0,2307.3,132.0,21.09,0.84,1695.25
2023,6,2023-06,대구,27263,344956.8,13851.0,3718.49,178.0,12.65,0.51,1937.96
2023,6,2023-06,대전,15904,365404.12,15313.0,3949.05,136.0,22.98,0.96,2686.8
2023,6,2023-06,부산,28466,288879.97,12109.0,3175.4,103.0,10.15,0.43,2804.66
2023,6,2023-06,서울,65614,598520.11,26637.0,6803.63,244.0,9.12,0.41,2452.95
2023,6,2023-06,세종,3674,57962.78,2427.0,646.67,59.0,15.78,0.66,982.42
2023,6,2023-06,울산,6492,289439.28,12070.0,3191.53,164.0,44.58,1.86,1764.87
2023,6,2023-06,인천,32065,548491.93,23197.0,6152.46,184.0,17.11,0.72,2980.93
2023,6,2023-06,전남,20874,743633.19,29576.0,7692.31,681.0,35.62,1.42,1091.97
2023,6,2023-06,전북,16668,903638.05,36411.0,9581.07,586.0,54.21,2.18,1542.04
2023,6,2023-06,제주,36262,498783.0,23180.0,6352.83,288.0,13.75,0.64,1731.89
2023,6,2023-06,충남,20677,1081650.51,45083.0,12179.46,615.0,52.31,2.18,1758.78
2023,6,2023-06,충북,17903,1086937.4,45625.0,12356.85,448.0,60.71,2.55,2426.2
2023,7,2023-07,강원,16459,945892.94,38360.0,9970.14,564.0,57.47,2.33,1677.12
2023,7,2023-07,경기,97738,2092363.56,92159.0,23744.8,799.0,21.41,0.94,2618.73
2023,7,2023-07,경남,30888,1242310.35,51218.0,13544.53,704.0,40.22,1.66,1764.65
2023,7,2023-07,경북,24347,1756675.56,71944.0,19710.85,898.0,72.15,2.95,1956.21
2023,7,2023-07,광주,10853,222311.91,8816.0,2265.16,132.0,20.48,0.81,1684.18
2023,7,2023-07,대구,27911,357829.1,14210.0,3823.08,177.0,12.82,0.51,2021.63
2023,7,2023-07,대전,16138,373428.3,15492.0,4001.74,142.0,23.14,0.96,2629.78
2023,7,2023-07,부산,29037,310586.91,13146.0,3425.76,100.0,10.7,0.45,3105.87
2023,7,2023-07,서울,66528,663829.31,28839.0,7341.41,254.0,9.98,0.43,2613.5
2023,7,2023-07,세종,3778,57538.07,2384.0,643.27,60.0,15.23,0.63,958.97
2023,7,2023-07,울산,6813,289700.92,11847.0,3158.68,162.0,42.52,1.74,1788.28
2023,7,2023-07,인천,33248,594377.17,24845.0,6542.16,183.0,17.88,0.75,3247.96
2023,7,2023-07,전남,21368,773417.52,29947.0,7862.7,659.0,36.2,1.4,1173.62
2023,7,2023-07,전북,17302,938186.78,37027.0,9739.48,582.0,54.22,2.14,1612.0
2023,7,2023-07,제주,36903,571840.17,26272.0,7193.94,278.0,15.5,0.71,2056.98
2023,7,2023-07,충남,21437,1095628.59,45452.0,12184.88,635.0,51.11,2.12,1725.4
2023,7,2023-07,충북,18100,1108904.46,45970.0,12457.18,476.0,61.27,2.54,2329.63
2023,8,2023-08,강원,16723,1068959.14,42832.0,11113.63,570.0,63.92,2.56,1875.37
2023,8,2023-08,경기,99925,2201946.9,96639.0,24923.84,784.0,22.04,0.97,2808.61
2023,8,2023-08,경남,31767,1356377.79,55925.0,14851.3,671.0,42.7,1.76,2021.43
2023,8,2023-08,경북,24645,1846109.61,75322.0,20490.01,893.0,74.91,3.06,2067.31
2023,8,2023-08,광주,11054,240411.76,9476.0,2445.4,130.0,21.75,0.86,1849.32
2023,8,2023-08,대구,28336,362686.53,14316.0,3832.51,176.0,12.8,0.51,2060.72
2023,8,2023-08,대전,16263,405729.13,16596.0,4290.2,147.0,24.95,1.02,2760.06
2023,8,2023-08,부산,30148,349929.46,14132.0,3756.77,88.0,11.61,0.47,3976.47
2023,8,2023-08,서울,67351,687393.48,30111.0,7681.99,253.0,10.21,0.45,2716.97
2023,8,2023-08,세종,3882,60847.6,2550.0,691.5,66.0,15.67,0.66,921.93
2023,8,2023-08,울산,6960,301310.43,12527.0,3436.11,161.0,43.29,1.8,1871.49
2023,8,2023-08,인천,34094,605278.06,25151.0,6632.72,177.0,17.75,0.74,3419.65
2023,8,2023-08,전남,21708,871800.35,33434.0,8909.73,656.0,40.16,1.54,1328.96
2023,8,2023-08,전북,17623,996620.8,39254.0,10372.1,560.0,56.55,2.23,1779.68
2023,8,2023-08,제주,37342,663943.21,29914.0,8130.74,299.0,17.78,0.8,2220.55
2023,8,2023-08,충남,21656,1207508.31,49328.0,13216.29,619.0,55.76,2.28,1950.74
2023,8,2023-08,충북,18739,1190812.52,49126.0,13311.29,462.0,63.55,2.62,2577.52
2023,9,2023-09,강원,17014,852088.84,35632.0,9340.75,596.0,50.08,2.09,1429.68
2023,9,2023-09,경기,103704,1919019.83,85530.0,22302.95,814.0,18.5,0.82,2357.52
2023,9,2023-09,경남,32763,1121810.52,47386.0,12479.28,714.0,34.24,1.45,1571.16
2023,9,2023-09,경북,25051,1600071.11,66635.0,18230.93,911.0,63.87,2.66,1756.39
2023,9,2023-09,광주,11318,208174.71,8253.0,2147.15,132.0,18.39,0.73,1577.08
2023,9,2023-09,대구,28988,304810.94,12332.0,3348.06,186.0,10.52,0.43,1638.77
2023,9,2023-09,대전,16559,332841.74,13705.0,3610.41,144.0,20.1,0.83,2311.4
2023,9,2023-09,부산,31096,293299.31,12397.0,3227.43,94.0,9.43,0.4,3120.21
2023,9,2023-09,서울,68892,570733.35,25143.0,6390.35,252.0,8.28,0.36,2264.81
2023,9,2023-09,세종,4073,51009.16,2138.0,576.26,65.0,12.52,0.52,784.76
2023,9,2023-09,울산,7120,251740.48,10636.0,2875.48,163.0,35.36,1.49,1544.42
2023,9,2023-09,인천,35554,508567.88,21503.0,5673.94,178.0,14.3,0.6,2857.12
2023,9,2023-09,전남,22317,767026.34,29483.0,7858.04,666.0,34.37,1.32,1151.69
2023,9,2023-09,전북,18187,848718.63,34035.0,8987.82,570.0,46.67,1.87,1488.98
2023,9,2023-09,제주,37689,506905.22,23169.0,6417.55,296.0,13.45,0.61,1712.52
2023,9,2023-09,충남,22065,1054979.92,44486.0,12058.27,653.0,47.81,2.02,1615.59
2023,9,2023-09,충북,19095,1033236.71,43521.0,11951.96,484.0,54.11,2.28,2134.79
2023,10,2023-10,강원,17363,984070.58,42034.0,10658.55,622.0,56.68,2.42,1582.11
2023,10,2023-10,경기,107342,2125459.9,96490.0,24616.87,846.0,19.8,0.9,2512.36
2023,10,2023-10,경남,34005,1207804.13,52674.0,13642.54,746.0,35.52,1.55,1619.04
2023,10,2023-10,경북,25664,1721761.2,73789.0,19786.62,941.0,67.09,2.88,1829.71
2023,10,2023-10,광주,11757,203791.88,8469.0,2109.5,137.0,17.33,0.72,1487.53
2023,10,2023-10,대구,29586,318427.23,13254.0,3433.18,189.0,10.76,0.45,1684.8
2023,10,2023-10,대전,16841,346030.01,15197.0,3763.4,155.0,20.55,0.9,2232.45
2023,10,2023-10,부산,32418,292986.67,12810.0,3318.69,109.0,9.04,0.4,2687.95
2023,10,2023-10,서울,70194,613403.38,27799.0,6788.41,255.0,8.74,0.4,2405.5
2023,10,2023-10,세종,4186,58779.53,2579.0,687.13,68.0,14.04,0.62,864.4
2023,10,2023-10,울산,7331,250867.83,10936.0,2834.23,165.0,34.22,1.49,1520.41
2023,10,2023-10,인천,36901,536780.09,23705.0,6118.03,191.0,14.55,0.64,2810.37
2023,10,2023-10,전남,22992,809670.88,32793.0,8422.81,697.0,35.22,1.43,1161.65
2023,10,2023-10,전북,18658,921306.41,38388.0,9872.56,611.0,49.38,2.06,1507.87
2023,10,2023-10,제주,38098,502398.62,23422.0,6477.19,299.0,13.19,0.61,1680.26
2023,10,2023-10,충남,23156,1168232.27,50340.0,13254.07,674.0,50.45,2.17,1733.28
2023,10,2023-10,충북,19416,1169783.6,50925.0,13747.62,516.0,60.25,2.62,2267.02
2023,11,2023-11,강원,17927,960518.75,42495.0,10392.14,621.0,53.58,2.37,1546.73
2023,11,2023-11,경기,111466,2414514.46,114066.0,27373.66,861.0,21.66,1.02,2804.31
2023,11,2023-11,경남,35124,1280912.08,56847.0,14342.83,747.0,36.47,1.62,1714.74
2023,11,2023-11,경북,26234,1800743.24,78931.0,20575.76,939.0,68.64,3.01,1917.72
2023,11,2023-11,광주,12235,225195.57,9327.0,2235.72,139.0,18.41,0.76,1620.11
2023,11,2023-11,대구,30272,365803.41,15340.0,3874.48,189.0,12.08,0.51,1935.47
2023,11,2023-11,대전,17418,400401.83,18070.0,4231.4,155.0,22.99,1.04,2583.24
2023,11,2023-11,부산,33770,303891.85,13533.0,3417.14,109.0,9.0,0.4,2788.0
2023,11,2023-11,서울,71591,713025.73,33007.0,7488.79,262.0,9.96,0.46,2721.47
2023,11,2023-11,세종,4235,65025.71,2910.0,708.77,67.0,15.35,0.69,970.53
2023,11,2023-11,울산,7688,268345.7,11849.0,3015.63,166.0,34.9,1.54,1616.54
2023,11,2023-11,인천,38551,632850.23,28713.0,6830.52,222.0,16.42,0.74,2850.68
2023,11,2023-11,전남,23746,831412.46,34466.0,8537.81,697.0,35.01,1.45,1192.84
2023,11,2023-11,전북,19390,1018471.43,43048.0,10731.98,628.0,52.53,2.22,1621.77
2023,11,2023-11,제주,38894,536541.56,25693.0,6958.96,299.0,13.79,0.66,1794.45
2023,11,2023-11,충남,23558,1273274.07,55299.0,14207.39,679.0,54.05,2.35,1875.22
2023,11,2023-11,충북,19713,1271536.62,56279.0,14726.67,515.0,64.5,2.85,2469.0
2023,12,2023-12,강원,18236,995615.41,44940.0,10604.19,637.0,54.6,2.46,1562.98
2023,12,2023-12,경기,114117,2479165.0,120252.0,28039.84,935.0,21.72,1.05,2651.51
2023,12,2023-12,경남,36225,1375694.98,62090.0,15210.62,763.0,37.98,1.71,1803.01
2023,12,2023-12,경북,26776,1903422.53,84569.0,21674.63,978.0,71.09,3.16,1946.24
2023,12,2023-12,광주,12538,245576.8,10530.0,2438.34,142.0,19.59,0.84,1729.41
2023,12,2023-12,대구,30396,403564.35,17212.0,4188.09,198.0,13.28,0.57,2038.2
2023,12,2023-12,대전,17889,415833.18,19369.0,4439.81,156.0,23.25,1.08,2665.6
2023,12,2023-12,부산,34643,341514.44,15437.0,3804.49,109.0,9.86,0.45,3133.16
2023,12,2023-12,서울,72937,769929.62,36303.0,7985.14,258.0,10.56,0.5,2984.22
2023,12,2023-12,세종,4393,71402.38,3219.0,778.08,72.0,16.25,0.73,991.7
2023,12,2023-12,울산,7838,291203.47,12847.0,3221.94,166.0,37.15,1.64,1754.24
2023,12,2023-12,인천,40397,682397.82,31274.0,7209.61,228.0,16.89,0.77,2992.97
2023,12,2023-12,전남,24200,846646.51,35602.0,8682.28,726.0,34.99,1.47,1166.18
2023,12,2023-12,전북,19795,1045125.3,45165.0,11026.65,635.0,52.8,2.28,1645.87
2023,12,2023-12,제주,39418,586741.79,28160.0,7424.89,300.0,14.89,0.71,1955.81
2023,12,2023-12,충남,24130,1276211.96,56708.0,14089.74,707.0,52.89,2.35,1805.11
2023,12,2023-12,충북,19972,1275279.9,57037.0,14604.02,539.0,63.85,2.86,2366.01
2024,1,2024-01,강원,18247,911083.03,41198.0,9677.11,631.0,49.93,2.26,1443.87
2024,1,2024-01,경기,114735,2274503.66,113169.0,26261.45,934.0,19.82,0.99,2435.23
2024,1,2024-01,경남,36410,1252818.01,57932.0,13996.08,769.0,34.41,1.59,1629.15
2024,1,2024-01,경북,26934,1647414.55,74473.0,18906.02,967.0,61.16,2.77,1703.63
2024,1,2024-01,광주,12529,225779.57,9925.0,2284.66,143.0,18.02,0.79,1578.88
2024,1,2024-01,대구,30396,369374.24,15800.0,3845.11,194.0,12.15,0.52,1903.99
2024,1,2024-01,대전,17981,409211.29,19504.0,4407.46,161.0,22.76,1.08,2541.69
2024,1,2024-01,부산,34789,296596.48,13982.0,3376.69,109.0,8.53,0.4,2721.07
2024,1,2024-01,서울,72877,742270.42,35589.0,7635.59,264.0,10.19,0.49,2811.63
2024,1,2024-01,세종,4430,72645.9,3337.0,775.74,68.0,16.4,0.75,1068.32
2024,1,2024-01,울산,7875,270321.32,12262.0,3022.24,166.0,34.33,1.56,1628.44
2024,1,2024-01,인천,40845,666918.87,31599.0,7197.46,238.0,16.33,0.77,2802.18
2024,1,2024-01,전남,24276,759475.91,32449.0,7807.13,710.0,31.29,1.34,1069.68
2024,1,2024-01,전북,19827,948115.19,41438.0,10058.68,669.0,47.82,2.09,1417.21
2024,1,2024-01,제주,39439,586969.94,28423.0,7372.72,300.0,14.88,0.72,1956.57
2024,1,2024-01,충남,24194,1215856.58,54744.0,13390.44,725.0,50.25,2.26,1677.04
2024,1,2024-01,충북,20003,1165864.12,53258.0,13590.08,527.0,58.28,2.66,2212.27
2024,2,2024-02,강원,18240,754670.32,33614.0,8208.83,648.0,41.37,1.84,1164.61
2024,2,2024-02,경기,115414,1828954.46,89296.0,21646.71,910.0,15.85,0.77,2009.84
2024,2,2024-02,경남,36534,1113725.76,50089.0,12495.71,804.0,30.48,1.37,1385.23
2024,2,2024-02,경북,26985,1545516.48,67452.0,17897.55,967.0,57.27,2.5,1598.26
2024,2,2024-02,광주,12571,194590.63,8388.0,1987.65,144.0,15.48,0.67,1351.32
2024,2,2024-02,대구,30414,304714.84,12808.0,3257.88,194.0,10.02,0.42,1570.7
2024,2,2024-02,대전,18003,331250.94,15341.0,3573.64,161.0,18.4,0.85,2057.46
2024,2,2024-02,부산,35022,256328.54,11714.0,2899.51,130.0,7.32,0.33,1971.76
2024,2,2024-02,서울,72981,577063.96,26905.0,6200.48,264.0,7.91,0.37,2185.85
2024,2,2024-02,세종,4475,59366.72,2733.0,654.55,70.0,13.27,0.61,848.1
2024,2,2024-02,울산,7888,232325.35,10388.0,2610.02,175.0,29.45,1.32,1327.57
2024,2,2024-02,인천,41189,541023.82,24702.0,5918.77,224.0,13.14,0.6,2415.28
2024,2,2024-02,전남,24336,721377.18,30108.0,7379.52,747.0,29.64,1.24,965.7
2024,2,2024-02,전북,19804,886778.34,37839.0,9559.92,660.0,44.78,1.91,1343.6
2024,2,2024-02,제주,39535,532884.97,25653.0,6757.19,301.0,13.48,0.65,1770.38
2024,2,2024-02,충남,24055,1114332.35,49106.0,12457.01,733.0,46.32,2.04,1520.24
2024,2,2024-02,충북,20009,1024291.89,46103.0,12151.69,544.0,51.19,2.3,1882.89
2024,3,2024-03,강원,18546,738505.22,32324.0,7986.8,646.0,39.82,1.74,1143.2
2024,3,2024-03,경기,120975,1841223.09,89169.0,21893.61,917.0,15.22,0.74,2007.88
2024,3,2024-03,경남,38990,1142972.09,51321.0,13151.71,796.0,29.31,1.32,1435.89
2024,3,2024-03,경북,28272,1518494.48,66043.0,17709.26,961.0,53.71,2.34,1580.12
2024,3,2024-03,광주,12832,190281.59,8098.0,1926.14,144.0,14.83,0.63,1321.4
2024,3,2024-03,대구,30926,294831.71,12320.0,3130.45,197.0,9.53,0.4,1496.61
2024,3,2024-03,대전,18304,333078.53,15200.0,3618.99,161.0,18.2,0.83,2068.81
2024,3,2024-03,부산,36135,260344.98,11928.0,3033.36,126.0,7.2,0.33,2066.23
2024,3,2024-03,서울,74438,559845.3,25949.0,6152.58,264.0,7.52,0.35,2120.63
2024,3,2024-03,세종,4558,61854.66,2840.0,693.03,69.0,13.57,0.62,896.44
2024,3,2024-03,울산,8123,222927.84,10061.0,2566.0,172.0,27.44,1.24,1296.09
2024,3,2024-03,인천,42447,541151.87,24747.0,6037.98,222.0,12.75,0.58,2437.62
2024,3,2024-03,전남,25661,785823.49,32219.0,8043.48,745.0,30.62,1.26,1054.8
2024,3,2024-03,전북,20640,893300.95,38207.0,9713.94,648.0,43.28,1.85,1378.55
2024,3,2024-03,제주,40551,556983.44,26797.0,7176.31,312.0,13.74,0.66,1785.2
2024,3,2024-03,충남,25646,1174816.16,51326.0,13146.41,717.0,45.81,2.0,1638.52
2024,3,2024-03,충북,20906,1020380.71,45564.0,12135.07,545.0,48.81,2.18,1872.26
2024,4,2024-04,강원,18742,670917.35,28785.0,7454.28,651.0,35.8,1.54,1030.6
2024,4,2024-04,경기,123610,1651404.73,76821.0,19959.7,938.0,13.36,0.62,1760.56
2024,4,2024-04,경남,39822,994915.35,43458.0,11685.3,801.0,24.98,1.09,1242.09
2024,4,2024-04,경북,28771,1369940.84,58032.0,16072.75,964.0,47.62,2.02,1421.1
2024,4,2024-04,광주,12997,174850.5,7118.0,1842.41,142.0,13.45,0.55,1231.34
2024,4,2024-04,대구,31242,278717.91,11139.0,3005.29,194.0,8.92,0.36,1436.69
2024,4,2024-04,대전,18549,287385.36,12780.0,3310.37,160.0,15.49,0.69,1796.16
2024,4,2024-04,부산,36963,225834.9,9916.0,2712.6,126.0,6.11,0.27,1792.34
2024,4,2024-04,서울,75282,460493.12,21336.0,5420.04,265.0,6.12,0.28,1737.71
2024,4,2024-04,세종,4620,58557.88,2579.0,679.16,69.0,12.67,0.56,848.66
2024,4,2024-04,울산,8255,207978.94,9040.0,2447.86,172.0,25.19,1.1,1209.18
2024,4,2024-04,인천,43698,459561.4,20340.0,5589.21,222.0,10.52,0.47,2070.1
2024,4,2024-04,전남,26478,680593.74,27200.0,7188.7,741.0,25.7,1.03,918.48
2024,4,2024-04,전북,21011,787396.26,32666.0,8774.56,655.0,37.48,1.55,1202.13
2024,4,2024-04,제주,41056,505550.47,23802.0,6506.34,316.0,12.31,0.58,1599.84
2024,4,2024-04,충남,26366,1052439.38,44874.0,12165.24,716.0,39.92,1.7,1469.89
2024,4,2024-04,충북,21259,926404.67,40089.0,11154.96,546.0,43.58,1.89,1696.71
2024,5,2024-05,강원,19003,736819.92,30727.0,8253.17,663.0,38.77,1.62,1111.34
2024,5,2024-05,경기,127098,1718212.61,78600.0,20662.22,988.0,13.52,0.62,1739.08
2024,5,2024-05,경남,40854,1058542.21,45567.0,12277.1,803.0,25.91,1.12,1318.23
2024,5,2024-05,경북,29260,1404356.04,58815.0,16533.51,978.0,48.0,2.01,1435.95
2024,5,2024-05,광주,13216,187127.12,7466.0,1964.85,143.0,14.16,0.56,1308.58
2024,5,2024-05,대구,31586,281467.91,11163.0,3105.67,198.0,8.91,0.35,1421.56
2024,5,2024-05,대전,18763,295434.82,12952.0,3330.17,160.0,15.75,0.69,1846.47
2024,5,2024-05,부산,38422,229199.35,9912.0,2716.96,126.0,5.97,0.26,1819.04
2024,5,2024-05,서울,76551,475408.31,21490.0,5589.96,265.0,6.21,0.28,1793.99
2024,5,2024-05,세종,4700,60534.54,2579.0,701.78,70.0,12.88,0.55,864.78
2024,5,2024-05,울산,8423,212497.17,9189.0,2557.49,174.0,25.23,1.09,1221.25
2024,5,2024-05,인천,45136,458362.74,19872.0,5450.85,227.0,10.16,0.44,2019.22
2024,5,2024-05,전남,27061,710675.01,27779.0,7501.2,747.0,26.26,1.03,951.37
2024,5,2024-05,전북,21444,826327.26,33648.0,9085.93,680.0,38.53,1.57,1215.19
2024,5,2024-05,제주,41519,535476.36,24635.0,6766.49,316.0,12.9,0.59,1694.55
2024,5,2024-05,충남,26851,1086003.74,45461.0,12529.17,732.0,40.45,1.69,1483.61
2024,5,2024-05,충북,21710,959506.16,41447.0,11487.88,555.0,44.2,1.91,1728.84
2024,6,2024-06,강원,19268,748664.46,30624.0,8380.49,660.0,38.86,1.59,1134.34
2024,6,2024-06,경기,131038,1729746.75,76515.0,20546.98,947.0,13.2,0.58,1826.55
2024,6,2024-06,경남,41818,1019570.24,43387.0,11807.46,816.0,24.38,1.04,1249.47
2024,6,2024-06,경북,29838,1345844.28,56326.0,15919.57,1008.0,45.11,1.89,1335.16
2024,6,2024-06,광주,13485,186864.26,7351.0,2007.94,144.0,13.86,0.55,1297.67
2024,6,2024-06,대구,32159,285824.67,10997.0,3077.02,200.0,8.89,0.34,1429.12
2024,6,2024-06,대전,19618,250715.29,11034.0,2932.88,160.0,12.78,0.56,1566.97
2024,6,2024-06,부산,39519,230685.81,9787.0,2736.96,127.0,5.84,0.25,1816.42
2024,6,2024-06,서울,78215,505021.17,22061.0,5910.02,264.0,6.46,0.28,1912.96
2024,6,2024-06,세종,4747,63636.05,2590.0,696.27,72.0,13.41,0.55,883.83
2024,6,2024-06,울산,8671,210647.54,8888.0,2538.38,172.0,24.29,1.03,1224.7
2024,6,2024-06,인천,46697,467404.44,19451.0,5471.15,240.0,10.01,0.42,1947.52
2024,6,2024-06,전남,27622,676296.22,26412.0,7282.91,772.0,24.48,0.96,876.03
2024,6,2024-06,전북,21918,772271.78,30671.0,8426.35,668.0,35.23,1.4,1156.1
2024,6,2024-06,제주,42436,531526.44,24177.0,6653.99,315.0,12.53,0.57,1687.39
2024,6,2024-06,충남,27330,1052711.2,43705.0,12182.47,750.0,38.52,1.6,1403.61
2024,6,2024-06,충북,22231,929169.56,39363.0,11087.37,561.0,41.8,1.77,1656.27
2024,7,2024-07,강원,19611,766872.61,31352.0,8559.94,661.0,39.1,1.6,1160.17
2024,7,2024-07,경기,134741,1816734.19,79563.0,21443.87,999.0,13.48,0.59,1818.55
2024,7,2024-07,경남,43013,1134633.23,47152.0,12829.96,813.0,26.38,1.1,1395.61
2024,7,2024-07,경북,30810,1415813.11,58758.0,16518.64,1005.0,45.95,1.91,1408.77
2024,7,2024-07,광주,13820,206424.55,8052.0,2143.37,143.0,14.94,0.58,1443.53
2024,7,2024-07,대구,32631,310954.91,11776.0,3258.63,198.0,9.53,0.36,1570.48
2024,7,2024-07,대전,19933,252245.75,10774.0,2900.79,154.0,12.65,0.54,1637.96
2024,7,2024-07,부산,40368,244250.4,10057.0,2784.52,127.0,6.05,0.25,1923.23
2024,7,2024-07,서울,79548,533667.1,22980.0,6149.1,265.0,6.71,0.29,2013.84
2024,7,2024-07,세종,4905,68135.12,2918.0,777.78,72.0,13.89,0.59,946.32
2024,7,2024-07,울산,8883,225419.82,9466.0,2660.23,172.0,25.38,1.07,1310.58
2024,7,2024-07,인천,48073,480940.06,19825.0,5543.54,241.0,10.0,0.41,1995.6
2024,7,2024-07,전남,28386,738370.69,28407.0,7864.05,759.0,26.01,1.0,972.82
2024,7,2024-07,전북,22494,816949.8,31820.0,8874.27,663.0,36.32,1.41,1232.2
2024,7,2024-07,제주,43117,670223.37,29704.0,8152.56,315.0,15.54,0.69,2127.69
2024,7,2024-07,충남,27979,1061097.69,43060.0,12090.61,774.0,37.92,1.54,1370.93
2024,7,2024-07,충북,22759,938708.17,39191.0,11113.26,559.0,41.25,1.72,1679.26
2024,8,2024-08,강원,19851,973541.44,38950.0,10741.48,671.0,49.04,1.96,1450.88
2024,8,2024-08,경기,138713,2083563.42,89337.0,24325.09,996.0,15.02,0.64,2091.93
2024,8,2024-08,경남,44001,1279183.85,52436.0,14505.02,813.0,29.07,1.19,1573.41
2024,8,2024-08,경북,31424,1564975.8,64360.0,18186.92,1003.0,49.8,2.05,1560.29
2024,8,2024-08,광주,14115,224588.79,8803.0,2356.31,147.0,15.91,0.62,1527.81
2024,8,2024-08,대구,33130,321894.57,12169.0,3421.92,199.0,9.72,0.37,1617.56
2024,8,2024-08,대전,20266,281920.74,11636.0,3141.87,153.0,13.91,0.57,1842.62
2024,8,2024-08,부산,41175,262334.53,10770.0,2978.44,125.0,6.37,0.26,2098.68
2024,8,2024-08,서울,80474,575158.86,23802.0,6502.82,265.0,7.15,0.3,2170.41
2024,8,2024-08,세종,5030,73616.49,3141.0,839.3,74.0,14.64,0.62,994.82
2024,8,2024-08,울산,9042,239445.88,9948.0,2761.64,171.0,26.48,1.1,1400.27
2024,8,2024-08,인천,49758,536619.9,21793.0,6033.54,244.0,10.78,0.44,2199.26
2024,8,2024-08,전남,29076,856843.01,32696.0,9156.04,777.0,29.47,1.12,1102.76
2024,8,2024-08,전북,23104,946515.86,36702.0,10265.91,690.0,40.97,1.59,1371.76
2024,8,2024-08,제주,44490,747112.06,32374.0,8992.33,313.0,16.79,0.73,2386.94
2024,8,2024-08,충남,28837,1250484.51,50627.0,14202.39,767.0,43.36,1.76,1630.36
2024,8,2024-08,충북,23361,1096432.1,45310.0,12734.42,558.0,46.93,1.94,1964.93
2024,9,2024-09,강원,20142,756467.04,30752.0,8529.41,678.0,37.56,1.53,1115.73
2024,9,2024-09,경기,141404,1888050.91,81900.0,22384.58,1014.0,13.35,0.58,1861.98
2024,9,2024-09,경남,44764,1168584.36,47973.0,13374.3,818.0,26.11,1.07,1428.59
2024,9,2024-09,경북,31941,1461054.79,60446.0,17212.97,1018.0,45.74,1.89,1435.22
2024,9,2024-09,광주,14309,212301.37,8223.0,2232.47,147.0,14.84,0.57,1444.23
2024,9,2024-09,대구,33447,302875.16,11849.0,3291.1,201.0,9.06,0.35,1506.84
2024,9,2024-09,대전,20435,256652.12,10615.0,2909.99,153.0,12.56,0.52,1677.46
2024,9,2024-09,부산,41929,237872.54,9893.0,2810.35,127.0,5.67,0.24,1873.01
2024,9,2024-09,서울,81088,523302.49,21741.0,5884.38,260.0,6.45,0.27,2012.7
2024,9,2024-09,세종,5102,68867.46,2890.0,806.35,74.0,13.5,0.57,930.64
2024,9,2024-09,울산,9213,217492.73,8979.0,2520.54,174.0,23.61,0.97,1249.96
2024,9,2024-09,인천,50994,483496.44,19790.0,5510.53,249.0,9.48,0.39,1941.75
2024,9,2024-09,전남,30012,843336.65,31965.0,8885.61,783.0,28.1,1.07,1077.06
2024,9,2024-09,전북,23572,912119.74,35392.0,9875.06,691.0,38.7,1.5,1320.0
2024,9,2024-09,제주,45748,637162.1,27983.0,7964.41,312.0,13.93,0.61,2042.19
2024,9,2024-09,충남,29502,1229263.93,49560.0,13936.29,774.0,41.67,1.68,1588.2
2024,9,2024-09,충북,23844,1028206.41,42420.0,12045.4,561.0,43.12,1.78,1832.81
2024,10,2024-10,강원,20458,811784.77,33512.0,8969.3,678.0,39.68,1.64,1197.32
2024,10,2024-10,경기,145219,1897815.7,86137.0,22839.8,1018.0,13.07,0.59,1864.26
2024,10,2024-10,경남,45740,1129581.21,47965.0,13123.35,825.0,24.7,1.05,1369.19
2024,10,2024-10,경북,32462,1412016.54,59818.0,16804.03,1024.0,43.5,1.84,1378.92
2024,10,2024-10,광주,14643,188646.03,7564.0,2052.74,148.0,12.88,0.52,1274.64
2024,10,2024-10,대구,33766,295084.11,11880.0,3312.62,201.0,8.74,0.35,1468.08
2024,10,2024-10,대전,20587,244295.61,10732.0,2820.22,158.0,11.87,0.52,1546.17
2024,10,2024-10,부산,42611,223834.5,9631.0,2673.98,128.0,5.25,0.23,1748.71
2024,10,2024-10,서울,81599,512029.07,22230.0,5786.63,265.0,6.27,0.27,1932.19
2024,10,2024-10,세종,5247,67778.5,3015.0,789.52,74.0,12.92,0.57,915.93
2024,10,2024-10,울산,9393,206035.04,9062.0,2527.84,172.0,21.93,0.96,1197.88
2024,10,2024-10,인천,52472,480117.0,20817.0,5749.09,249.0,9.15,0.4,1928.18
2024,10,2024-10,전남,30580,761476.28,30176.0,8215.84,793.0,24.9,0.99,960.25
2024,10,2024-10,전북,24071,861858.78,34631.0,9421.28,692.0,35.8,1.44,1245.46
2024,10,2024-10,제주,47306,585027.02,26134.0,7334.31,314.0,12.37,0.55,1863.14
2024,10,2024-10,충남,30280,1206684.85,50510.0,13794.2,778.0,39.85,1.67,1551.01
2024,10,2024-10,충북,24707,1039941.61,44384.0,12367.58,561.0,42.09,1.8,1853.73
2024,11,2024-11,강원,20730,793869.23,33930.0,8905.39,692.0,38.3,1.64,1147.21
2024,11,2024-11,경기,149479,2037548.99,94727.0,24462.99,1065.0,13.63,0.63,1913.19
2024,11,2024-11,경남,46295,1167405.03,50818.0,13470.41,853.0,25.22,1.1,1368.59
2024,11,2024-11,경북,33410,1515569.75,65530.0,18133.36,1071.0,45.36,1.96,1415.1
2024,11,2024-11,광주,15093,208684.19,8549.0,2218.52,149.0,13.83,0.57,1400.57
2024,11,2024-11,대구,35012,311084.61,12863.0,3444.71,214.0,8.89,0.37,1453.67
2024,11,2024-11,대전,21098,275912.21,12346.0,3121.38,154.0,13.08,0.59,1791.64
2024,11,2024-11,부산,43531,229851.77,10233.0,2704.65,130.0,5.28,0.24,1768.09
2024,11,2024-11,서울,82824,562368.12,24858.0,6143.92,264.0,6.79,0.3,2130.18
2024,11,2024-11,세종,5343,73114.98,3178.0,819.29,73.0,13.68,0.59,1001.58
2024,11,2024-11,울산,9684,217346.08,9551.0,2603.08,175.0,22.44,0.99,1241.98
2024,11,2024-11,인천,54387,532961.49,23627.0,6151.93,261.0,9.8,0.43,2042.0
2024,11,2024-11,전남,31123,826326.47,33372.0,8883.35,842.0,26.55,1.07,981.39
2024,11,2024-11,전북,24701,927539.32,38123.0,10017.74,723.0,37.55,1.54,1282.9
2024,11,2024-11,제주,48523,585298.62,26876.0,7439.67,314.0,12.06,0.55,1864.01
2024,11,2024-11,충남,30504,1267572.33,54179.0,14503.58,850.0,41.55,1.78,1491.26
2024,11,2024-11,충북,25255,1146341.98,49736.0,13462.66,576.0,45.39,1.97,1990.18
2024,12,2024-12,강원,21004,891668.32,39199.0,9636.04,678.0,42.45,1.87,1315.15
2024,12,2024-12,경기,151850,2381304.73,113843.0,28078.92,1027.0,15.68,0.75,2318.7
2024,12,2024-12,경남,46628,1287286.9,57760.0,14735.78,821.0,27.61,1.24,1567.95
2024,12,2024-12,경북,33905,1658169.85,73325.0,19527.12,1023.0,48.91,2.16,1620.89
2024,12,2024-12,광주,15240,236437.64,10164.0,2443.58,147.0,15.51,0.67,1608.42
2024,12,2024-12,대구,35212,359611.07,15114.0,3968.78,201.0,10.21,0.43,1789.11
2024,12,2024-12,대전,21314,327827.6,15064.0,3547.27,160.0,15.38,0.71,2048.92
2024,12,2024-12,부산,44259,254527.21,11782.0,3030.69,128.0,5.75,0.27,1988.49
2024,12,2024-12,서울,83868,682802.41,31337.0,7182.65,264.0,8.14,0.37,2586.37
2024,12,2024-12,세종,5424,81389.68,3631.0,924.19,73.0,15.01,0.67,1114.93
2024,12,2024-12,울산,9817,247325.02,11195.0,2934.71,175.0,25.19,1.14,1413.29
2024,12,2024-12,인천,54398,628151.25,28302.0,6939.6,248.0,11.55,0.52,2532.87
2024,12,2024-12,전남,31417,884722.09,36754.0,9411.11,783.0,28.16,1.17,1129.91
2024,12,2024-12,전북,24872,971875.19,40543.0,10470.92,688.0,39.08,1.63,1412.61
2024,12,2024-12,제주,49007,667706.83,31797.0,8498.65,314.0,13.62,0.65,2126.45
2024,12,2024-12,충남,30654,1362172.37,59734.0,15477.55,780.0,44.44,1.95,1746.37
2024,12,2024-12,충북,25375,1223150.87,53816.0,14182.53,557.0,48.2,2.12,2195.96
2025,1,2025-01,강원,21077,923612.2,40583.0,9887.01,678.0,43.82,1.93,1362.26
2025,1,2025-01,경기,152165,2217469.31,106305.0,26068.99,1047.0,14.57,0.7,2117.93
2025,1,2025-01,경남,46873,1273871.03,57251.0,14551.89,828.0,27.18,1.22,1538.49
2025,1,2025-01,경북,33990,1681161.23,74443.0,19711.74,1027.0,49.46,2.19,1636.96
2025,1,2025-01,광주,15271,222887.47,9553.0,2284.83,147.0,14.6,0.63,1516.24
2025,1,2025-01,대구,35093,341797.49,14625.0,3761.47,208.0,9.74,0.42,1643.26
2025,1,2025-01,대전,21364,349536.23,15917.0,3850.92,160.0,16.36,0.75,2184.6
2025,1,2025-01,부산,44591,243605.83,11279.0,2850.79,129.0,5.46,0.25,1888.42
2025,1,2025-01,서울,83562,638251.15,29589.0,6746.41,264.0,7.64,0.35,2417.62
2025,1,2025-01,세종,5523,75509.08,3385.0,857.63,74.0,13.67,0.61,1020.39
2025,1,2025-01,울산,9851,239663.42,10810.0,2807.11,175.0,24.33,1.1,1369.51
2025,1,2025-01,인천,54820,591730.59,26704.0,6482.15,254.0,10.79,0.49,2329.65
2025,1,2025-01,전남,31566,888385.72,37215.0,9382.67,832.0,28.14,1.18,1067.77
2025,1,2025-01,전북,24954,977298.81,40752.0,10550.09,692.0,39.16,1.63,1412.28
2025,1,2025-01,제주,49442,649036.3,30913.0,8385.23,314.0,13.13,0.63,2066.99
2025,1,2025-01,충남,30662,1288304.4,56855.0,14635.89,786.0,42.02,1.85,1639.06
2025,1,2025-01,충북,25237,1149656.17,50331.0,13343.84,557.0,45.55,1.99,2064.01
2025,2,2025-02,강원,21287,753491.46,33686.0,8273.17,695.0,35.4,1.58,1084.16
2025,2,2025-02,경기,155103,2086173.69,101320.0,24904.1,1056.0,13.45,0.65,1975.54
2025,2,2025-02,경남,48510,1125083.84,51470.0,13059.61,852.0,23.19,1.06,1320.52
2025,2,2025-02,경북,35237,1432828.01,64494.0,17043.52,1080.0,40.66,1.83,1326.69
2025,2,2025-02,광주,15489,207547.74,9036.0,2153.37,148.0,13.4,0.58,1402.35
2025,2,2025-02,대구,35477,307387.62,13210.0,3359.54,213.0,8.66,0.37,1443.13
2025,2,2025-02,대전,21506,326716.28,15141.0,3650.67,160.0,15.19,0.7,2041.98
2025,2,2025-02,부산,45284,231071.06,10729.0,2682.47,130.0,5.1,0.24,1777.47
2025,2,2025-02,서울,84172,629200.66,29717.0,6813.88,265.0,7.48,0.35,2374.34
2025,2,2025-02,세종,5674,76705.93,3492.0,891.45,74.0,13.52,0.62,1036.57
2025,2,2025-02,울산,10015,216452.22,10144.0,2564.25,176.0,21.61,1.01,1229.84
2025,2,2025-02,인천,55919,543134.22,25247.0,6082.13,251.0,9.71,0.45,2163.88
2025,2,2025-02,전남,32322,733879.51,31731.0,7942.21,823.0,22.71,0.98,891.71
2025,2,2025-02,전북,25533,816585.84,34958.0,8887.81,709.0,31.98,1.37,1151.74
2025,2,2025-02,제주,49690,601854.53,28829.0,7775.84,314.0,12.11,0.58,1916.73
2025,2,2025-02,충남,31657,1194037.59,53620.0,13577.68,835.0,37.72,1.69,1429.99
2025,2,2025-02,충북,25932,1045175.66,46446.0,12300.83,564.0,40.3,1.79,1853.15
2025,3,2025-03,강원,21619,697436.69,29961.0,7789.72,685.0,32.26,1.39,1018.16
2025,3,2025-03,경기,159685,1858200.48,86709.0,22555.04,1057.0,11.64,0.54,1757.99
2025,3,2025-03,경남,49900,1061992.32,46620.0,12396.66,849.0,21.28,0.93,1250.87
2025,3,2025-03,경북,36312,1370159.3,59496.0,16448.69,1070.0,37.73,1.64,1280.52
2025,3,2025-03,광주,15784,188234.61,7817.0,1981.03,147.0,11.93,0.5,1280.51
2025,3,2025-03,대구,35817,285122.93,11951.0,3228.17,209.0,7.96,0.33,1364.22
2025,3,2025-03,대전,21866,289252.46,13106.0,3396.94,159.0,13.23,0.6,1819.2
2025,3,2025-03,부산,46341,203136.04,9130.0,2384.68,129.0,4.38,0.2,1574.7
2025,3,2025-03,서울,85220,516788.07,23903.0,5959.9,265.0,6.06,0.28,1950.14
2025,3,2025-03,세종,5752,70482.48,3103.0,812.77,74.0,12.25,0.54,952.47
2025,3,2025-03,울산,10231,196670.71,8880.0,2392.74,174.0,19.22,0.87,1130.29
2025,3,2025-03,인천,58024,483208.03,21503.0,5682.66,254.0,8.33,0.37,1902.39
2025,3,2025-03,전남,33384,793730.54,32065.0,8484.95,831.0,23.78,0.96,955.15
2025,3,2025-03,전북,25988,794808.39,32880.0,8721.14,724.0,30.58,1.27,1097.8
2025,3,2025-03,제주,50650,586667.91,27555.0,7645.37,313.0,11.58,0.54,1874.34
2025,3,2025-03,충남,32973,1145289.94,49358.0,13134.02,800.0,34.73,1.5,1431.61
2025,3,2025-03,충북,26764,976638.53,42668.0,11697.6,570.0,36.49,1.59,1713.4
2025,4,2025-04,강원,21975,665534.14,28019.0,7522.87,689.0,30.29,1.28,965.94
2025,4,2025-04,경기,163834,1829359.51,83002.0,22199.73,1063.0,11.17,0.51,1720.94
2025,4,2025-04,경남,51479,1027110.87,44078.0,12100.02,849.0,19.95,0.86,1209.79
2025,4,2025-04,경북,37130,1342403.28,57269.0,16035.0,1077.0,36.15,1.54,1246.43
2025,4,2025-04,광주,16123,177520.31,7275.0,1903.16,149.0,11.01,0.45,1191.41
2025,4,2025-04,대구,36222,266651.89,10961.0,3083.88,215.0,7.36,0.3,1240.24
2025,4,2025-04,대전,22257,271894.54,11698.0,3164.66,158.0,12.22,0.53,1720.85
2025,4,2025-04,부산,47203,190512.33,8526.0,2310.99,130.0,4.04,0.18,1465.48
2025,4,2025-04,서울,86217,469482.71,21491.0,5536.68,264.0,5.45,0.25,1778.34
2025,4,2025-04,세종,5819,65071.0,2856.0,807.43,74.0,11.18,0.49,879.34
2025,4,2025-04,울산,10448,188344.41,8300.0,2254.29,175.0,18.03,0.79,1076.25
2025,4,2025-04,인천,60549,464190.7,20373.0,5485.17,258.0,7.67,0.34,1799.19
2025,4,2025-04,전남,34315,791165.52,31285.0,8499.2,839.0,23.06,0.91,942.99
2025,4,2025-04,전북,26493,804240.17,32504.0,8807.72,724.0,30.36,1.23,1110.83
2025,4,2025-04,제주,51715,582304.18,26714.0,7576.82,312.0,11.26,0.52,1866.36
2025,4,2025-04,충남,33651,1138474.29,47821.0,13109.94,842.0,33.83,1.42,1352.11
2025,4,2025-04,충북,27600,921476.7,39627.0,11145.91,576.0,33.39,1.44,1599.79
2025,5,2025-05,강원,22455,803471.28,32296.0,8850.24,688.0,35.78,1.44,1167.84
2025,5,2025-05,경기,169781,1836236.32,81149.0,22095.4,1059.0,10.82,0.48,1733.93
2025,5,2025-05,경남,52856,1104757.86,46006.0,12821.11,848.0,20.9,0.87,1302.78
2025,5,2025-05,경북,37957,1485429.11,61455.0,17560.8,1075.0,39.13,1.62,1381.79
2025,5,2025-05,광주,16641,178954.54,7197.0,1847.85,150.0,10.75,0.43,1193.03
2025,5,2025-05,대구,37027,272092.47,11078.0,3084.91,214.0,7.35,0.3,1271.46
2025,5,2025-05,대전,22843,277714.4,11626.0,3172.6,158.0,12.16,0.51,1757.69
2025,5,2025-05,부산,48623,201420.66,8732.0,2451.55,130.0,4.14,0.18,1549.39
2025,5,2025-05,서울,88212,462541.88,20607.0,5414.92,264.0,5.24,0.23,1752.05
2025,5,2025-05,세종,5934,64998.88,2773.0,772.28,74.0,10.95,0.47,878.36
2025,5,2025-05,울산,10786,205206.42,8840.0,2469.96,175.0,19.03,0.82,1172.61
2025,5,2025-05,인천,62986,467160.68,19722.0,5417.27,261.0,7.42,0.31,1789.89
2025,5,2025-05,전남,35169,864881.48,33040.0,9139.81,840.0,24.59,0.94,1029.62
2025,5,2025-05,전북,26902,878496.58,34639.0,9547.76,726.0,32.66,1.29,1210.05
2025,5,2025-05,제주,52529,608771.59,27380.0,7800.42,313.0,11.59,0.52,1944.96
2025,5,2025-05,충남,34545,1184819.51,49191.0,13630.98,846.0,34.3,1.42,1400.5
2025,5,2025-05,충북,28860,982192.64,41572.0,11819.09,577.0,34.03,1.44,1702.24
2025,6,2025-06,강원,22708,783597.11,31220.0,8753.99,688.0,34.51,1.37,1138.95
2025,6,2025-06,경기,174251,1847249.42,79599.0,22031.97,1060.0,10.6,0.46,1742.69
2025,6,2025-06,경남,54281,1072409.51,44304.0,12464.55,852.0,19.76,0.82,1258.7
2025,6,2025-06,경북,38843,1417596.32,58030.0,16624.26,1070.0,36.5,1.49,1324.86
2025,6,2025-06,광주,17192,192433.95,7486.0,1989.22,150.0,11.19,0.44,1282.89
2025,6,2025-06,대구,37562,280016.75,11210.0,3135.33,215.0,7.45,0.3,1302.4
2025,6,2025-06,대전,22761,279589.37,11555.0,3161.05,158.0,12.28,0.51,1769.55
2025,6,2025-06,부산,49175,201170.24,8569.0,2447.65,130.0,4.09,0.17,1547.46
2025,6,2025-06,서울,90191,474414.75,20723.0,5554.39,264.0,5.26,0.23,1797.03
2025,6,2025-06,세종,6034,64054.22,2686.0,768.23,74.0,10.62,0.45,865.6
2025,6,2025-06,울산,11111,205307.48,8713.0,2484.4,176.0,18.48,0.78,1166.52
2025,6,2025-06,인천,69312,453706.4,18904.0,5356.92,262.0,6.55,0.27,1731.7
2025,6,2025-06,전남,36248,795940.68,30043.0,8458.27,839.0,21.96,0.83,948.68
2025,6,2025-06,전북,27179,789944.05,30988.0,8604.9,724.0,29.06,1.14,1091.08
2025,6,2025-06,제주,53588,635147.4,28176.0,8101.47,311.0,11.85,0.53,2042.27
2025,6,2025-06,충남,34992,1112802.0,45705.0,12879.06,837.0,31.8,1.31,1329.51
2025,6,2025-06,충북,29450,928511.58,38857.0,11233.25,577.0,31.53,1.32,1609.21
2025,7,2025-07,강원,23342,953053.9,37255.0,10308.71,691.0,40.83,1.6,1379.24
2025,7,2025-07,경기,180626,2167705.22,92493.0,25455.87,1062.0,12.0,0.51,2041.15
2025,7,2025-07,경남,56846,1291545.6,52492.0,14563.2,854.0,22.72,0.92,1512.35
2025,7,2025-07,경북,40507,1659980.42,67086.0,19038.34,1075.0,40.98,1.66,1544.17
2025,7,2025-07,광주,17702,231958.41,8803.0,2382.32,149.0,13.1,0.5,1556.77
2025,7,2025-07,대구,38611,338715.85,13316.0,3692.47,215.0,8.77,0.34,1575.42
2025,7,2025-07,대전,23401,325839.61,13181.0,3634.93,158.0,13.92,0.56,2062.28
2025,7,2025-07,부산,51076,248726.53,10326.0,2870.79,130.0,4.87,0.2,1913.28
2025,7,2025-07,서울,91576,577961.45,24577.0,6509.89,264.0,6.31,0.27,2189.25
2025,7,2025-07,세종,6318,77914.66,3176.0,891.32,68.0,12.33,0.5,1145.8
2025,7,2025-07,울산,11511,252406.2,10376.0,2945.68,176.0,21.93,0.9,1434.13
2025,7,2025-07,인천,71384,552287.75,22406.0,6143.94,262.0,7.74,0.31,2107.97
2025,7,2025-07,전남,37481,920391.87,34310.0,9587.28,839.0,24.56,0.92,1097.01
2025,7,2025-07,전북,28186,888614.08,34417.0,9567.24,725.0,31.53,1.22,1225.67
2025,7,2025-07,제주,54776,806408.14,34560.0,9808.54,312.0,14.72,0.63,2584.64
2025,7,2025-07,충남,35738,1276908.45,52094.0,14515.46,842.0,35.73,1.46,1516.52
2025,7,2025-07,충북,30283,1054450.89,43306.0,12433.78,578.0,34.82,1.43,1824.31
2025,8,2025-08,강원,23801,1067748.7,41185.0,11464.47,690.0,44.86,1.73,1547.46
2025,8,2025-08,경기,186177,2132810.22,90848.0,25084.72,1060.0,11.46,0.49,2012.09
2025,8,2025-08,경남,58326,1273137.13,51840.0,14344.41,853.0,21.83,0.89,1492.54
2025,8,2025-08,경북,41635,1787842.8,72339.0,20681.53,1073.0,42.94,1.74,1666.21
2025,8,2025-08,광주,17978,212530.89,8042.0,2207.81,148.0,11.82,0.45,1436.02
2025,8,2025-08,대구,39820,355251.39,13828.0,3882.28,215.0,8.92,0.35,1652.33
2025,8,2025-08,대전,23843,330833.6,13409.0,3707.21,160.0,13.88,0.56,2067.71
2025,8,2025-08,부산,53250,259317.74,10402.0,2892.22,131.0,4.87,0.2,1979.52
2025,8,2025-08,서울,93830,556264.03,23072.0,6244.71,264.0,5.93,0.25,2107.06
2025,8,2025-08,세종,6595,77582.82,3128.0,870.28,68.0,11.76,0.47,1140.92
2025,8,2025-08,울산,11852,242499.38,9684.0,2762.75,176.0,20.46,0.82,1377.84
2025,8,2025-08,인천,73641,545437.33,21843.0,6097.31,262.0,7.41,0.3,2081.82
2025,8,2025-08,전남,38665,950792.95,35368.0,9963.14,839.0,24.59,0.91,1133.25
2025,8,2025-08,전북,28649,944713.16,36677.0,10036.12,724.0,32.98,1.28,1304.85
2025,8,2025-08,제주,55938,833027.37,35421.0,10137.27,313.0,14.89,0.63,2661.43
2025,8,2025-08,충남,37406,1344238.2,54635.0,15295.2,839.0,35.94,1.46,1602.19
2025,8,2025-08,충북,30675,1108636.96,45856.0,13097.48,577.0,36.14,1.49,1921.38
