연도,월,기준월,시도,충전량_kWh,충전횟수,충전시간_h,활성충전기수
2019,1,2019-01,강원,50783.18,3543.0,981.1,115.0
2019,1,2019-01,경기,107145.62,7255.0,2025.7,95.0
2019,1,2019-01,경남,64584.06,4206.0,1249.3,94.0
2019,1,2019-01,경북,117641.72,7621.0,2229.59,151.0
2019,1,2019-01,광주,8664.94,572.0,146.31,17.0
2019,1,2019-01,대구,45238.36,3044.0,942.09,46.0
2019,1,2019-01,대전,9634.7,548.0,136.11,11.0
2019,1,2019-01,부산,12068.45,788.0,221.04,14.0
2019,1,2019-01,서울,29171.75,2082.0,550.24,34.0
2019,1,2019-01,세종,6229.91,411.0,105.01,4.0
2019,1,2019-01,울산,12689.06,914.0,292.64,41.0
2019,1,2019-01,인천,14013.79,911.0,220.72,10.0
2019,1,2019-01,전남,34377.41,2422.0,746.51,88.0
2019,1,2019-01,전북,43272.45,2800.0,806.53,53.0
2019,1,2019-01,제주,69318.09,5112.0,1261.12,29.0
2019,1,2019-01,충남,61539.37,3993.0,1167.44,77.0
2019,1,2019-01,충북,85638.11,5267.0,1403.96,98.0
2019,2,2019-02,강원,42633.33,3091.0,840.74,134.0
2019,2,2019-02,경기,101085.29,6946.0,1924.16,109.0
2019,2,2019-02,경남,64856.92,4275.0,1278.64,117.0
2019,2,2019-02,경북,125591.82,8469.0,2424.46,197.0
2019,2,2019-02,광주,8342.7,581.0,155.46,22.0
2019,2,2019-02,대구,45309.74,2984.0,870.32,54.0
2019,2,2019-02,대전,10588.7,739.0,167.29,25.0
2019,2,2019-02,부산,11548.22,780.0,230.45,21.0
2019,2,2019-02,서울,25329.78,1859.0,503.24,48.0
2019,2,2019-02,세종,6492.36,417.0,103.29,4.0
2019,2,2019-02,울산,13378.56,936.0,279.02,46.0
2019,2,2019-02,인천,12002.1,948.0,228.22,45.0
2019,2,2019-02,전남,37062.03,2691.0,813.16,102.0
2019,2,2019-02,전북,45640.11,2912.0,846.11,64.0
2019,2,2019-02,제주,59184.28,4644.0,1146.32,29.0
2019,2,2019-02,충남,56444.43,3702.0,1067.3,104.0
2019,2,2019-02,충북,84552.9,5333.0,1456.86,106.0
2019,3,2019-03,강원,53561.12,3953.0,985.78,194.0
2019,3,2019-03,경기,123525.66,8573.0,2306.72,167.0
2019,3,2019-03,경남,83186.23,5501.0,1486.88,134.0
2019,3,2019-03,경북,145378.58,10011.0,2724.14,229.0
2019,3,2019-03,광주,11609.07,852.0,209.73,28.0
2019,3,2019-03,대구,50641.13,3604.0,843.72,67.0
2019,3,2019-03,대전,15598.77,1102.0,261.75,32.0
2019,3,2019-03,부산,13285.81,991.0,261.47,29.0
2019,3,2019-03,서울,31699.74,2214.0,512.34,69.0
2019,3,2019-03,세종,9538.32,699.0,156.75,16.0
2019,3,2019-03,울산,19063.43,1288.0,337.24,55.0
2019,3,2019-03,인천,18248.5,1605.0,374.12,52.0
2019,3,2019-03,전남,53826.44,4314.0,1085.69,151.0
2019,3,2019-03,전북,57396.42,3801.0,1047.1,110.0
2019,3,2019-03,제주,61267.56,4889.0,1206.03,39.0
2019,3,2019-03,충남,82571.34,5219.0,1380.53,137.0
2019,3,2019-03,충북,87700.5,5893.0,1574.61,129.0
2019,4,2019-04,강원,65165.26,4790.0,1143.97,206.0
2019,4,2019-04,경기,146900.91,10306.0,2627.18,186.0
2019,4,2019-04,경남,95497.6,6238.0,1592.61,144.0
2019,4,2019-04,경북,181828.33,12799.0,3289.01,257.0
2019,4,2019-04,광주,13943.73,968.0,231.31,30.0
2019,4,2019-04,대구,60214.4,4261.0,987.14,68.0
2019,4,2019-04,대전,21302.83,1471.0,313.04,38.0
2019,4,2019-04,부산,18514.36,1476.0,358.43,29.0
2019,4,2019-04,서울,37345.66,2542.0,615.06,65.0
2019,4,2019-04,세종,19599.07,1618.0,373.7,22.0
2019,4,2019-04,울산,21885.49,1456.0,367.14,61.0
2019,4,2019-04,인천,23037.39,2133.0,483.68,57.0
2019,4,2019-04,전남,65083.38,5652.0,1394.24,152.0
2019,4,2019-04,전북,84442.9,5330.0,1325.54,110.0
2019,4,2019-04,제주,70827.2,5605.0,1414.95,62.0
2019,4,2019-04,충남,118456.75,7556.0,1805.56,151.0
2019,4,2019-04,충북,104120.4,7285.0,1858.77,137.0
2019,5,2019-05,강원,87186.58,6412.0,1602.16,223.0
2019,5,2019-05,경기,180182.54,12400.0,3138.41,197.0
2019,5,2019-05,경남,109150.06,7238.0,1866.81,153.0
2019,5,2019-05,경북,224131.02,15450.0,3992.93,272.0
2019,5,2019-05,광주,18812.37,1387.0,318.4,30.0
2019,5,2019-05,대구,68680.67,4786.0,1097.38,69.0
2019,5,2019-05,대전,37419.56,2345.0,536.28,54.0
2019,5,2019-05,부산,24656.17,1881.0,451.64,31.0
2019,5,2019-05,서울,49020.08,3301.0,778.17,73.0
2019,5,2019-05,세종,15532.7,1695.0,377.73,22.0
2019,5,2019-05,울산,27254.16,1747.0,456.04,62.0
2019,5,2019-05,인천,30544.45,2888.0,661.51,61.0
2019,5,2019-05,전남,71204.36,6216.0,1535.16,159.0
2019,5,2019-05,전북,99995.37,6388.0,1594.07,130.0
2019,5,2019-05,제주,100159.71,7908.0,1934.46,85.0
2019,5,2019-05,충남,148587.63,9856.0,2440.81,158.0
2019,5,2019-05,충북,124930.94,8677.0,2223.68,145.0
2019,6,2019-06,강원,114904.23,6717.0,1670.28,225.0
2019,6,2019-06,경기,190679.26,11502.0,2968.8,202.0
2019,6,2019-06,경남,117930.55,6974.0,1801.33,157.0
2019,6,2019-06,경북,243918.81,14440.0,3764.3,273.0
2019,6,2019-06,광주,17768.59,1050.0,232.52,30.0
2019,6,2019-06,대구,71416.66,4279.0,971.68,76.0
2019,6,2019-06,대전,40059.0,2092.0,481.99,53.0
2019,6,2019-06,부산,26265.97,1603.0,373.94,31.0
2019,6,2019-06,서울,50341.53,3132.0,734.65,72.0
2019,6,2019-06,세종,18199.24,1068.0,231.74,22.0
2019,6,2019-06,울산,30624.36,1849.0,465.71,83.0
2019,6,2019-06,인천,50592.82,2922.0,643.05,61.0
2019,6,2019-06,전남,84787.62,5464.0,1318.1,160.0
2019,6,2019-06,전북,101786.53,5645.0,1436.3,130.0
2019,6,2019-06,제주,139825.85,9262.0,2269.18,82.0
2019,6,2019-06,충남,152390.3,8628.0,2186.0,161.0
2019,6,2019-06,충북,133451.44,7680.0,1927.26,144.0
2019,7,2019-07,강원,128872.61,7131.0,1771.0,227.0
2019,7,2019-07,경기,217783.92,12136.0,3144.33,202.0
2019,7,2019-07,경남,134463.44,7464.0,1949.56,160.0
2019,7,2019-07,경북,275625.38,15265.0,3906.96,276.0
2019,7,2019-07,광주,33783.73,1794.0,382.72,38.0
2019,7,2019-07,대구,73887.07,3973.0,903.91,68.0
2019,7,2019-07,대전,44864.27,2172.0,483.19,53.0
2019,7,2019-07,부산,27653.67,1468.0,344.37,31.0
2019,7,2019-07,서울,71461.68,4089.0,918.03,73.0
2019,7,2019-07,세종,16717.95,820.0,188.79,22.0
2019,7,2019-07,울산,39607.81,2239.0,543.65,81.0
2019,7,2019-07,인천,51219.02,2455.0,575.61,60.0
2019,7,2019-07,전남,100774.62,5543.0,1343.4,161.0
2019,7,2019-07,전북,112036.54,5898.0,1493.11,129.0
2019,7,2019-07,제주,156568.39,9892.0,2390.36,82.0
2019,7,2019-07,충남,161755.66,8822.0,2233.41,163.0
2019,7,2019-07,충북,149043.91,8114.0,2096.75,144.0
2019,8,2019-08,강원,162794.54,8940.0,2189.16,223.0
2019,8,2019-08,경기,252434.33,13829.0,3576.3,203.0
2019,8,2019-08,경남,161105.7,9009.0,2310.22,161.0
2019,8,2019-08,경북,327647.47,17807.0,4606.11,276.0
2019,8,2019-08,광주,39746.89,2012.0,443.23,38.0
2019,8,2019-08,대구,81759.1,4434.0,1053.22,74.0
2019,8,2019-08,대전,58751.66,2776.0,606.24,51.0
2019,8,2019-08,부산,34846.21,1900.0,447.37,29.0
2019,8,2019-08,서울,80141.83,4444.0,1002.31,73.0
2019,8,2019-08,세종,17731.9,855.0,206.08,22.0
2019,8,2019-08,울산,51279.05,2791.0,659.36,82.0
2019,8,2019-08,인천,54661.12,2560.0,570.44,60.0
2019,8,2019-08,전남,120824.72,6610.0,1581.95,164.0
2019,8,2019-08,전북,137346.51,7042.0,1773.87,132.0
2019,8,2019-08,제주,181736.61,11375.0,2704.38,83.0
2019,8,2019-08,충남,187515.99,10068.0,2580.22,165.0
2019,8,2019-08,충북,177952.74,9516.0,2425.68,146.0
2019,9,2019-09,강원,127784.87,6896.0,1733.59,220.0
2019,9,2019-09,경기,234308.06,12937.0,3349.92,203.0
2019,9,2019-09,경남,132275.32,7588.0,1965.55,163.0
2019,9,2019-09,경북,295545.14,16100.0,4154.6,273.0
2019,9,2019-09,광주,33177.69,1756.0,410.19,38.0
2019,9,2019-09,대구,78284.93,4251.0,1005.83,76.0
2019,9,2019-09,대전,56696.55,2742.0,620.62,55.0
2019,9,2019-09,부산,30397.42,1632.0,391.56,31.0
2019,9,2019-09,서울,70492.33,3976.0,932.17,75.0
2019,9,2019-09,세종,16299.04,871.0,202.94,24.0
2019,9,2019-09,울산,53020.32,2870.0,679.71,82.0
2019,9,2019-09,인천,50428.26,2400.0,559.78,61.0
2019,9,2019-09,전남,102682.23,5644.0,1354.86,163.0
2019,9,2019-09,전북,121911.3,6358.0,1625.6,128.0
2019,9,2019-09,제주,143606.72,9090.0,2202.91,81.0
2019,9,2019-09,충남,166191.62,8836.0,2301.18,161.0
2019,9,2019-09,충북,156545.23,8531.0,2229.59,141.0
2019,10,2019-10,강원,138912.49,7732.0,1874.14,222.0
2019,10,2019-10,경기,258159.61,14451.0,3595.9,201.0
2019,10,2019-10,경남,143185.11,8319.0,2091.55,167.0
2019,10,2019-10,경북,322849.12,17805.0,4467.8,273.0
2019,10,2019-10,광주,35655.41,1965.0,427.16,38.0
2019,10,2019-10,대구,79295.77,4351.0,1005.12,75.0
2019,10,2019-10,대전,59272.25,2977.0,649.37,57.0
2019,10,2019-10,부산,31064.78,1762.0,400.4,34.0
2019,10,2019-10,서울,68347.78,3974.0,920.46,75.0
2019,10,2019-10,세종,14412.49,760.0,171.04,22.0
2019,10,2019-10,울산,52324.78,2892.0,673.9,81.0
2019,10,2019-10,인천,51203.77,2558.0,583.75,59.0
2019,10,2019-10,전남,103450.54,5814.0,1366.61,164.0
2019,10,2019-10,전북,129031.6,6906.0,1679.97,128.0
2019,10,2019-10,제주,148889.52,9414.0,2172.19,78.0
2019,10,2019-10,충남,191594.48,10243.0,2537.31,166.0
2019,10,2019-10,충북,167776.58,9232.0,2355.08,147.0
2019,11,2019-11,강원,143812.94,8485.0,1977.32,218.0
2019,11,2019-11,경기,279273.02,16045.0,3913.32,201.0
2019,11,2019-11,경남,143868.72,8442.0,2121.88,166.0
2019,11,2019-11,경북,331842.85,18978.0,4527.85,277.0
2019,11,2019-11,광주,42971.34,2368.0,475.61,39.0
2019,11,2019-11,대구,89720.14,5052.0,1066.6,74.0
2019,11,2019-11,대전,62768.51,3267.0,680.29,55.0
2019,11,2019-11,부산,36740.43,2073.0,474.51,35.0
2019,11,2019-11,서울,82426.99,4808.0,1006.41,72.0
2019,11,2019-11,세종,15355.04,887.0,189.11,20.0
2019,11,2019-11,울산,62934.84,3322.0,726.78,79.0
2019,11,2019-11,인천,60450.93,3198.0,695.05,59.0
2019,11,2019-11,전남,107496.21,6310.0,1421.32,177.0
2019,11,2019-11,전북,142026.4,7738.0,1806.01,127.0
2019,11,2019-11,제주,146222.71,9274.0,2176.69,83.0
2019,11,2019-11,충남,201440.42,11213.0,2682.3,163.0
2019,11,2019-11,충북,189175.68,10564.0,2542.22,148.0
2019,12,2019-12,강원,152921.54,9529.0,2108.82,247.0
2019,12,2019-12,경기,293410.96,17627.0,4236.04,240.0
2019,12,2019-12,경남,147728.31,8925.0,2201.28,171.0
2019,12,2019-12,경북,356049.56,21130.0,4881.83,288.0
2019,12,2019-12,광주,47802.88,2724.0,538.52,42.0
2019,12,2019-12,대구,98566.21,5738.0,1216.82,76.0
2019,12,2019-12,대전,73077.69,4068.0,793.23,61.0
2019,12,2019-12,부산,42229.85,2527.0,548.88,38.0
2019,12,2019-12,서울,93950.22,5774.0,1168.0,79.0
2019,12,2019-12,세종,17046.98,1029.0,213.11,20.0
2019,12,2019-12,울산,67104.12,3802.0,833.59,83.0
2019,12,2019-12,인천,71695.98,4078.0,804.65,58.0
2019,12,2019-12,전남,106067.36,6615.0,1463.51,168.0
2019,12,2019-12,전북,140736.7,7933.0,1839.13,132.0
2019,12,2019-12,제주,153870.32,9807.0,2275.67,83.0
2019,12,2019-12,충남,203556.87,11696.0,2733.25,165.0
2019,12,2019-12,충북,193726.27,10931.0,2610.76,149.0
2020,1,2020-01,강원,150486.07,9269.0,2079.32,234.0
2020,1,2020-01,경기,267356.68,16240.0,4002.7,238.0
2020,1,2020-01,경남,143576.87,8722.0,2133.34,174.0
2020,1,2020-01,경북,346742.86,20568.0,4803.64,345.0
2020,1,2020-01,광주,42484.52,2486.0,495.6,46.0
2020,1,2020-01,대구,112619.38,6483.0,1314.63,80.0
2020,1,2020-01,대전,68054.21,3821.0,745.38,66.0
2020,1,2020-01,부산,40030.42,2438.0,510.75,47.0
2020,1,2020-01,서울,85502.23,5351.0,1095.93,111.0
2020,1,2020-01,세종,17517.15,1045.0,210.96,24.0
2020,1,2020-01,울산,56265.48,3286.0,715.41,89.0
2020,1,2020-01,인천,67363.11,3945.0,786.45,81.0
2020,1,2020-01,전남,99064.11,6340.0,1393.17,212.0
2020,1,2020-01,전북,132956.34,7552.0,1726.81,165.0
2020,1,2020-01,제주,142058.87,9382.0,2145.32,116.0
2020,1,2020-01,충남,191219.7,11245.0,2651.42,191.0
2020,1,2020-01,충북,183905.16,10466.0,2460.18,174.0
2020,2,2020-02,강원,121679.43,7440.0,1711.78,225.0
2020,2,2020-02,경기,226490.16,13371.0,3359.63,210.0
2020,2,2020-02,경남,107012.48,6702.0,1662.05,167.0
2020,2,2020-02,경북,253678.14,15030.0,3602.15,277.0
2020,2,2020-02,광주,31760.44,1917.0,389.06,39.0
2020,2,2020-02,대구,88823.42,5186.0,1066.23,75.0
2020,2,2020-02,대전,51466.79,2881.0,605.69,50.0
2020,2,2020-02,부산,33338.77,1998.0,420.01,33.0
2020,2,2020-02,서울,73389.44,4579.0,935.04,75.0
2020,2,2020-02,세종,14542.53,901.0,185.24,22.0
2020,2,2020-02,울산,45033.18,2628.0,595.57,82.0
2020,2,2020-02,인천,58852.42,3434.0,705.88,58.0
2020,2,2020-02,전남,77030.19,4903.0,1165.58,165.0
2020,2,2020-02,전북,100459.97,5745.0,1321.27,135.0
2020,2,2020-02,제주,111087.49,7438.0,1736.33,84.0
2020,2,2020-02,충남,145257.93,8418.0,1973.8,160.0
2020,2,2020-02,충북,144554.69,8192.0,1960.0,143.0
2020,3,2020-03,강원,113021.85,6601.0,1610.55,246.0
2020,3,2020-03,경기,238753.37,13554.0,3412.41,222.0
2020,3,2020-03,경남,111956.58,6822.0,1759.64,201.0
2020,3,2020-03,경북,222417.29,12822.0,3188.22,323.0
2020,3,2020-03,광주,32093.51,1822.0,382.12,51.0
2020,3,2020-03,대구,80763.96,4726.0,973.59,79.0
2020,3,2020-03,대전,50737.67,2773.0,625.89,75.0
2020,3,2020-03,부산,30301.78,1783.0,389.93,47.0
2020,3,2020-03,서울,78846.65,4773.0,1027.58,76.0
2020,3,2020-03,세종,14373.8,903.0,192.11,22.0
2020,3,2020-03,울산,42945.13,2450.0,593.88,90.0
2020,3,2020-03,인천,65394.99,3518.0,769.43,63.0
2020,3,2020-03,전남,95842.24,5787.0,1369.45,230.0
2020,3,2020-03,전북,114277.23,6175.0,1472.4,177.0
2020,3,2020-03,제주,115014.1,7438.0,1750.56,98.0
2020,3,2020-03,충남,150636.25,8513.0,2082.1,204.0
2020,3,2020-03,충북,132918.35,7529.0,1859.11,186.0
2020,4,2020-04,강원,112586.72,6469.0,1659.05,261.0
2020,4,2020-04,경기,241086.51,13597.0,3472.27,279.0
2020,4,2020-04,경남,125539.6,7322.0,1885.85,197.0
2020,4,2020-04,경북,272582.96,14912.0,3757.6,351.0
2020,4,2020-04,광주,37191.46,2009.0,456.39,49.0
2020,4,2020-04,대구,92406.65,5011.0,1047.0,81.0
2020,4,2020-04,대전,55239.53,2946.0,660.97,75.0
2020,4,2020-04,부산,32087.9,1777.0,381.93,42.0
2020,4,2020-04,서울,77784.84,4598.0,1003.02,120.0
2020,4,2020-04,세종,15519.85,864.0,173.88,27.0
2020,4,2020-04,울산,48023.12,2659.0,588.22,85.0
2020,4,2020-04,인천,62203.64,3309.0,757.84,85.0
2020,4,2020-04,전남,112093.81,6253.0,1454.23,225.0
2020,4,2020-04,전북,136895.79,7007.0,1736.94,158.0
2020,4,2020-04,제주,105934.37,6740.0,1563.51,104.0
2020,4,2020-04,충남,176966.25,9460.0,2358.44,193.0
2020,4,2020-04,충북,161860.67,8779.0,2250.26,168.0
2020,5,2020-05,강원,134109.17,7504.0,1971.6,260.0
2020,5,2020-05,경기,258121.79,14006.0,3820.7,282.0
2020,5,2020-05,경남,155092.57,8788.0,2245.58,215.0
2020,5,2020-05,경북,317048.75,16751.0,4341.74,364.0
2020,5,2020-05,광주,37072.53,1921.0,468.26,51.0
2020,5,2020-05,대구,109955.34,5593.0,1278.59,91.0
2020,5,2020-05,대전,63268.48,3231.0,772.46,76.0
2020,5,2020-05,부산,37535.71,2042.0,523.55,50.0
2020,5,2020-05,서울,89093.5,4979.0,1164.45,117.0
2020,5,2020-05,세종,16645.17,913.0,212.22,30.0
2020,5,2020-05,울산,51148.5,2689.0,635.33,91.0
2020,5,2020-05,인천,65919.4,3481.0,891.3,79.0
2020,5,2020-05,전남,119722.34,6422.0,1608.24,234.0
2020,5,2020-05,전북,159333.72,7851.0,2026.87,172.0
2020,5,2020-05,제주,121872.91,7512.0,1953.08,122.0
2020,5,2020-05,충남,192814.85,9857.0,2529.05,210.0
2020,5,2020-05,충북,178326.04,9366.0,2520.91,183.0
2020,6,2020-06,강원,142380.82,8871.0,2307.01,283.0
2020,6,2020-06,경기,292210.42,15615.0,4422.84,288.0
2020,6,2020-06,경남,165401.59,9105.0,2384.06,231.0
2020,6,2020-06,경북,339434.78,17246.0,4650.18,393.0
2020,6,2020-06,광주,41368.41,2067.0,542.07,50.0
2020,6,2020-06,대구,127736.14,6318.0,1591.65,94.0
2020,6,2020-06,대전,71753.51,3495.0,867.15,80.0
2020,6,2020-06,부산,46962.63,2354.0,603.84,53.0
2020,6,2020-06,서울,118662.68,6426.0,1627.85,125.0
2020,6,2020-06,세종,21808.47,1103.0,341.25,32.0
2020,6,2020-06,울산,54084.23,2755.0,668.48,97.0
2020,6,2020-06,인천,79852.91,4177.0,1174.52,91.0
2020,6,2020-06,전남,121600.66,6876.0,1754.67,258.0
2020,6,2020-06,전북,166634.29,8572.0,2308.06,183.0
2020,6,2020-06,제주,139515.31,8666.0,2263.73,122.0
2020,6,2020-06,충남,199296.91,10040.0,2674.3,222.0
2020,6,2020-06,충북,181150.25,9553.0,2605.49,195.0
2020,7,2020-07,강원,160079.66,10546.0,2851.72,293.0
2020,7,2020-07,경기,374674.43,20492.0,6304.2,293.0
2020,7,2020-07,경남,183493.09,10361.0,2856.67,245.0
2020,7,2020-07,경북,370622.14,19136.0,5623.64,410.0
2020,7,2020-07,광주,47438.06,2405.0,735.45,54.0
2020,7,2020-07,대구,144591.62,7181.0,2078.83,85.0
2020,7,2020-07,대전,84409.22,4102.0,1240.82,75.0
2020,7,2020-07,부산,49819.36,2569.0,755.91,53.0
2020,7,2020-07,서울,128809.0,7189.0,2046.28,121.0
2020,7,2020-07,세종,26727.87,1416.0,440.65,35.0
2020,7,2020-07,울산,59491.25,3048.0,813.66,95.0
2020,7,2020-07,인천,90653.51,4923.0,1530.8,92.0
2020,7,2020-07,전남,133690.7,8015.0,2138.26,284.0
2020,7,2020-07,전북,176142.6,9667.0,2738.57,192.0
2020,7,2020-07,제주,148297.31,9489.0,2496.12,122.0
2020,7,2020-07,충남,221351.2,11520.0,3376.98,231.0
2020,7,2020-07,충북,194331.05,10465.0,2968.4,200.0
2020,8,2020-08,강원,172769.11,11366.0,3003.74,298.0
2020,8,2020-08,경기,389720.26,21029.0,6423.69,319.0
2020,8,2020-08,경남,237214.24,12895.0,3553.53,266.0
2020,8,2020-08,경북,457099.75,23037.0,6746.94,431.0
2020,8,2020-08,광주,80622.89,3811.0,1122.58,56.0
2020,8,2020-08,대구,177817.8,8831.0,2507.75,111.0
2020,8,2020-08,대전,102710.37,4844.0,1478.02,79.0
2020,8,2020-08,부산,66978.97,3298.0,1017.65,54.0
2020,8,2020-08,서울,159092.85,8574.0,2420.74,124.0
2020,8,2020-08,세종,32855.16,1722.0,498.77,34.0
2020,8,2020-08,울산,68761.08,3526.0,994.4,96.0
2020,8,2020-08,인천,101931.79,5713.0,1884.5,93.0
2020,8,2020-08,전남,185127.96,10446.0,2895.51,291.0
2020,8,2020-08,전북,208357.37,11406.0,3205.22,208.0
2020,8,2020-08,제주,190402.12,12128.0,2784.78,121.0
2020,8,2020-08,충남,263892.82,13455.0,3772.38,256.0
2020,8,2020-08,충북,225121.78,11844.0,3432.81,199.0
2020,9,2020-09,강원,149142.62,10240.0,2652.26,310.0
2020,9,2020-09,경기,386819.53,21469.0,6271.41,331.0
2020,9,2020-09,경남,210636.67,11613.0,3075.17,269.0
2020,9,2020-09,경북,391883.3,20384.0,5752.55,442.0
2020,9,2020-09,광주,68603.98,3312.0,1007.92,62.0
2020,9,2020-09,대구,195416.1,9573.0,2132.47,111.0
2020,9,2020-09,대전,110410.76,5339.0,1502.06,76.0
2020,9,2020-09,부산,50368.75,2560.0,773.02,57.0
2020,9,2020-09,서울,158150.29,8795.0,2340.64,131.0
2020,9,2020-09,세종,29854.83,1606.0,455.74,32.0
2020,9,2020-09,울산,63412.08,3281.0,892.98,100.0
2020,9,2020-09,인천,105418.23,5855.0,1899.4,94.0
2020,9,2020-09,전남,143930.5,8544.0,2267.37,263.0
2020,9,2020-09,전북,163768.31,9641.0,2607.81,223.0
2020,9,2020-09,제주,142342.64,8857.0,2102.02,122.0
2020,9,2020-09,충남,263721.55,13693.0,3801.37,261.0
2020,9,2020-09,충북,201248.01,10929.0,3023.95,219.0
2020,10,2020-10,강원,220840.58,15420.0,3781.91,314.0
2020,10,2020-10,경기,506190.99,28921.0,8127.6,332.0
2020,10,2020-10,경남,276141.97,15461.0,3904.63,307.0
2020,10,2020-10,경북,529307.55,28295.0,7578.56,464.0
2020,10,2020-10,광주,77933.82,3988.0,1103.64,59.0
2020,10,2020-10,대구,225822.84,11533.0,2448.1,110.0
2020,10,2020-10,대전,148073.18,7585.0,1992.82,83.0
2020,10,2020-10,부산,63323.17,3203.0,938.23,53.0
2020,10,2020-10,서울,209775.98,11963.0,2927.71,133.0
2020,10,2020-10,세종,35648.1,2013.0,555.63,36.0
2020,10,2020-10,울산,66138.1,3554.0,903.38,104.0
2020,10,2020-10,인천,135530.77,7886.0,2321.62,94.0
2020,10,2020-10,전남,192443.31,11684.0,2920.63,296.0
2020,10,2020-10,전북,209783.45,12879.0,3363.59,215.0
2020,10,2020-10,제주,175057.2,10827.0,2494.24,125.0
2020,10,2020-10,충남,339233.84,17954.0,4598.95,279.0
2020,10,2020-10,충북,262224.21,14761.0,3800.1,210.0
2020,11,2020-11,강원,221498.56,13993.0,3340.73,333.0
2020,11,2020-11,경기,525719.62,29938.0,7944.87,347.0
2020,11,2020-11,경남,285527.16,17441.0,4135.97,346.0
2020,11,2020-11,경북,541650.56,29952.0,7380.14,490.0
2020,11,2020-11,광주,78844.87,4174.0,994.27,64.0
2020,11,2020-11,대구,213986.7,11137.0,2328.52,123.0
2020,11,2020-11,대전,154191.96,8195.0,1841.7,85.0
2020,11,2020-11,부산,67203.95,3566.0,920.44,63.0
2020,11,2020-11,서울,219147.79,13000.0,3005.52,139.0
2020,11,2020-11,세종,41966.06,2390.0,575.23,40.0
2020,11,2020-11,울산,59907.71,3487.0,848.85,108.0
2020,11,2020-11,인천,139118.56,7942.0,1849.71,92.0
2020,11,2020-11,전남,184315.53,10804.0,2557.64,321.0
2020,11,2020-11,전북,215732.18,12273.0,2993.04,229.0
2020,11,2020-11,제주,183075.45,11170.0,2525.88,133.0
2020,11,2020-11,충남,337322.03,18492.0,4451.58,307.0
2020,11,2020-11,충북,282565.04,16068.0,3813.11,237.0
2020,12,2020-12,강원,267930.32,15329.0,3417.49,365.0
2020,12,2020-12,경기,533645.06,31149.0,7118.14,379.0
2020,12,2020-12,경남,354419.85,20940.0,4595.32,352.0
2020,12,2020-12,경북,597792.01,33942.0,7505.43,505.0
2020,12,2020-12,광주,82425.19,4516.0,899.09,71.0
2020,12,2020-12,대구,214723.5,12102.0,2404.65,128.0
2020,12,2020-12,대전,155441.04,9135.0,1810.03,87.0
2020,12,2020-12,부산,91453.95,5427.0,1112.59,65.0
2020,12,2020-12,서울,213946.1,13002.0,2716.39,141.0
2020,12,2020-12,세종,58176.91,3383.0,679.16,40.0
2020,12,2020-12,울산,72214.78,4233.0,915.1,114.0
2020,12,2020-12,인천,126973.59,7548.0,1549.15,97.0
2020,12,2020-12,전남,210353.58,12230.0,2527.8,334.0
2020,12,2020-12,전북,201905.97,11290.0,2595.93,271.0
2020,12,2020-12,제주,161033.74,10122.0,2201.62,130.0
2020,12,2020-12,충남,333789.09,19085.0,4202.43,335.0
2020,12,2020-12,충북,298545.89,16947.0,3768.55,238.0
2021,1,2021-01,강원,243163.58,14400.0,2958.53,374.0
2021,1,2021-01,경기,497163.51,30354.0,6505.32,393.0
2021,1,2021-01,경남,371750.77,22297.0,4715.7,347.0
2021,1,2021-01,경북,567139.71,33364.0,7052.33,503.0
2021,1,2021-01,광주,73309.61,4203.0,853.1,75.0
2021,1,2021-01,대구,209083.97,12346.0,2374.05,128.0
2021,1,2021-01,대전,139597.12,8657.0,1658.36,86.0
2021,1,2021-01,부산,95553.52,5741.0,1120.26,63.0
2021,1,2021-01,서울,200292.35,13025.0,2465.42,146.0
2021,1,2021-01,세종,57796.38,3478.0,710.31,44.0
2021,1,2021-01,울산,72623.35,4309.0,879.37,112.0
2021,1,2021-01,인천,124064.27,7667.0,1537.35,101.0
2021,1,2021-01,전남,199292.51,11856.0,2464.94,323.0
2021,1,2021-01,전북,185181.49,10716.0,2273.26,262.0
2021,1,2021-01,제주,152533.31,9539.0,2142.83,130.0
2021,1,2021-01,충남,338767.06,19859.0,4079.08,357.0
2021,1,2021-01,충북,277197.91,16328.0,3521.31,256.0
2021,2,2021-02,강원,234979.92,13365.0,2913.88,379.0
2021,2,2021-02,경기,436230.87,25776.0,5711.16,385.0
2021,2,2021-02,경남,363198.27,20776.0,4496.35,350.0
2021,2,2021-02,경북,533901.88,30124.0,6764.19,502.0
2021,2,2021-02,광주,71925.28,3940.0,788.71,75.0
2021,2,2021-02,대구,184584.47,10347.0,2044.48,127.0
2021,2,2021-02,대전,114426.36,6665.0,1286.57,85.0
2021,2,2021-02,부산,83503.98,4853.0,984.14,63.0
2021,2,2021-02,서울,171448.94,10714.0,2058.33,145.0
2021,2,2021-02,세종,55183.35,3226.0,666.64,41.0
2021,2,2021-02,울산,67305.44,3825.0,866.2,115.0
2021,2,2021-02,인천,104529.01,6102.0,1243.99,104.0
2021,2,2021-02,전남,204211.45,11529.0,2430.74,321.0
2021,2,2021-02,전북,192340.77,10583.0,2280.29,265.0
2021,2,2021-02,제주,161561.94,10098.0,2258.58,133.0
2021,2,2021-02,충남,339398.01,19289.0,4182.63,370.0
2021,2,2021-02,충북,278077.73,15968.0,3476.18,265.0
2021,3,2021-03,강원,244311.45,13031.0,2968.1,378.0
2021,3,2021-03,경기,515205.83,28935.0,6544.5,404.0
2021,3,2021-03,경남,429248.39,23149.0,5090.86,350.0
2021,3,2021-03,경북,603362.04,32243.0,7305.31,517.0
2021,3,2021-03,광주,88016.36,4534.0,940.88,75.0
2021,3,2021-03,대구,198876.54,10683.0,2264.48,129.0
2021,3,2021-03,대전,126654.91,6806.0,1416.9,86.0
2021,3,2021-03,부산,101561.64,5568.0,1167.13,63.0
2021,3,2021-03,서울,178353.18,10339.0,2142.16,147.0
2021,3,2021-03,세종,61209.03,3307.0,730.14,44.0
2021,3,2021-03,울산,82219.13,4375.0,985.09,115.0
2021,3,2021-03,인천,128919.47,6887.0,1502.78,104.0
2021,3,2021-03,전남,236767.86,12644.0,2808.8,334.0
2021,3,2021-03,전북,222257.43,11674.0,2642.73,260.0
2021,3,2021-03,제주,193455.03,11562.0,2647.74,140.0
2021,3,2021-03,충남,385671.29,20921.0,4616.23,376.0
2021,3,2021-03,충북,336746.15,18541.0,4093.2,271.0
2021,4,2021-04,강원,252765.33,13021.0,3068.51,401.0
2021,4,2021-04,경기,528864.26,28315.0,6573.42,458.0
2021,4,2021-04,경남,421020.24,21907.0,5007.31,385.0
2021,4,2021-04,경북,612057.38,31754.0,7418.7,549.0
2021,4,2021-04,광주,90498.32,4495.0,1001.25,83.0
2021,4,2021-04,대구,174242.34,8964.0,2072.81,131.0
2021,4,2021-04,대전,123279.42,6346.0,1431.87,89.0
2021,4,2021-04,부산,99257.29,5219.0,1086.37,63.0
2021,4,2021-04,서울,186257.66,10230.0,2221.07,165.0
2021,4,2021-04,세종,61195.57,3186.0,715.91,43.0
2021,4,2021-04,울산,80218.56,4141.0,985.76,121.0
2021,4,2021-04,인천,143853.18,7277.0,1650.02,117.0
2021,4,2021-04,전남,242102.61,12233.0,2811.26,385.0
2021,4,2021-04,전북,224181.28,11468.0,2645.4,294.0
2021,4,2021-04,제주,192694.15,10816.0,2524.07,141.0
2021,4,2021-04,충남,359592.73,18688.0,4335.58,399.0
2021,4,2021-04,충북,321173.51,16972.0,3997.27,278.0
2021,5,2021-05,강원,287935.34,14624.0,3465.67,462.0
2021,5,2021-05,경기,563004.26,29779.0,7076.7,537.0
2021,5,2021-05,경남,391052.7,19979.0,4699.73,364.0
2021,5,2021-05,경북,592629.99,30076.0,7167.9,551.0
2021,5,2021-05,광주,92796.58,4438.0,990.32,85.0
2021,5,2021-05,대구,160222.58,7967.0,1940.77,129.0
2021,5,2021-05,대전,143803.21,7201.0,1600.5,88.0
2021,5,2021-05,부산,91500.88,4787.0,1032.15,63.0
2021,5,2021-05,서울,205145.04,10817.0,2368.77,181.0
2021,5,2021-05,세종,34128.12,1757.0,433.38,41.0
2021,5,2021-05,울산,75422.11,3867.0,963.51,116.0
2021,5,2021-05,인천,156962.71,7716.0,1815.52,124.0
2021,5,2021-05,전남,226651.07,11299.0,2663.42,446.0
2021,5,2021-05,전북,266285.94,13137.0,3060.42,381.0
2021,5,2021-05,제주,198956.26,11241.0,2678.62,144.0
2021,5,2021-05,충남,338344.67,17286.0,4146.04,387.0
2021,5,2021-05,충북,323568.12,16824.0,4090.18,286.0
2021,6,2021-06,강원,305935.29,14827.0,3663.07,463.0
2021,6,2021-06,경기,658536.24,32949.0,7970.3,541.0
2021,6,2021-06,경남,368594.82,18326.0,4636.37,393.0
2021,6,2021-06,경북,586762.98,28796.0,7252.41,563.0
2021,6,2021-06,광주,97417.28,4424.0,1022.18,96.0
2021,6,2021-06,대구,158016.27,7647.0,1911.13,144.0
2021,6,2021-06,대전,151862.34,7257.0,1683.56,98.0
2021,6,2021-06,부산,93119.95,4614.0,1060.93,63.0
2021,6,2021-06,서울,227759.26,11349.0,2694.57,182.0
2021,6,2021-06,세종,28835.2,1386.0,356.08,46.0
2021,6,2021-06,울산,86575.77,4127.0,1056.64,119.0
2021,6,2021-06,인천,184841.95,8583.0,2107.3,127.0
2021,6,2021-06,전남,239134.05,11432.0,2859.09,492.0
2021,6,2021-06,전북,285512.89,13796.0,3354.9,410.0
2021,6,2021-06,제주,201607.35,10950.0,2760.68,179.0
2021,6,2021-06,충남,355094.04,17251.0,4369.48,391.0
2021,6,2021-06,충북,326499.47,16214.0,3999.52,289.0
2021,7,2021-07,강원,394477.84,18623.0,4848.16,460.0
2021,7,2021-07,경기,859251.75,41903.0,10557.65,536.0
2021,7,2021-07,경남,439604.78,21793.0,5517.7,449.0
2021,7,2021-07,경북,701028.89,34084.0,8969.58,617.0
2021,7,2021-07,광주,114168.05,5135.0,1214.25,89.0
2021,7,2021-07,대구,178532.0,8501.0,2226.54,142.0
2021,7,2021-07,대전,188090.08,8829.0,2134.91,96.0
2021,7,2021-07,부산,118403.98,5835.0,1391.15,70.0
2021,7,2021-07,서울,306419.35,15009.0,3583.6,189.0
2021,7,2021-07,세종,29364.49,1397.0,388.06,46.0
2021,7,2021-07,울산,108859.14,5112.0,1334.39,126.0
2021,7,2021-07,인천,236550.15,11118.0,2885.48,132.0
2021,7,2021-07,전남,277540.76,12750.0,3354.82,468.0
2021,7,2021-07,전북,374226.42,17287.0,4250.06,436.0
2021,7,2021-07,제주,228748.47,12400.0,3104.5,193.0
2021,7,2021-07,충남,447733.61,21660.0,5613.31,436.0
2021,7,2021-07,충북,398953.17,19552.0,4927.8,304.0
2021,8,2021-08,강원,417463.55,19954.0,5138.54,458.0
2021,8,2021-08,경기,882619.27,42976.0,11014.69,564.0
2021,8,2021-08,경남,444855.84,22239.0,5644.22,464.0
2021,8,2021-08,경북,736826.61,35546.0,9338.21,638.0
2021,8,2021-08,광주,120218.15,5399.0,1335.98,91.0
2021,8,2021-08,대구,185585.16,8817.0,2331.17,141.0
2021,8,2021-08,대전,179012.4,8310.0,2029.49,101.0
2021,8,2021-08,부산,114346.08,5568.0,1402.38,70.0
2021,8,2021-08,서울,333384.17,15877.0,3846.54,182.0
2021,8,2021-08,세종,32882.06,1498.0,399.92,46.0
2021,8,2021-08,울산,108193.11,5100.0,1280.0,137.0
2021,8,2021-08,인천,237975.18,11005.0,2977.07,131.0
2021,8,2021-08,전남,296895.2,13498.0,3700.93,472.0
2021,8,2021-08,전북,393244.22,17917.0,4411.15,435.0
2021,8,2021-08,제주,241671.64,12738.0,3301.89,179.0
2021,8,2021-08,충남,470470.71,22432.0,5799.82,445.0
2021,8,2021-08,충북,397316.64,19489.0,4987.42,309.0
2021,9,2021-09,강원,421467.85,19567.0,5123.43,461.0
2021,9,2021-09,경기,923028.1,44390.0,11335.27,571.0
2021,9,2021-09,경남,457438.18,22358.0,5757.03,462.0
2021,9,2021-09,경북,718803.67,34426.0,9041.24,616.0
2021,9,2021-09,광주,122601.69,5469.0,1325.63,99.0
2021,9,2021-09,대구,192262.37,8857.0,2322.7,143.0
2021,9,2021-09,대전,186967.51,8718.0,2102.11,98.0
2021,9,2021-09,부산,112758.58,5386.0,1383.83,68.0
2021,9,2021-09,서울,352970.72,16595.0,4054.98,188.0
2021,9,2021-09,세종,31762.04,1384.0,375.11,41.0
2021,9,2021-09,울산,107596.14,5154.0,1309.37,135.0
2021,9,2021-09,인천,255481.53,11678.0,3070.87,133.0
2021,9,2021-09,전남,298143.83,13313.0,3588.09,494.0
2021,9,2021-09,전북,410044.7,18742.0,4657.92,437.0
2021,9,2021-09,제주,229722.1,12113.0,3189.64,181.0
2021,9,2021-09,충남,471378.17,22669.0,5843.97,409.0
2021,9,2021-09,충북,430151.51,20741.0,5219.28,307.0
2021,10,2021-10,강원,510883.04,24055.0,5987.12,459.0
2021,10,2021-10,경기,1050943.59,51871.0,12990.56,581.0
2021,10,2021-10,경남,520207.86,26000.0,6601.32,528.0
2021,10,2021-10,경북,837003.56,41082.0,10457.96,638.0
2021,10,2021-10,광주,143453.3,6523.0,1536.59,99.0
2021,10,2021-10,대구,224444.56,10541.0,2683.43,147.0
2021,10,2021-10,대전,215106.05,10274.0,2336.69,100.0
2021,10,2021-10,부산,145554.74,7074.0,1690.14,72.0
2021,10,2021-10,서울,408995.23,19953.0,4550.0,184.0
2021,10,2021-10,세종,36847.82,1668.0,436.61,42.0
2021,10,2021-10,울산,136050.17,6600.0,1665.34,142.0
2021,10,2021-10,인천,304607.78,14338.0,3629.92,137.0
2021,10,2021-10,전남,337241.58,15535.0,4102.12,501.0
2021,10,2021-10,전북,479850.83,22262.0,5417.75,440.0
2021,10,2021-10,제주,250887.66,13348.0,3482.29,181.0
2021,10,2021-10,충남,560232.04,27286.0,6846.44,443.0
2021,10,2021-10,충북,507143.32,25072.0,6114.98,321.0
2021,11,2021-11,강원,572462.52,27088.0,6627.16,480.0
2021,11,2021-11,경기,1235869.62,61984.0,14872.92,612.0
2021,11,2021-11,경남,599980.68,29907.0,7585.29,553.0
2021,11,2021-11,경북,904652.84,44825.0,11123.64,692.0
2021,11,2021-11,광주,155536.16,7489.0,1679.85,97.0
2021,11,2021-11,대구,268739.65,12495.0,3073.99,154.0
2021,11,2021-11,대전,244328.72,11987.0,2632.12,101.0
2021,11,2021-11,부산,177135.26,8489.0,2036.22,73.0
2021,11,2021-11,서울,483004.51,24458.0,5230.27,191.0
2021,11,2021-11,세종,41124.71,2040.0,522.11,47.0
2021,11,2021-11,울산,142238.22,6991.0,1716.77,140.0
2021,11,2021-11,인천,370879.59,17817.0,4285.71,137.0
2021,11,2021-11,전남,366641.89,17349.0,4437.18,518.0
2021,11,2021-11,전북,540655.4,25507.0,5879.4,448.0
2021,11,2021-11,제주,247518.74,13313.0,3410.16,193.0
2021,11,2021-11,충남,620354.42,30567.0,7388.8,459.0
2021,11,2021-11,충북,578246.4,28886.0,6767.03,322.0
2021,12,2021-12,강원,637181.89,31066.0,7102.59,492.0
2021,12,2021-12,경기,1412007.43,74052.0,16765.46,640.0
2021,12,2021-12,경남,706502.5,35672.0,8425.81,568.0
2021,12,2021-12,경북,985936.52,50680.0,11930.56,723.0
2021,12,2021-12,광주,177325.32,8771.0,1831.1,106.0
2021,12,2021-12,대구,292940.03,14671.0,3320.27,158.0
2021,12,2021-12,대전,269491.4,13911.0,2810.44,107.0
2021,12,2021-12,부산,213815.7,10532.0,2404.32,72.0
2021,12,2021-12,서울,575795.28,30398.0,6095.52,193.0
2021,12,2021-12,세종,49904.63,2574.0,641.1,47.0
2021,12,2021-12,울산,158129.4,7886.0,1824.15,141.0
2021,12,2021-12,인천,422592.74,21648.0,4747.72,137.0
2021,12,2021-12,전남,392144.09,19195.0,4580.43,535.0
2021,12,2021-12,전북,590032.92,28859.0,6343.31,451.0
2021,12,2021-12,제주,267731.95,14767.0,3594.83,192.0
2021,12,2021-12,충남,673917.03,34218.0,7848.9,479.0
2021,12,2021-12,충북,652350.61,33332.0,7373.44,330.0
2022,1,2022-01,강원,662338.13,32697.0,6909.75,488.0
2022,1,2022-01,경기,1337068.82,71629.0,15703.05,627.0
2022,1,2022-01,경남,696132.42,35512.0,7999.79,591.0
2022,1,2022-01,경북,977687.87,49813.0,11433.2,770.0
2022,1,2022-01,광주,167616.06,8535.0,1683.8,102.0
2022,1,2022-01,대구,280347.63,14270.0,3161.03,155.0
2022,1,2022-01,대전,250240.34,13432.0,2609.89,124.0
2022,1,2022-01,부산,207825.88,10337.0,2231.36,78.0
2022,1,2022-01,서울,565111.16,30499.0,5994.46,192.0
2022,1,2022-01,세종,47390.8,2439.0,545.2,47.0
2022,1,2022-01,울산,176682.7,9001.0,1982.61,154.0
2022,1,2022-01,인천,387762.44,20281.0,4227.93,137.0
2022,1,2022-01,전남,380922.53,18689.0,4106.05,530.0
2022,1,2022-01,전북,568743.08,28335.0,5998.37,468.0
2022,1,2022-01,제주,274072.33,15300.0,3684.47,190.0
2022,1,2022-01,충남,649839.12,33650.0,7365.26,473.0
2022,1,2022-01,충북,592148.89,31103.0,6838.93,335.0
2022,2,2022-02,강원,524213.14,26308.0,5782.99,484.0
2022,2,2022-02,경기,1184029.95,63710.0,14391.2,620.0
2022,2,2022-02,경남,614621.12,31360.0,7143.31,561.0
2022,2,2022-02,경북,815274.06,42469.0,9923.88,775.0
2022,2,2022-02,광주,136876.06,7003.0,1472.28,100.0
2022,2,2022-02,대구,237285.84,12163.0,2793.51,158.0
2022,2,2022-02,대전,203236.64,10954.0,2331.28,103.0
2022,2,2022-02,부산,172246.31,8619.0,1954.87,73.0
2022,2,2022-02,서울,463809.03,25490.0,5201.18,195.0
2022,2,2022-02,세종,41324.94,2238.0,480.08,47.0
2022,2,2022-02,울산,151676.9,7782.0,1766.29,145.0
2022,2,2022-02,인천,310429.64,16622.0,3707.6,137.0
2022,2,2022-02,전남,331147.94,16272.0,3628.68,527.0
2022,2,2022-02,전북,464080.61,23432.0,5161.94,466.0
2022,2,2022-02,제주,230630.3,13413.0,3208.36,193.0
2022,2,2022-02,충남,566479.93,29416.0,6595.91,478.0
2022,2,2022-02,충북,505298.1,27003.0,6103.8,327.0
2022,3,2022-03,강원,556202.62,25885.0,5886.13,482.0
2022,3,2022-03,경기,1427945.59,71720.0,16395.34,621.0
2022,3,2022-03,경남,761499.28,36275.0,8664.63,565.0
2022,3,2022-03,경북,983214.02,47196.0,11429.02,750.0
2022,3,2022-03,광주,182965.7,8465.0,1828.87,104.0
2022,3,2022-03,대구,270623.7,12840.0,2954.4,157.0
2022,3,2022-03,대전,234071.55,11800.0,2540.4,103.0
2022,3,2022-03,부산,208175.51,9857.0,2305.51,80.0
2022,3,2022-03,서울,484490.9,24947.0,5168.8,195.0
2022,3,2022-03,세종,46224.37,2246.0,534.02,49.0
2022,3,2022-03,울산,214806.7,10004.0,2251.38,148.0
2022,3,2022-03,인천,409431.37,19844.0,4405.45,136.0
2022,3,2022-03,전남,452378.06,20516.0,4763.88,555.0
2022,3,2022-03,전북,590171.55,27060.0,6102.23,468.0
2022,3,2022-03,제주,263467.85,14285.0,3431.8,191.0
2022,3,2022-03,충남,669914.26,32854.0,7477.74,516.0
2022,3,2022-03,충북,636812.03,31657.0,7120.8,383.0
2022,4,2022-04,강원,659667.01,29215.0,6931.13,505.0
2022,4,2022-04,경기,1615013.15,76890.0,18316.01,686.0
2022,4,2022-04,경남,837865.99,38121.0,9408.11,576.0
2022,4,2022-04,경북,1121078.23,51488.0,12854.86,764.0
2022,4,2022-04,광주,185115.74,8213.0,1886.54,108.0
2022,4,2022-04,대구,280018.2,12661.0,3019.16,157.0
2022,4,2022-04,대전,252401.38,11867.0,2619.11,99.0
2022,4,2022-04,부산,216175.93,9911.0,2375.02,75.0
2022,4,2022-04,서울,547902.87,25845.0,5776.0,222.0
2022,4,2022-04,세종,54860.88,2460.0,597.83,47.0
2022,4,2022-04,울산,250117.95,11072.0,2574.17,151.0
2022,4,2022-04,인천,451349.29,20485.0,4827.52,153.0
2022,4,2022-04,전남,521633.47,22326.0,5463.53,545.0
2022,4,2022-04,전북,673859.4,29374.0,7074.07,500.0
2022,4,2022-04,제주,267083.41,13782.0,3370.13,247.0
2022,4,2022-04,충남,759424.57,35386.0,8468.8,466.0
2022,4,2022-04,충북,709021.02,34120.0,8057.49,336.0
2022,5,2022-05,강원,753614.04,32395.0,7926.62,492.0
2022,5,2022-05,경기,1800165.18,83062.0,20343.24,645.0
2022,5,2022-05,경남,960891.76,42623.0,10639.5,578.0
2022,5,2022-05,경북,1288333.69,57540.0,14642.6,787.0
2022,5,2022-05,광주,216333.39,9156.0,2202.88,102.0
2022,5,2022-05,대구,316713.8,13744.0,3467.47,167.0
2022,5,2022-05,대전,299116.21,13281.0,3048.9,103.0
2022,5,2022-05,부산,251963.63,11173.0,2776.19,76.0
2022,5,2022-05,서울,626624.0,28466.0,6679.41,201.0
2022,5,2022-05,세종,67031.83,2822.0,720.74,47.0
2022,5,2022-05,울산,291237.88,12405.0,3088.27,154.0
2022,5,2022-05,인천,524123.22,22938.0,5639.11,139.0
2022,5,2022-05,전남,582970.41,24245.0,6077.52,537.0
2022,5,2022-05,전북,719570.99,30924.0,7531.42,476.0
2022,5,2022-05,제주,282869.32,14028.0,3434.57,219.0
2022,5,2022-05,충남,845215.29,37770.0,9296.95,498.0
2022,5,2022-05,충북,779487.21,36409.0,8848.1,347.0
2022,6,2022-06,강원,787053.29,33234.0,8301.44,501.0
2022,6,2022-06,경기,1868942.11,84305.0,20891.58,664.0
2022,6,2022-06,경남,966572.87,42247.0,10683.62,621.0
2022,6,2022-06,경북,1327979.52,58194.0,15081.76,798.0
2022,6,2022-06,광주,223578.28,9476.0,2237.11,113.0
2022,6,2022-06,대구,344223.72,14657.0,3690.94,165.0
2022,6,2022-06,대전,321116.31,13948.0,3313.27,120.0
2022,6,2022-06,부산,260177.86,11410.0,2771.93,87.0
2022,6,2022-06,서울,661526.81,29392.0,6986.83,201.0
2022,6,2022-06,세종,61636.47,2486.0,669.15,47.0
2022,6,2022-06,울산,312037.37,13077.0,3310.73,157.0
2022,6,2022-06,인천,528205.49,22544.0,5733.72,141.0
2022,6,2022-06,전남,590787.79,24134.0,6179.98,598.0
2022,6,2022-06,전북,755972.89,32017.0,7908.44,497.0
2022,6,2022-06,제주,301853.49,14636.0,3735.79,196.0
2022,6,2022-06,충남,862777.54,37703.0,9504.99,507.0
2022,6,2022-06,충북,790621.88,36092.0,8955.57,372.0
2022,7,2022-07,강원,941740.99,38877.0,9745.66,535.0
2022,7,2022-07,경기,2162776.24,95944.0,23996.36,719.0
2022,7,2022-07,경남,1123588.15,48016.0,12087.49,628.0
2022,7,2022-07,경북,1515061.95,64586.0,16938.68,821.0
2022,7,2022-07,광주,254261.75,10602.0,2499.95,113.0
2022,7,2022-07,대구,404771.38,16738.0,4297.02,171.0
2022,7,2022-07,대전,362164.67,15446.0,3674.96,123.0
2022,7,2022-07,부산,305825.22,13261.0,3257.23,80.0
2022,7,2022-07,서울,764029.76,33300.0,7886.49,227.0
2022,7,2022-07,세종,66634.72,2592.0,683.97,57.0
2022,7,2022-07,울산,358985.02,14681.0,3705.74,160.0
2022,7,2022-07,인천,653873.02,27093.0,6897.7,155.0
2022,7,2022-07,전남,682509.8,27498.0,7046.42,582.0
2022,7,2022-07,전북,861825.96,36171.0,8890.03,510.0
2022,7,2022-07,제주,352048.61,16565.0,4219.26,229.0
2022,7,2022-07,충남,978225.24,42269.0,10563.38,517.0
2022,7,2022-07,충북,959534.79,43005.0,10802.83,404.0
2022,8,2022-08,강원,1032026.42,42115.0,10573.45,520.0
2022,8,2022-08,경기,2129674.93,93531.0,23590.69,691.0
2022,8,2022-08,경남,1171804.04,49409.0,12436.05,627.0
2022,8,2022-08,경북,1591850.48,67603.0,17777.26,831.0
2022,8,2022-08,광주,262824.07,11181.0,2624.92,110.0
2022,8,2022-08,대구,413063.64,16906.0,4320.05,171.0
2022,8,2022-08,대전,357332.95,15297.0,3595.28,123.0
2022,8,2022-08,부산,327154.38,13837.0,3476.42,88.0
2022,8,2022-08,서울,764706.21,33232.0,7952.62,202.0
2022,8,2022-08,세종,70795.07,2755.0,729.61,56.0
2022,8,2022-08,울산,372498.12,14897.0,3762.21,160.0
2022,8,2022-08,인천,661859.72,26879.0,6941.03,150.0
2022,8,2022-08,전남,720314.96,28954.0,7388.57,566.0
2022,8,2022-08,전북,945616.78,39363.0,9710.09,527.0
2022,8,2022-08,제주,406428.29,18687.0,4761.42,224.0
2022,8,2022-08,충남,1019607.71,43491.0,11058.97,543.0
2022,8,2022-08,충북,1047357.27,45818.0,11626.19,391.0
2022,9,2022-09,강원,891436.76,36848.0,9422.55,535.0
2022,9,2022-09,경기,2026303.53,90681.0,23171.03,735.0
2022,9,2022-09,경남,1082224.75,46197.0,11903.11,641.0
2022,9,2022-09,경북,1532560.64,65524.0,17549.96,860.0
2022,9,2022-09,광주,251321.22,10745.0,2548.93,129.0
2022,9,2022-09,대구,392737.11,16462.0,4295.4,170.0
2022,9,2022-09,대전,341643.46,14705.0,3553.04,127.0
2022,9,2022-09,부산,309076.02,13153.0,3394.7,88.0
2022,9,2022-09,서울,709467.66,31661.0,7714.88,227.0
2022,9,2022-09,세종,62484.66,2514.0,672.32,56.0
2022,9,2022-09,울산,335605.17,14074.0,3571.44,161.0
2022,9,2022-09,인천,613172.8,25571.0,6739.01,150.0
2022,9,2022-09,전남,634163.23,26106.0,6781.81,609.0
2022,9,2022-09,전북,977373.64,40633.0,10266.47,540.0
2022,9,2022-09,제주,303514.48,14607.0,3777.11,244.0
2022,9,2022-09,충남,1018488.25,43849.0,11457.77,570.0
2022,9,2022-09,충북,1025130.44,45665.0,11922.28,416.0
2022,10,2022-10,강원,1066476.27,45146.0,11133.13,551.0
2022,10,2022-10,경기,2269387.93,104774.0,25832.74,761.0
2022,10,2022-10,경남,1220188.58,52730.0,13301.38,659.0
2022,10,2022-10,경북,1823334.21,78085.0,20550.73,863.0
2022,10,2022-10,광주,268508.03,11500.0,2706.76,127.0
2022,10,2022-10,대구,421168.62,17802.0,4510.49,174.0
2022,10,2022-10,대전,375573.17,16607.0,3923.62,132.0
2022,10,2022-10,부산,332801.35,14573.0,3652.39,88.0
2022,10,2022-10,서울,755576.99,34231.0,7939.84,244.0
2022,10,2022-10,세종,69562.7,2843.0,721.89,54.0
2022,10,2022-10,울산,391310.82,16663.0,4156.42,162.0
2022,10,2022-10,인천,690035.12,29475.0,7393.48,163.0
2022,10,2022-10,전남,733203.43,30929.0,7626.03,638.0
2022,10,2022-10,전북,1074946.9,45862.0,11294.86,543.0
2022,10,2022-10,제주,367075.18,18144.0,4723.21,266.0
2022,10,2022-10,충남,1179659.83,51483.0,13127.33,584.0
2022,10,2022-10,충북,1209458.95,53269.0,13606.03,430.0
2022,11,2022-11,강원,1003748.42,43818.0,10355.52,579.0
2022,11,2022-11,경기,2360162.11,111933.0,26755.86,815.0
2022,11,2022-11,경남,1211392.68,53147.0,13315.76,676.0
2022,11,2022-11,경북,1862492.01,81128.0,21132.87,891.0
2022,11,2022-11,광주,265748.77,11593.0,2632.69,133.0
2022,11,2022-11,대구,433360.09,18528.0,4559.5,184.0
2022,11,2022-11,대전,414012.33,18559.0,4314.34,135.0
2022,11,2022-11,부산,340949.0,14922.0,3630.25,91.0
2022,11,2022-11,서울,789958.54,36598.0,8312.7,235.0
2022,11,2022-11,세종,65802.26,2822.0,707.02,63.0
2022,11,2022-11,울산,378425.32,16274.0,4028.61,162.0
2022,11,2022-11,인천,702729.14,30609.0,7352.51,173.0
2022,11,2022-11,전남,720406.72,30975.0,7596.2,675.0
2022,11,2022-11,전북,1038263.62,44668.0,10733.13,563.0
2022,11,2022-11,제주,393227.31,19312.0,5204.05,268.0
2022,11,2022-11,충남,1206983.44,52954.0,13308.47,602.0
2022,11,2022-11,충북,1219903.44,55052.0,13815.09,464.0
2022,12,2022-12,강원,1127566.5,52031.0,11372.68,563.0
2022,12,2022-12,경기,2795232.94,140688.0,30898.34,772.0
2022,12,2022-12,경남,1365514.3,62757.0,14656.3,701.0
2022,12,2022-12,경북,2083773.42,94737.0,23088.12,901.0
2022,12,2022-12,광주,297324.39,13592.0,2882.19,130.0
2022,12,2022-12,대구,504428.95,23058.0,5260.53,177.0
2022,12,2022-12,대전,503893.54,24186.0,5109.07,146.0
2022,12,2022-12,부산,401488.12,18203.0,4033.64,100.0
2022,12,2022-12,서울,1048050.26,50971.0,10284.44,245.0
2022,12,2022-12,세종,76006.15,3441.0,824.68,55.0
2022,12,2022-12,울산,434429.3,19642.0,4498.62,166.0
2022,12,2022-12,인천,861603.91,40304.0,8445.52,190.0
2022,12,2022-12,전남,765701.47,34607.0,8064.43,652.0
2022,12,2022-12,전북,1052279.47,47876.0,10800.08,564.0
2022,12,2022-12,제주,465138.09,23828.0,6032.16,283.0
2022,12,2022-12,충남,1299289.01,60356.0,14075.14,615.0
2022,12,2022-12,충북,1321662.28,62672.0,14665.67,446.0
2023,1,2023-01,강원,976123.55,44428.0,9822.44,553.0
2023,1,2023-01,경기,2420184.86,121087.0,26755.89,771.0
2023,1,2023-01,경남,1231946.03,56293.0,13094.98,665.0
2023,1,2023-01,경북,1923207.73,86381.0,21192.43,882.0
2023,1,2023-01,광주,265665.13,12012.0,2597.81,130.0
2023,1,2023-01,대구,439053.91,20057.0,4644.41,175.0
2023,1,2023-01,대전,434172.08,20798.0,4414.14,131.0
2023,1,2023-01,부산,350575.62,16119.0,3666.9,88.0
2023,1,2023-01,서울,908735.39,44126.0,9156.75,234.0
2023,1,2023-01,세종,69498.13,3142.0,759.7,60.0
2023,1,2023-01,울산,387783.32,17443.0,4014.76,162.0
2023,1,2023-01,인천,753130.86,35304.0,7464.71,165.0
2023,1,2023-01,전남,724972.32,32568.0,7562.96,644.0
2023,1,2023-01,전북,989287.52,44570.0,10162.73,552.0
2023,1,2023-01,제주,433151.91,22376.0,5804.18,271.0
2023,1,2023-01,충남,1186542.7,54811.0,12927.8,597.0
2023,1,2023-01,충북,1160847.99,54060.0,13067.04,429.0
2023,2,2023-02,강원,803933.83,36501.0,8381.2,573.0
2023,2,2023-02,경기,2066069.12,103000.0,23595.59,788.0
2023,2,2023-02,경남,1028466.17,47243.0,11306.31,678.0
2023,2,2023-02,경북,1645868.73,73491.0,18531.36,884.0
2023,2,2023-02,광주,223810.39,10109.0,2295.98,130.0
2023,2,2023-02,대구,350595.76,15879.0,3804.41,175.0
2023,2,2023-02,대전,361815.88,17227.0,3834.2,135.0
2023,2,2023-02,부산,287080.71,13109.0,3015.28,92.0
2023,2,2023-02,서울,731534.99,35540.0,7655.17,234.0
2023,2,2023-02,세종,64045.34,2863.0,667.84,60.0
2023,2,2023-02,울산,313338.1,14044.0,3296.38,162.0
2023,2,2023-02,인천,606584.71,28754.0,6305.54,165.0
2023,2,2023-02,전남,629520.4,28280.0,6627.92,650.0
2023,2,2023-02,전북,852150.41,38032.0,8980.16,557.0
2023,2,2023-02,제주,425225.59,21566.0,5466.06,268.0
2023,2,2023-02,충남,1058902.03,48408.0,11678.83,605.0
2023,2,2023-02,충북,1023837.17,47453.0,11714.89,445.0
2023,3,2023-03,강원,802982.6,35397.0,8544.74,559.0
2023,3,2023-03,경기,2091369.55,99844.0,24091.14,774.0
2023,3,2023-03,경남,1146033.92,50793.0,12564.5,685.0
2023,3,2023-03,경북,1716515.18,74197.0,19489.51,897.0
2023,3,2023-03,광주,224108.61,9890.0,2321.18,130.0
2023,3,2023-03,대구,343844.09,14780.0,3784.99,175.0
2023,3,2023-03,대전,363398.34,16323.0,3892.91,138.0
2023,3,2023-03,부산,302684.58,13562.0,3304.9,92.0
2023,3,2023-03,서울,652655.14,31068.0,7204.03,244.0
2023,3,2023-03,세종,65173.31,2881.0,726.96,60.0
2023,3,2023-03,울산,324897.8,14069.0,3574.81,162.0
2023,3,2023-03,인천,579541.18,26644.0,6375.9,185.0
2023,3,2023-03,전남,740775.99,31495.0,7716.74,666.0
2023,3,2023-03,전북,959238.18,41186.0,10162.18,574.0
2023,3,2023-03,제주,441193.37,21881.0,5784.82,273.0
2023,3,2023-03,충남,1129751.85,49723.0,12724.34,598.0
2023,3,2023-03,충북,1067761.74,47374.0,12326.67,427.0
2023,4,2023-04,강원,813151.86,35323.0,8781.96,556.0
2023,4,2023-04,경기,1933399.48,89636.0,22526.01,774.0
2023,4,2023-04,경남,1108817.07,48021.0,12211.98,673.0
2023,4,2023-04,경북,1684510.2,71643.0,19020.39,888.0
2023,4,2023-04,광주,211809.86,8851.0,2210.12,129.0
2023,4,2023-04,대구,326913.41,13765.0,3670.62,177.0
2023,4,2023-04,대전,341831.34,15027.0,3711.29,133.0
2023,4,2023-04,부산,284299.16,12407.0,3118.89,88.0
2023,4,2023-04,서울,600391.37,27756.0,6657.32,236.0
2023,4,2023-04,세종,56511.09,2474.0,636.32,59.0
2023,4,2023-04,울산,295758.96,12626.0,3246.45,162.0
2023,4,2023-04,인천,522719.83,22929.0,5844.65,165.0
2023,4,2023-04,전남,753659.68,30716.0,7840.66,658.0
2023,4,2023-04,전북,953848.47,39926.0,10113.06,551.0
2023,4,2023-04,제주,448322.35,21518.0,5814.79,280.0
2023,4,2023-04,충남,1111377.58,48021.0,12454.53,613.0
2023,4,2023-04,충북,1032763.8,44807.0,11844.74,439.0
2023,5,2023-05,강원,855449.4,35877.0,9203.08,559.0
2023,5,2023-05,경기,1992078.87,90102.0,23023.7,811.0
2023,5,2023-05,경남,1152454.45,48978.0,12557.21,692.0
2023,5,2023-05,경북,1752056.61,73119.0,19785.07,900.0
2023,5,2023-05,광주,224295.28,9127.0,2289.66,133.0
2023,5,2023-05,대구,341395.83,13963.0,3743.32,184.0
2023,5,2023-05,대전,343817.96,14511.0,3616.62,136.0
2023,5,2023-05,부산,292077.02,12173.0,3101.14,90.0
2023,5,2023-05,서울,598679.82,27038.0,6726.85,241.0
2023,5,2023-05,세종,51953.23,2283.0,605.31,61.0
2023,5,2023-05,울산,306823.31,12795.0,3309.57,163.0
2023,5,2023-05,인천,541793.55,23438.0,6101.94,167.0
2023,5,2023-05,전남,761406.23,30577.0,7851.52,669.0
2023,5,2023-05,전북,947943.54,38690.0,10057.88,554.0
2023,5,2023-05,제주,470493.02,22349.0,6141.32,282.0
2023,5,2023-05,충남,1080686.93,45965.0,12287.85,600.0
2023,5,2023-05,충북,1073345.24,45717.0,12365.15,440.0
2023,6,2023-06,강원,855112.37,35286.0,9184.03,618.0
2023,6,2023-06,경기,1968753.82,87391.0,22906.54,803.0
2023,6,2023-06,경남,1142741.62,47997.0,12705.37,709.0
2023,6,2023-06,경북,1666347.39,69171.0,18935.0,915.0
2023,6,2023-06,광주,223772.94,8894.0,2307.3,132.0
2023,6,2023-06,대구,344956.8,13851.0,3718.49,178.0
2023,6,2023-06,대전,365404.12,15313.0,3949.05,136.0
2023,6,2023-06,부산,288879.97,12109.0,3175.4,103.0
2023,6,2023-06,서울,598520.11,26637.0,6803.63,244.0
2023,6,2023-06,세종,57962.78,2427.0,646.67,59.0
2023,6,2023-06,울산,289439.28,12070.0,3191.53,164.0
2023,6,2023-06,인천,548491.93,23197.0,6152.46,184.0
2023,6,2023-06,전남,743633.19,29576.0,7692.31,681.0
2023,6,2023-06,전북,903638.05,36411.0,9581.07,586.0
2023,6,2023-06,제주,498783.0,23180.0,6352.83,288.0
2023,6,2023-06,충남,1081650.51,45083.0,12179.46,615.0
2023,6,2023-06,충북,1086937.4,45625.0,12356.85,448.0
2023,7,2023-07,강원,945892.94,38360.0,9970.14,564.0
2023,7,2023-07,경기,2092363.56,92159.0,23744.8,799.0
2023,7,2023-07,경남,1242310.35,51218.0,13544.53,704.0
2023,7,2023-07,경북,1756675.56,71944.0,19710.85,898.0
2023,7,2023-07,광주,222311.91,8816.0,2265.16,132.0
2023,7,2023-07,대구,357829.1,14210.0,3823.08,177.0
2023,7,2023-07,대전,373428.3,15492.0,4001.74,142.0
2023,7,2023-07,부산,310586.91,13146.0,3425.76,100.0
2023,7,2023-07,서울,663829.31,28839.0,7341.41,254.0
2023,7,2023-07,세종,57538.07,2384.0,643.27,60.0
2023,7,2023-07,울산,289700.92,11847.0,3158.68,162.0
2023,7,2023-07,인천,594377.17,24845.0,6542.16,183.0
2023,7,2023-07,전남,773417.52,29947.0,7862.7,659.0
2023,7,2023-07,전북,938186.78,37027.0,9739.48,582.0
2023,7,2023-07,제주,571840.17,26272.0,7193.94,278.0
2023,7,2023-07,충남,1095628.59,45452.0,12184.88,635.0
2023,7,2023-07,충북,1108904.46,45970.0,12457.18,476.0
2023,8,2023-08,강원,1068959.14,42832.0,11113.63,570.0
2023,8,2023-08,경기,2201946.9,96639.0,24923.84,784.0
2023,8,2023-08,경남,1356377.79,55925.0,14851.3,671.0
2023,8,2023-08,경북,1846109.61,75322.0,20490.01,893.0
2023,8,2023-08,광주,240411.76,9476.0,2445.4,130.0
2023,8,2023-08,대구,362686.53,14316.0,3832.51,176.0
2023,8,2023-08,대전,405729.13,16596.0,4290.2,147.0
2023,8,2023-08,부산,349929.46,14132.0,3756.77,88.0
2023,8,2023-08,서울,687393.48,30111.0,7681.99,253.0
2023,8,2023-08,세종,60847.6,2550.0,691.5,66.0
2023,8,2023-08,울산,301310.43,12527.0,3436.11,161.0
2023,8,2023-08,인천,605278.06,25151.0,6632.72,177.0
2023,8,2023-08,전남,871800.35,33434.0,8909.73,656.0
2023,8,2023-08,전북,996620.8,39254.0,10372.1,560.0
2023,8,2023-08,제주,663943.21,29914.0,8130.74,299.0
2023,8,2023-08,충남,1207508.31,49328.0,13216.29,619.0
2023,8,2023-08,충북,1190812.52,49126.0,13311.29,462.0
2023,9,2023-09,강원,852088.84,35632.0,9340.75,596.0
2023,9,2023-09,경기,1919019.83,85530.0,22302.95,814.0
2023,9,2023-09,경남,1121810.52,47386.0,12479.28,714.0
2023,9,2023-09,경북,1600071.11,66635.0,18230.93,911.0
2023,9,2023-09,광주,208174.71,8253.0,2147.15,132.0
2023,9,2023-09,대구,304810.94,12332.0,3348.06,186.0
2023,9,2023-09,대전,332841.74,13705.0,3610.41,144.0
2023,9,2023-09,부산,293299.31,12397.0,3227.43,94.0
2023,9,2023-09,서울,570733.35,25143.0,6390.35,252.0
2023,9,2023-09,세종,51009.16,2138.0,576.26,65.0
2023,9,2023-09,울산,251740.48,10636.0,2875.48,163.0
2023,9,2023-09,인천,508567.88,21503.0,5673.94,178.0
2023,9,2023-09,전남,767026.34,29483.0,7858.04,666.0
2023,9,2023-09,전북,848718.63,34035.0,8987.82,570.0
2023,9,2023-09,제주,506905.22,23169.0,6417.55,296.0
2023,9,2023-09,충남,1054979.92,44486.0,12058.27,653.0
2023,9,2023-09,충북,1033236.71,43521.0,11951.96,484.0
2023,10,2023-10,강원,984070.58,42034.0,10658.55,622.0
2023,10,2023-10,경기,2125459.9,96490.0,24616.87,846.0
2023,10,2023-10,경남,1207804.13,52674.0,13642.54,746.0
2023,10,2023-10,경북,1721761.2,73789.0,19786.62,941.0
2023,10,2023-10,광주,203791.88,8469.0,2109.5,137.0
2023,10,2023-10,대구,318427.23,13254.0,3433.18,189.0
2023,10,2023-10,대전,346030.01,15197.0,3763.4,155.0
2023,10,2023-10,부산,292986.67,12810.0,3318.69,109.0
2023,10,2023-10,서울,613403.38,27799.0,6788.41,255.0
2023,10,2023-10,세종,58779.53,2579.0,687.13,68.0
2023,10,2023-10,울산,250867.83,10936.0,2834.23,165.0
2023,10,2023-10,인천,536780.09,23705.0,6118.03,191.0
2023,10,2023-10,전남,809670.88,32793.0,8422.81,697.0
2023,10,2023-10,전북,921306.41,38388.0,9872.56,611.0
2023,10,2023-10,제주,502398.62,23422.0,6477.19,299.0
2023,10,2023-10,충남,1168232.27,50340.0,13254.07,674.0
2023,10,2023-10,충북,1169783.6,50925.0,13747.62,516.0
2023,11,2023-11,강원,960518.75,42495.0,10392.14,621.0
2023,11,2023-11,경기,2414514.46,114066.0,27373.66,861.0
2023,11,2023-11,경남,1280912.08,56847.0,14342.83,747.0
2023,11,2023-11,경북,1800743.24,78931.0,20575.76,939.0
2023,11,2023-11,광주,225195.57,9327.0,2235.72,139.0
2023,11,2023-11,대구,365803.41,15340.0,3874.48,189.0
2023,11,2023-11,대전,400401.83,18070.0,4231.4,155.0
2023,11,2023-11,부산,303891.85,13533.0,3417.14,109.0
2023,11,2023-11,서울,713025.73,33007.0,7488.79,262.0
2023,11,2023-11,세종,65025.71,2910.0,708.77,67.0
2023,11,2023-11,울산,268345.7,11849.0,3015.63,166.0
2023,11,2023-11,인천,632850.23,28713.0,6830.52,222.0
2023,11,2023-11,전남,831412.46,34466.0,8537.81,697.0
2023,11,2023-11,전북,1018471.43,43048.0,10731.98,628.0
2023,11,2023-11,제주,536541.56,25693.0,6958.96,299.0
2023,11,2023-11,충남,1273274.07,55299.0,14207.39,679.0
2023,11,2023-11,충북,1271536.62,56279.0,14726.67,515.0
2023,12,2023-12,강원,995615.41,44940.0,10604.19,637.0
2023,12,2023-12,경기,2479165.0,120252.0,28039.84,935.0
2023,12,2023-12,경남,1375694.98,62090.0,15210.62,763.0
2023,12,2023-12,경북,1903422.53,84569.0,21674.63,978.0
2023,12,2023-12,광주,245576.8,10530.0,2438.34,142.0
2023,12,2023-12,대구,403564.35,17212.0,4188.09,198.0
2023,12,2023-12,대전,415833.18,19369.0,4439.81,156.0
2023,12,2023-12,부산,341514.44,15437.0,3804.49,109.0
2023,12,2023-12,서울,769929.62,36303.0,7985.14,258.0
2023,12,2023-12,세종,71402.38,3219.0,778.08,72.0
2023,12,2023-12,울산,291203.47,12847.0,3221.94,166.0
2023,12,2023-12,인천,682397.82,31274.0,7209.61,228.0
2023,12,2023-12,전남,846646.51,35602.0,8682.28,726.0
2023,12,2023-12,전북,1045125.3,45165.0,11026.65,635.0
2023,12,2023-12,제주,586741.79,28160.0,7424.89,300.0
2023,12,2023-12,충남,1276211.96,56708.0,14089.74,707.0
2023,12,2023-12,충북,1275279.9,57037.0,14604.02,539.0
2024,1,2024-01,강원,911083.03,41198.0,9677.11,631.0
2024,1,2024-01,경기,2274503.66,113169.0,26261.45,934.0
2024,1,2024-01,경남,1252818.01,57932.0,13996.08,769.0
2024,1,2024-01,경북,1647414.55,74473.0,18906.02,967.0
2024,1,2024-01,광주,225779.57,9925.0,2284.66,143.0
2024,1,2024-01,대구,369374.24,15800.0,3845.11,194.0
2024,1,2024-01,대전,409211.29,19504.0,4407.46,161.0
2024,1,2024-01,부산,296596.48,13982.0,3376.69,109.0
2024,1,2024-01,서울,742270.42,35589.0,7635.59,264.0
2024,1,2024-01,세종,72645.9,3337.0,775.74,68.0
2024,1,2024-01,울산,270321.32,12262.0,3022.24,166.0
2024,1,2024-01,인천,666918.87,31599.0,7197.46,238.0
2024,1,2024-01,전남,759475.91,32449.0,7807.13,710.0
2024,1,2024-01,전북,948115.19,41438.0,10058.68,669.0
2024,1,2024-01,제주,586969.94,28423.0,7372.72,300.0
2024,1,2024-01,충남,1215856.58,54744.0,13390.44,725.0
2024,1,2024-01,충북,1165864.12,53258.0,13590.08,527.0
2024,2,2024-02,강원,754670.32,33614.0,8208.83,648.0
2024,2,2024-02,경기,1828954.46,89296.0,21646.71,910.0
2024,2,2024-02,경남,1113725.76,50089.0,12495.71,804.0
2024,2,2024-02,경북,1545516.48,67452.0,17897.55,967.0
2024,2,2024-02,광주,194590.63,8388.0,1987.65,144.0
2024,2,2024-02,대구,304714.84,12808.0,3257.88,194.0
2024,2,2024-02,대전,331250.94,15341.0,3573.64,161.0
2024,2,2024-02,부산,256328.54,11714.0,2899.51,130.0
2024,2,2024-02,서울,577063.96,26905.0,6200.48,264.0
2024,2,2024-02,세종,59366.72,2733.0,654.55,70.0
2024,2,2024-02,울산,232325.35,10388.0,2610.02,175.0
2024,2,2024-02,인천,541023.82,24702.0,5918.77,224.0
2024,2,2024-02,전남,721377.18,30108.0,7379.52,747.0
2024,2,2024-02,전북,886778.34,37839.0,9559.92,660.0
2024,2,2024-02,제주,532884.97,25653.0,6757.19,301.0
2024,2,2024-02,충남,1114332.35,49106.0,12457.01,733.0
2024,2,2024-02,충북,1024291.89,46103.0,12151.69,544.0
2024,3,2024-03,강원,738505.22,32324.0,7986.8,646.0
2024,3,2024-03,경기,1841223.09,89169.0,21893.61,917.0
2024,3,2024-03,경남,1142972.09,51321.0,13151.71,796.0
2024,3,2024-03,경북,1518494.48,66043.0,17709.26,961.0
2024,3,2024-03,광주,190281.59,8098.0,1926.14,144.0
2024,3,2024-03,대구,294831.71,12320.0,3130.45,197.0
2024,3,2024-03,대전,333078.53,15200.0,3618.99,161.0
2024,3,2024-03,부산,260344.98,11928.0,3033.36,126.0
2024,3,2024-03,서울,559845.3,25949.0,6152.58,264.0
2024,3,2024-03,세종,61854.66,2840.0,693.03,69.0
2024,3,2024-03,울산,222927.84,10061.0,2566.0,172.0
2024,3,2024-03,인천,541151.87,24747.0,6037.98,222.0
2024,3,2024-03,전남,785823.49,32219.0,8043.48,745.0
2024,3,2024-03,전북,893300.95,38207.0,9713.94,648.0
2024,3,2024-03,제주,556983.44,26797.0,7176.31,312.0
2024,3,2024-03,충남,1174816.16,51326.0,13146.41,717.0
2024,3,2024-03,충북,1020380.71,45564.0,12135.07,545.0
2024,4,2024-04,강원,670917.35,28785.0,7454.28,651.0
2024,4,2024-04,경기,1651404.73,76821.0,19959.7,938.0
2024,4,2024-04,경남,994915.35,43458.0,11685.3,801.0
2024,4,2024-04,경북,1369940.84,58032.0,16072.75,964.0
2024,4,2024-04,광주,174850.5,7118.0,1842.41,142.0
2024,4,2024-04,대구,278717.91,11139.0,3005.29,194.0
2024,4,2024-04,대전,287385.36,12780.0,3310.37,160.0
2024,4,2024-04,부산,225834.9,9916.0,2712.6,126.0
2024,4,2024-04,서울,460493.12,21336.0,5420.04,265.0
2024,4,2024-04,세종,58557.88,2579.0,679.16,69.0
2024,4,2024-04,울산,207978.94,9040.0,2447.86,172.0
2024,4,2024-04,인천,459561.4,20340.0,5589.21,222.0
2024,4,2024-04,전남,680593.74,27200.0,7188.7,741.0
2024,4,2024-04,전북,787396.26,32666.0,8774.56,655.0
2024,4,2024-04,제주,505550.47,23802.0,6506.34,316.0
2024,4,2024-04,충남,1052439.38,44874.0,12165.24,716.0
2024,4,2024-04,충북,926404.67,40089.0,11154.96,546.0
2024,5,2024-05,강원,736819.92,30727.0,8253.17,663.0
2024,5,2024-05,경기,1718212.61,78600.0,20662.22,988.0
2024,5,2024-05,경남,1058542.21,45567.0,12277.1,803.0
2024,5,2024-05,경북,1404356.04,58815.0,16533.51,978.0
2024,5,2024-05,광주,187127.12,7466.0,1964.85,143.0
2024,5,2024-05,대구,281467.91,11163.0,3105.67,198.0
2024,5,2024-05,대전,295434.82,12952.0,3330.17,160.0
2024,5,2024-05,부산,229199.35,9912.0,2716.96,126.0
2024,5,2024-05,서울,475408.31,21490.0,5589.96,265.0
2024,5,2024-05,세종,60534.54,2579.0,701.78,70.0
2024,5,2024-05,울산,212497.17,9189.0,2557.49,174.0
2024,5,2024-05,인천,458362.74,19872.0,5450.85,227.0
2024,5,2024-05,전남,710675.01,27779.0,7501.2,747.0
2024,5,2024-05,전북,826327.26,33648.0,9085.93,680.0
2024,5,2024-05,제주,535476.36,24635.0,6766.49,316.0
2024,5,2024-05,충남,1086003.74,45461.0,12529.17,732.0
2024,5,2024-05,충북,959506.16,41447.0,11487.88,555.0
2024,6,2024-06,강원,748664.46,30624.0,8380.49,660.0
2024,6,2024-06,경기,1729746.75,76515.0,20546.98,947.0
2024,6,2024-06,경남,1019570.24,43387.0,11807.46,816.0
2024,6,2024-06,경북,1345844.28,56326.0,15919.57,1008.0
2024,6,2024-06,광주,186864.26,7351.0,2007.94,144.0
2024,6,2024-06,대구,285824.67,10997.0,3077.02,200.0
2024,6,2024-06,대전,250715.29,11034.0,2932.88,160.0
2024,6,2024-06,부산,230685.81,9787.0,2736.96,127.0
2024,6,2024-06,서울,505021.17,22061.0,5910.02,264.0
2024,6,2024-06,세종,63636.05,2590.0,696.27,72.0
2024,6,2024-06,울산,210647.54,8888.0,2538.38,172.0
2024,6,2024-06,인천,467404.44,19451.0,5471.15,240.0
2024,6,2024-06,전남,676296.22,26412.0,7282.91,772.0
2024,6,2024-06,전북,772271.78,30671.0,8426.35,668.0
2024,6,2024-06,제주,531526.44,24177.0,6653.99,315.0
2024,6,2024-06,충남,1052711.2,43705.0,12182.47,750.0
2024,6,2024-06,충북,929169.56,39363.0,11087.37,561.0
2024,7,2024-07,강원,766872.61,31352.0,8559.94,661.0
2024,7,2024-07,경기,1816734.19,79563.0,21443.87,999.0
2024,7,2024-07,경남,1134633.23,47152.0,12829.96,813.0
2024,7,2024-07,경북,1415813.11,58758.0,16518.64,1005.0
2024,7,2024-07,광주,206424.55,8052.0,2143.37,143.0
2024,7,2024-07,대구,310954.91,11776.0,3258.63,198.0
2024,7,2024-07,대전,252245.75,10774.0,2900.79,154.0
2024,7,2024-07,부산,244250.4,10057.0,2784.52,127.0
2024,7,2024-07,서울,533667.1,22980.0,6149.1,265.0
2024,7,2024-07,세종,68135.12,2918.0,777.78,72.0
2024,7,2024-07,울산,225419.82,9466.0,2660.23,172.0
2024,7,2024-07,인천,480940.06,19825.0,5543.54,241.0
2024,7,2024-07,전남,738370.69,28407.0,7864.05,759.0
2024,7,2024-07,전북,816949.8,31820.0,8874.27,663.0
2024,7,2024-07,제주,670223.37,29704.0,8152.56,315.0
2024,7,2024-07,충남,1061097.69,43060.0,12090.61,774.0
2024,7,2024-07,충북,938708.17,39191.0,11113.26,559.0
2024,8,2024-08,강원,973541.44,38950.0,10741.48,671.0
2024,8,2024-08,경기,2083563.42,89337.0,24325.09,996.0
2024,8,2024-08,경남,1279183.85,52436.0,14505.02,813.0
2024,8,2024-08,경북,1564975.8,64360.0,18186.92,1003.0
2024,8,2024-08,광주,224588.79,8803.0,2356.31,147.0
2024,8,2024-08,대구,321894.57,12169.0,3421.92,199.0
2024,8,2024-08,대전,281920.74,11636.0,3141.87,153.0
2024,8,2024-08,부산,262334.53,10770.0,2978.44,125.0
2024,8,2024-08,서울,575158.86,23802.0,6502.82,265.0
2024,8,2024-08,세종,73616.49,3141.0,839.3,74.0
2024,8,2024-08,울산,239445.88,9948.0,2761.64,171.0
2024,8,2024-08,인천,536619.9,21793.0,6033.54,244.0
2024,8,2024-08,전남,856843.01,32696.0,9156.04,777.0
2024,8,2024-08,전북,946515.86,36702.0,10265.91,690.0
2024,8,2024-08,제주,747112.06,32374.0,8992.33,313.0
2024,8,2024-08,충남,1250484.51,50627.0,14202.39,767.0
2024,8,2024-08,충북,1096432.1,45310.0,12734.42,558.0
2024,9,2024-09,강원,756467.04,30752.0,8529.41,678.0
2024,9,2024-09,경기,1888050.91,81900.0,22384.58,1014.0
2024,9,2024-09,경남,1168584.36,47973.0,13374.3,818.0
2024,9,2024-09,경북,1461054.79,60446.0,17212.97,1018.0
2024,9,2024-09,광주,212301.37,8223.0,2232.47,147.0
2024,9,2024-09,대구,302875.16,11849.0,3291.1,201.0
2024,9,2024-09,대전,256652.12,10615.0,2909.99,153.0
2024,9,2024-09,부산,237872.54,9893.0,2810.35,127.0
2024,9,2024-09,서울,523302.49,21741.0,5884.38,260.0
2024,9,2024-09,세종,68867.46,2890.0,806.35,74.0
2024,9,2024-09,울산,217492.73,8979.0,2520.54,174.0
2024,9,2024-09,인천,483496.44,19790.0,5510.53,249.0
2024,9,2024-09,전남,843336.65,31965.0,8885.61,783.0
2024,9,2024-09,전북,912119.74,35392.0,9875.06,691.0
2024,9,2024-09,제주,637162.1,27983.0,7964.41,312.0
2024,9,2024-09,충남,1229263.93,49560.0,13936.29,774.0
2024,9,2024-09,충북,1028206.41,42420.0,12045.4,561.0
2024,10,2024-10,강원,811784.77,33512.0,8969.3,678.0
2024,10,2024-10,경기,1897815.7,86137.0,22839.8,1018.0
2024,10,2024-10,경남,1129581.21,47965.0,13123.35,825.0
2024,10,2024-10,경북,1412016.54,59818.0,16804.03,1024.0
2024,10,2024-10,광주,188646.03,7564.0,2052.74,148.0
2024,10,2024-10,대구,295084.11,11880.0,3312.62,201.0
2024,10,2024-10,대전,244295.61,10732.0,2820.22,158.0
2024,10,2024-10,부산,223834.5,9631.0,2673.98,128.0
2024,10,2024-10,서울,512029.07,22230.0,5786.63,265.0
2024,10,2024-10,세종,67778.5,3015.0,789.52,74.0
2024,10,2024-10,울산,206035.04,9062.0,2527.84,172.0
2024,10,2024-10,인천,480117.0,20817.0,5749.09,249.0
2024,10,2024-10,전남,761476.28,30176.0,8215.84,793.0
2024,10,2024-10,전북,861858.78,34631.0,9421.28,692.0
2024,10,2024-10,제주,585027.02,26134.0,7334.31,314.0
2024,10,2024-10,충남,1206684.85,50510.0,13794.2,778.0
2024,10,2024-10,충북,1039941.61,44384.0,12367.58,561.0
2024,11,2024-11,강원,793869.23,33930.0,8905.39,692.0
2024,11,2024-11,경기,2037548.99,94727.0,24462.99,1065.0
2024,11,2024-11,경남,1167405.03,50818.0,13470.41,853.0
2024,11,2024-11,경북,1515569.75,65530.0,18133.36,1071.0
2024,11,2024-11,광주,208684.19,8549.0,2218.52,149.0
2024,11,2024-11,대구,311084.61,12863.0,3444.71,214.0
2024,11,2024-11,대전,275912.21,12346.0,3121.38,154.0
2024,11,2024-11,부산,229851.77,10233.0,2704.65,130.0
2024,11,2024-11,서울,562368.12,24858.0,6143.92,264.0
2024,11,2024-11,세종,73114.98,3178.0,819.29,73.0
2024,11,2024-11,울산,217346.08,9551.0,2603.08,175.0
2024,11,2024-11,인천,532961.49,23627.0,6151.93,261.0
2024,11,2024-11,전남,826326.47,33372.0,8883.35,842.0
2024,11,2024-11,전북,927539.32,38123.0,10017.74,723.0
2024,11,2024-11,제주,585298.62,26876.0,7439.67,314.0
2024,11,2024-11,충남,1267572.33,54179.0,14503.58,850.0
2024,11,2024-11,충북,1146341.98,49736.0,13462.66,576.0
2024,12,2024-12,강원,891668.32,39199.0,9636.04,678.0
2024,12,2024-12,경기,2381304.73,113843.0,28078.92,1027.0
2024,12,2024-12,경남,1287286.9,57760.0,14735.78,821.0
2024,12,2024-12,경북,1658169.85,73325.0,19527.12,1023.0
2024,12,2024-12,광주,236437.64,10164.0,2443.58,147.0
2024,12,2024-12,대구,359611.07,15114.0,3968.78,201.0
2024,12,2024-12,대전,327827.6,15064.0,3547.27,160.0
2024,12,2024-12,부산,254527.21,11782.0,3030.69,128.0
2024,12,2024-12,서울,682802.41,31337.0,7182.65,264.0
2024,12,2024-12,세종,81389.68,3631.0,924.19,73.0
2024,12,2024-12,울산,247325.02,11195.0,2934.71,175.0
2024,12,2024-12,인천,628151.25,28302.0,6939.6,248.0
2024,12,2024-12,전남,884722.09,36754.0,9411.11,783.0
2024,12,2024-12,전북,971875.19,40543.0,10470.92,688.0
2024,12,2024-12,제주,667706.83,31797.0,8498.65,314.0
2024,12,2024-12,충남,1362172.37,59734.0,15477.55,780.0
2024,12,2024-12,충북,1223150.87,53816.0,14182.53,557.0
2025,1,2025-01,강원,923612.2,40583.0,9887.01,678.0
2025,1,2025-01,경기,2217469.31,106305.0,26068.99,1047.0
2025,1,2025-01,경남,1273871.03,57251.0,14551.89,828.0
2025,1,2025-01,경북,1681161.23,74443.0,19711.74,1027.0
2025,1,2025-01,광주,222887.47,9553.0,2284.83,147.0
2025,1,2025-01,대구,341797.49,14625.0,3761.47,208.0
2025,1,2025-01,대전,349536.23,15917.0,3850.92,160.0
2025,1,2025-01,부산,243605.83,11279.0,2850.79,129.0
2025,1,2025-01,서울,638251.15,29589.0,6746.41,264.0
2025,1,2025-01,세종,75509.08,3385.0,857.63,74.0
2025,1,2025-01,울산,239663.42,10810.0,2807.11,175.0
2025,1,2025-01,인천,591730.59,26704.0,6482.15,254.0
2025,1,2025-01,전남,888385.72,37215.0,9382.67,832.0
2025,1,2025-01,전북,977298.81,40752.0,10550.09,692.0
2025,1,2025-01,제주,649036.3,30913.0,8385.23,314.0
2025,1,2025-01,충남,1288304.4,56855.0,14635.89,786.0
2025,1,2025-01,충북,1149656.17,50331.0,13343.84,557.0
2025,2,2025-02,강원,753491.46,33686.0,8273.17,695.0
2025,2,2025-02,경기,2086173.69,101320.0,24904.1,1056.0
2025,2,2025-02,경남,1125083.84,51470.0,13059.61,852.0
2025,2,2025-02,경북,1432828.01,64494.0,17043.52,1080.0
2025,2,2025-02,광주,207547.74,9036.0,2153.37,148.0
2025,2,2025-02,대구,307387.62,13210.0,3359.54,213.0
2025,2,2025-02,대전,326716.28,15141.0,3650.67,160.0
2025,2,2025-02,부산,231071.06,10729.0,2682.47,130.0
2025,2,2025-02,서울,629200.66,29717.0,6813.88,265.0
2025,2,2025-02,세종,76705.93,3492.0,891.45,74.0
2025,2,2025-02,울산,216452.22,10144.0,2564.25,176.0
2025,2,2025-02,인천,543134.22,25247.0,6082.13,251.0
2025,2,2025-02,전남,733879.51,31731.0,7942.21,823.0
2025,2,2025-02,전북,816585.84,34958.0,8887.81,709.0
2025,2,2025-02,제주,601854.53,28829.0,7775.84,314.0
2025,2,2025-02,충남,1194037.59,53620.0,13577.68,835.0
2025,2,2025-02,충북,1045175.66,46446.0,12300.83,564.0
2025,3,2025-03,강원,697436.69,29961.0,7789.72,685.0
2025,3,2025-03,경기,1858200.48,86709.0,22555.04,1057.0
2025,3,2025-03,경남,1061992.32,46620.0,12396.66,849.0
2025,3,2025-03,경북,1370159.3,59496.0,16448.69,1070.0
2025,3,2025-03,광주,188234.61,7817.0,1981.03,147.0
2025,3,2025-03,대구,285122.93,11951.0,3228.17,209.0
2025,3,2025-03,대전,289252.46,13106.0,3396.94,159.0
2025,3,2025-03,부산,203136.04,9130.0,2384.68,129.0
2025,3,2025-03,서울,516788.07,23903.0,5959.9,265.0
2025,3,2025-03,세종,70482.48,3103.0,812.77,74.0
2025,3,2025-03,울산,196670.71,8880.0,2392.74,174.0
2025,3,2025-03,인천,483208.03,21503.0,5682.66,254.0
2025,3,2025-03,전남,793730.54,32065.0,8484.95,831.0
2025,3,2025-03,전북,794808.39,32880.0,8721.14,724.0
2025,3,2025-03,제주,586667.91,27555.0,7645.37,313.0
2025,3,2025-03,충남,1145289.94,49358.0,13134.02,800.0
2025,3,2025-03,충북,976638.53,42668.0,11697.6,570.0
2025,4,2025-04,강원,665534.14,28019.0,7522.87,689.0
2025,4,2025-04,경기,1829359.51,83002.0,22199.73,1063.0
2025,4,2025-04,경남,1027110.87,44078.0,12100.02,849.0
2025,4,2025-04,경북,1342403.28,57269.0,16035.0,1077.0
2025,4,2025-04,광주,177520.31,7275.0,1903.16,149.0
2025,4,2025-04,대구,266651.89,10961.0,3083.88,215.0
2025,4,2025-04,대전,271894.54,11698.0,3164.66,158.0
2025,4,2025-04,부산,190512.33,8526.0,2310.99,130.0
2025,4,2025-04,서울,469482.71,21491.0,5536.68,264.0
2025,4,2025-04,세종,65071.0,2856.0,807.43,74.0
2025,4,2025-04,울산,188344.41,8300.0,2254.29,175.0
2025,4,2025-04,인천,464190.7,20373.0,5485.17,258.0
2025,4,2025-04,전남,791165.52,31285.0,8499.2,839.0
2025,4,2025-04,전북,804240.17,32504.0,8807.72,724.0
2025,4,2025-04,제주,582304.18,26714.0,7576.82,312.0
2025,4,2025-04,충남,1138474.29,47821.0,13109.94,842.0
2025,4,2025-04,충북,921476.7,39627.0,11145.91,576.0
2025,5,2025-05,강원,803471.28,32296.0,8850.24,688.0
2025,5,2025-05,경기,1836236.32,81149.0,22095.4,1059.0
2025,5,2025-05,경남,1104757.86,46006.0,12821.11,848.0
2025,5,2025-05,경북,1485429.11,61455.0,17560.8,1075.0
2025,5,2025-05,광주,178954.54,7197.0,1847.85,150.0
2025,5,2025-05,대구,272092.47,11078.0,3084.91,214.0
2025,5,2025-05,대전,277714.4,11626.0,3172.6,158.0
2025,5,2025-05,부산,201420.66,8732.0,2451.55,130.0
2025,5,2025-05,서울,462541.88,20607.0,5414.92,264.0
2025,5,2025-05,세종,64998.88,2773.0,772.28,74.0
2025,5,2025-05,울산,205206.42,8840.0,2469.96,175.0
2025,5,2025-05,인천,467160.68,19722.0,5417.27,261.0
2025,5,2025-05,전남,864881.48,33040.0,9139.81,840.0
2025,5,2025-05,전북,878496.58,34639.0,9547.76,726.0
2025,5,2025-05,제주,608771.59,27380.0,7800.42,313.0
2025,5,2025-05,충남,1184819.51,49191.0,13630.98,846.0
2025,5,2025-05,충북,982192.64,41572.0,11819.09,577.0
2025,6,2025-06,강원,783597.11,31220.0,8753.99,688.0
2025,6,2025-06,경기,1847249.42,79599.0,22031.97,1060.0
2025,6,2025-06,경남,1072409.51,44304.0,12464.55,852.0
2025,6,2025-06,경북,1417596.32,58030.0,16624.26,1070.0
2025,6,2025-06,광주,192433.95,7486.0,1989.22,150.0
2025,6,2025-06,대구,280016.75,11210.0,3135.33,215.0
2025,6,2025-06,대전,279589.37,11555.0,3161.05,158.0
2025,6,2025-06,부산,201170.24,8569.0,2447.65,130.0
2025,6,2025-06,서울,474414.75,20723.0,5554.39,264.0
2025,6,2025-06,세종,64054.22,2686.0,768.23,74.0
2025,6,2025-06,울산,205307.48,8713.0,2484.4,176.0
2025,6,2025-06,인천,453706.4,18904.0,5356.92,262.0
2025,6,2025-06,전남,795940.68,30043.0,8458.27,839.0
2025,6,2025-06,전북,789944.05,30988.0,8604.9,724.0
2025,6,2025-06,제주,635147.4,28176.0,8101.47,311.0
2025,6,2025-06,충남,1112802.0,45705.0,12879.06,837.0
2025,6,2025-06,충북,928511.58,38857.0,11233.25,577.0
2025,7,2025-07,강원,953053.9,37255.0,10308.71,691.0
2025,7,2025-07,경기,2167705.22,92493.0,25455.87,1062.0
2025,7,2025-07,경남,1291545.6,52492.0,14563.2,854.0
2025,7,2025-07,경북,1659980.42,67086.0,19038.34,1075.0
2025,7,2025-07,광주,231958.41,8803.0,2382.32,149.0
2025,7,2025-07,대구,338715.85,13316.0,3692.47,215.0
2025,7,2025-07,대전,325839.61,13181.0,3634.93,158.0
2025,7,2025-07,부산,248726.53,10326.0,2870.79,130.0
2025,7,2025-07,서울,577961.45,24577.0,6509.89,264.0
2025,7,2025-07,세종,77914.66,3176.0,891.32,68.0
2025,7,2025-07,울산,252406.2,10376.0,2945.68,176.0
2025,7,2025-07,인천,552287.75,22406.0,6143.94,262.0
2025,7,2025-07,전남,920391.87,34310.0,9587.28,839.0
2025,7,2025-07,전북,888614.08,34417.0,9567.24,725.0
2025,7,2025-07,제주,806408.14,34560.0,9808.54,312.0
2025,7,2025-07,충남,1276908.45,52094.0,14515.46,842.0
2025,7,2025-07,충북,1054450.89,43306.0,12433.78,578.0
2025,8,2025-08,강원,1067748.7,41185.0,11464.47,690.0
2025,8,2025-08,경기,2132810.22,90848.0,25084.72,1060.0
2025,8,2025-08,경남,1273137.13,51840.0,14344.41,853.0
2025,8,2025-08,경북,1787842.8,72339.0,20681.53,1073.0
2025,8,2025-08,광주,212530.89,8042.0,2207.81,148.0
2025,8,2025-08,대구,355251.39,13828.0,3882.28,215.0
2025,8,2025-08,대전,330833.6,13409.0,3707.21,160.0
2025,8,2025-08,부산,259317.74,10402.0,2892.22,131.0
2025,8,2025-08,서울,556264.03,23072.0,6244.71,264.0
2025,8,2025-08,세종,77582.82,3128.0,870.28,68.0
2025,8,2025-08,울산,242499.38,9684.0,2762.75,176.0
2025,8,2025-08,인천,545437.33,21843.0,6097.31,262.0
2025,8,2025-08,전남,950792.95,35368.0,9963.14,839.0
2025,8,2025-08,전북,944713.16,36677.0,10036.12,724.0
2025,8,2025-08,제주,833027.37,35421.0,10137.27,313.0
2025,8,2025-08,충남,1344238.2,54635.0,15295.2,839.0
2025,8,2025-08,충북,1108636.96,45856.0,13097.48,577.0
