ref_year,ref_month,기준월,시도,전기차등록대수
2019,1,2019-01,강원,1393
2019,1,2019-01,경기,6493
2019,1,2019-01,경남,2123
2019,1,2019-01,경북,2017
2019,1,2019-01,광주,1446
2019,1,2019-01,대구,6885
2019,1,2019-01,대전,1360
2019,1,2019-01,부산,1589
2019,1,2019-01,서울,9571
2019,1,2019-01,세종,402
2019,1,2019-01,울산,862
2019,1,2019-01,인천,1298
2019,1,2019-01,전남,1997
2019,1,2019-01,전북,1005
2019,1,2019-01,제주,15297
2019,1,2019-01,충남,1142
2019,1,2019-01,충북,1205
2019,2,2019-02,강원,1423
2019,2,2019-02,경기,6579
2019,2,2019-02,경남,2211
2019,2,2019-02,경북,2043
2019,2,2019-02,광주,1462
2019,2,2019-02,대구,6927
2019,2,2019-02,대전,1358
2019,2,2019-02,부산,1602
2019,2,2019-02,서울,9647
2019,2,2019-02,세종,414
2019,2,2019-02,울산,864
2019,2,2019-02,인천,1341
2019,2,2019-02,전남,1999
2019,2,2019-02,전북,1017
2019,2,2019-02,제주,15268
2019,2,2019-02,충남,1161
2019,2,2019-02,충북,1216
2019,3,2019-03,강원,1567
2019,3,2019-03,경기,7290
2019,3,2019-03,경남,2602
2019,3,2019-03,경북,2404
2019,3,2019-03,광주,1587
2019,3,2019-03,대구,7140
2019,3,2019-03,대전,1463
2019,3,2019-03,부산,1786
2019,3,2019-03,서울,9934
2019,3,2019-03,세종,535
2019,3,2019-03,울산,902
2019,3,2019-03,인천,1499
2019,3,2019-03,전남,2514
2019,3,2019-03,전북,1196
2019,3,2019-03,제주,15597
2019,3,2019-03,충남,1559
2019,3,2019-03,충북,1377
2019,4,2019-04,강원,1727
2019,4,2019-04,경기,7872
2019,4,2019-04,경남,2783
2019,4,2019-04,경북,2763
2019,4,2019-04,광주,1736
2019,4,2019-04,대구,7475
2019,4,2019-04,대전,1616
2019,4,2019-04,부산,1906
2019,4,2019-04,서울,10175
2019,4,2019-04,세종,642
2019,4,2019-04,울산,927
2019,4,2019-04,인천,1686
2019,4,2019-04,전남,2687
2019,4,2019-04,전북,1418
2019,4,2019-04,제주,16066
2019,4,2019-04,충남,2051
2019,4,2019-04,충북,1695
2019,5,2019-05,강원,1833
2019,5,2019-05,경기,8549
2019,5,2019-05,경남,3005
2019,5,2019-05,경북,2971
2019,5,2019-05,광주,1870
2019,5,2019-05,대구,7964
2019,5,2019-05,대전,1781
2019,5,2019-05,부산,2085
2019,5,2019-05,서울,10613
2019,5,2019-05,세종,728
2019,5,2019-05,울산,959
2019,5,2019-05,인천,1842
2019,5,2019-05,전남,2817
2019,5,2019-05,전북,1490
2019,5,2019-05,제주,16588
2019,5,2019-05,충남,2246
2019,5,2019-05,충북,1882
2019,6,2019-06,강원,1945
2019,6,2019-06,경기,9267
2019,6,2019-06,경남,3108
2019,6,2019-06,경북,3159
2019,6,2019-06,광주,2024
2019,6,2019-06,대구,8307
2019,6,2019-06,대전,1937
2019,6,2019-06,부산,2234
2019,6,2019-06,서울,11082
2019,6,2019-06,세종,800
2019,6,2019-06,울산,1019
2019,6,2019-06,인천,1985
2019,6,2019-06,전남,2979
2019,6,2019-06,전북,1586
2019,6,2019-06,제주,17101
2019,6,2019-06,충남,2308
2019,6,2019-06,충북,1973
2019,7,2019-07,강원,2114
2019,7,2019-07,경기,9877
2019,7,2019-07,경남,3258
2019,7,2019-07,경북,3409
2019,7,2019-07,광주,2140
2019,7,2019-07,대구,8656
2019,7,2019-07,대전,2117
2019,7,2019-07,부산,2410
2019,7,2019-07,서울,11764
2019,7,2019-07,세종,811
2019,7,2019-07,울산,1079
2019,7,2019-07,인천,2132
2019,7,2019-07,전남,3077
2019,7,2019-07,전북,1641
2019,7,2019-07,제주,17352
2019,7,2019-07,충남,2421
2019,7,2019-07,충북,2074
2019,8,2019-08,강원,2236
2019,8,2019-08,경기,10304
2019,8,2019-08,경남,3392
2019,8,2019-08,경북,3563
2019,8,2019-08,광주,2213
2019,8,2019-08,대구,9053
2019,8,2019-08,대전,2224
2019,8,2019-08,부산,2489
2019,8,2019-08,서울,12050
2019,8,2019-08,세종,826
2019,8,2019-08,울산,1123
2019,8,2019-08,인천,2210
2019,8,2019-08,전남,3122
2019,8,2019-08,전북,1700
2019,8,2019-08,제주,17559
2019,8,2019-08,충남,2490
2019,8,2019-08,충북,2106
2019,9,2019-09,강원,2339
2019,9,2019-09,경기,10657
2019,9,2019-09,경남,3458
2019,9,2019-09,경북,3670
2019,9,2019-09,광주,2283
2019,9,2019-09,대구,9403
2019,9,2019-09,대전,2303
2019,9,2019-09,부산,2567
2019,9,2019-09,서울,12389
2019,9,2019-09,세종,857
2019,9,2019-09,울산,1169
2019,9,2019-09,인천,2322
2019,9,2019-09,전남,3259
2019,9,2019-09,전북,1752
2019,9,2019-09,제주,17779
2019,9,2019-09,충남,2551
2019,9,2019-09,충북,2144
2019,10,2019-10,강원,2385
2019,10,2019-10,경기,11035
2019,10,2019-10,경남,3592
2019,10,2019-10,경북,3832
2019,10,2019-10,광주,2341
2019,10,2019-10,대구,9733
2019,10,2019-10,대전,2361
2019,10,2019-10,부산,2645
2019,10,2019-10,서울,12711
2019,10,2019-10,세종,867
2019,10,2019-10,울산,1198
2019,10,2019-10,인천,2412
2019,10,2019-10,전남,3278
2019,10,2019-10,전북,1804
2019,10,2019-10,제주,17933
2019,10,2019-10,충남,2649
2019,10,2019-10,충북,2271
2019,11,2019-11,강원,2430
2019,11,2019-11,경기,11388
2019,11,2019-11,경남,3623
2019,11,2019-11,경북,3956
2019,11,2019-11,광주,2389
2019,11,2019-11,대구,11016
2019,11,2019-11,대전,2429
2019,11,2019-11,부산,2953
2019,11,2019-11,서울,13726
2019,11,2019-11,세종,878
2019,11,2019-11,울산,1398
2019,11,2019-11,인천,2516
2019,11,2019-11,전남,3303
2019,11,2019-11,전북,1823
2019,11,2019-11,제주,18062
2019,11,2019-11,충남,2792
2019,11,2019-11,충북,2382
2019,12,2019-12,강원,2445
2019,12,2019-12,경기,11750
2019,12,2019-12,경남,3626
2019,12,2019-12,경북,4051
2019,12,2019-12,광주,2464
2019,12,2019-12,대구,11313
2019,12,2019-12,대전,2555
2019,12,2019-12,부산,3216
2019,12,2019-12,서울,14952
2019,12,2019-12,세종,903
2019,12,2019-12,울산,1447
2019,12,2019-12,인천,2598
2019,12,2019-12,전남,3326
2019,12,2019-12,전북,1841
2019,12,2019-12,제주,18178
2019,12,2019-12,충남,2841
2019,12,2019-12,충북,2412
2020,1,2020-01,강원,2448
2020,1,2020-01,경기,11809
2020,1,2020-01,경남,3634
2020,1,2020-01,경북,4071
2020,1,2020-01,광주,2479
2020,1,2020-01,대구,11274
2020,1,2020-01,대전,2618
2020,1,2020-01,부산,3223
2020,1,2020-01,서울,15353
2020,1,2020-01,세종,911
2020,1,2020-01,울산,1441
2020,1,2020-01,인천,2660
2020,1,2020-01,전남,3326
2020,1,2020-01,전북,1872
2020,1,2020-01,제주,18307
2020,1,2020-01,충남,2848
2020,1,2020-01,충북,2427
2020,2,2020-02,강원,2459
2020,2,2020-02,경기,12510
2020,2,2020-02,경남,3822
2020,2,2020-02,경북,4161
2020,2,2020-02,광주,2489
2020,2,2020-02,대구,11275
2020,2,2020-02,대전,2625
2020,2,2020-02,부산,3270
2020,2,2020-02,서울,16438
2020,2,2020-02,세종,933
2020,2,2020-02,울산,1464
2020,2,2020-02,인천,2791
2020,2,2020-02,전남,3346
2020,2,2020-02,전북,1920
2020,2,2020-02,제주,18684
2020,2,2020-02,충남,2928
2020,2,2020-02,충북,2457
2020,3,2020-03,강원,2640
2020,3,2020-03,경기,14100
2020,3,2020-03,경남,4295
2020,3,2020-03,경북,4441
2020,3,2020-03,광주,2660
2020,3,2020-03,대구,11641
2020,3,2020-03,대전,2865
2020,3,2020-03,부산,3624
2020,3,2020-03,서울,17172
2020,3,2020-03,세종,1017
2020,3,2020-03,울산,1650
2020,3,2020-03,인천,3270
2020,3,2020-03,전남,3893
2020,3,2020-03,전북,2270
2020,3,2020-03,제주,18793
2020,3,2020-03,충남,3281
2020,3,2020-03,충북,2617
2020,4,2020-04,강원,2753
2020,4,2020-04,경기,14546
2020,4,2020-04,경남,4432
2020,4,2020-04,경북,4682
2020,4,2020-04,광주,2710
2020,4,2020-04,대구,11878
2020,4,2020-04,대전,2962
2020,4,2020-04,부산,3883
2020,4,2020-04,서울,17622
2020,4,2020-04,세종,1024
2020,4,2020-04,울산,1738
2020,4,2020-04,인천,3345
2020,4,2020-04,전남,4067
2020,4,2020-04,전북,2467
2020,4,2020-04,제주,19092
2020,4,2020-04,충남,3560
2020,4,2020-04,충북,2939
2020,5,2020-05,강원,2839
2020,5,2020-05,경기,14876
2020,5,2020-05,경남,4568
2020,5,2020-05,경북,4818
2020,5,2020-05,광주,2745
2020,5,2020-05,대구,12160
2020,5,2020-05,대전,3001
2020,5,2020-05,부산,3936
2020,5,2020-05,서울,18098
2020,5,2020-05,세종,1030
2020,5,2020-05,울산,1774
2020,5,2020-05,인천,3402
2020,5,2020-05,전남,4125
2020,5,2020-05,전북,2561
2020,5,2020-05,제주,19388
2020,5,2020-05,충남,3701
2020,5,2020-05,충북,3077
2020,6,2020-06,강원,2952
2020,6,2020-06,경기,15946
2020,6,2020-06,경남,4805
2020,6,2020-06,경북,4980
2020,6,2020-06,광주,2844
2020,6,2020-06,대구,12356
2020,6,2020-06,대전,3126
2020,6,2020-06,부산,4100
2020,6,2020-06,서울,19411
2020,6,2020-06,세종,1044
2020,6,2020-06,울산,2110
2020,6,2020-06,인천,3741
2020,6,2020-06,전남,4323
2020,6,2020-06,전북,2745
2020,6,2020-06,제주,19705
2020,6,2020-06,충남,3920
2020,6,2020-06,충북,3199
2020,7,2020-07,강원,3025
2020,7,2020-07,경기,16508
2020,7,2020-07,경남,4886
2020,7,2020-07,경북,5192
2020,7,2020-07,광주,2962
2020,7,2020-07,대구,12454
2020,7,2020-07,대전,3204
2020,7,2020-07,부산,4216
2020,7,2020-07,서울,20003
2020,7,2020-07,세종,1057
2020,7,2020-07,울산,2119
2020,7,2020-07,인천,3940
2020,7,2020-07,전남,4444
2020,7,2020-07,전북,2848
2020,7,2020-07,제주,20105
2020,7,2020-07,충남,4087
2020,7,2020-07,충북,3268
2020,8,2020-08,강원,3091
2020,8,2020-08,경기,17197
2020,8,2020-08,경남,5003
2020,8,2020-08,경북,5400
2020,8,2020-08,광주,3046
2020,8,2020-08,대구,12468
2020,8,2020-08,대전,3338
2020,8,2020-08,부산,4320
2020,8,2020-08,서울,20997
2020,8,2020-08,세종,1076
2020,8,2020-08,울산,2142
2020,8,2020-08,인천,4204
2020,8,2020-08,전남,4576
2020,8,2020-08,전북,2906
2020,8,2020-08,제주,20699
2020,8,2020-08,충남,4252
2020,8,2020-08,충북,3319
2020,9,2020-09,강원,3340
2020,9,2020-09,경기,18512
2020,9,2020-09,경남,5617
2020,9,2020-09,경북,5816
2020,9,2020-09,광주,3151
2020,9,2020-09,대구,12552
2020,9,2020-09,대전,4083
2020,9,2020-09,부산,4420
2020,9,2020-09,서울,22118
2020,9,2020-09,세종,1100
2020,9,2020-09,울산,2204
2020,9,2020-09,인천,4639
2020,9,2020-09,전남,4759
2020,9,2020-09,전북,2977
2020,9,2020-09,제주,21107
2020,9,2020-09,충남,4547
2020,9,2020-09,충북,3467
2020,10,2020-10,강원,3567
2020,10,2020-10,경기,19332
2020,10,2020-10,경남,5924
2020,10,2020-10,경북,6314
2020,10,2020-10,광주,3158
2020,10,2020-10,대구,12550
2020,10,2020-10,대전,4197
2020,10,2020-10,부산,4696
2020,10,2020-10,서울,22676
2020,10,2020-10,세종,1106
2020,10,2020-10,울산,2221
2020,10,2020-10,인천,4729
2020,10,2020-10,전남,4896
2020,10,2020-10,전북,3130
2020,10,2020-10,제주,21222
2020,10,2020-10,충남,4878
2020,10,2020-10,충북,3662
2020,11,2020-11,강원,3810
2020,11,2020-11,경기,19903
2020,11,2020-11,경남,6137
2020,11,2020-11,경북,6753
2020,11,2020-11,광주,3162
2020,11,2020-11,대구,12570
2020,11,2020-11,대전,4415
2020,11,2020-11,부산,5210
2020,11,2020-11,서울,23052
2020,11,2020-11,세종,1127
2020,11,2020-11,울산,2249
2020,11,2020-11,인천,4999
2020,11,2020-11,전남,5055
2020,11,2020-11,전북,3269
2020,11,2020-11,제주,21261
2020,11,2020-11,충남,5157
2020,11,2020-11,충북,3794
2020,12,2020-12,강원,4078
2020,12,2020-12,경기,20477
2020,12,2020-12,경남,6308
2020,12,2020-12,경북,7051
2020,12,2020-12,광주,3210
2020,12,2020-12,대구,12630
2020,12,2020-12,대전,4469
2020,12,2020-12,부산,5355
2020,12,2020-12,서울,23393
2020,12,2020-12,세종,1148
2020,12,2020-12,울산,2274
2020,12,2020-12,인천,5366
2020,12,2020-12,전남,5223
2020,12,2020-12,전북,3323
2020,12,2020-12,제주,21285
2020,12,2020-12,충남,5489
2020,12,2020-12,충북,3883
2021,1,2021-01,강원,4076
2021,1,2021-01,경기,20670
2021,1,2021-01,경남,6369
2021,1,2021-01,경북,7066
2021,1,2021-01,광주,3210
2021,1,2021-01,대구,12557
2021,1,2021-01,대전,4463
2021,1,2021-01,부산,5409
2021,1,2021-01,서울,23441
2021,1,2021-01,세종,1157
2021,1,2021-01,울산,2269
2021,1,2021-01,인천,5428
2021,1,2021-01,전남,5251
2021,1,2021-01,전북,3360
2021,1,2021-01,제주,21206
2021,1,2021-01,충남,5562
2021,1,2021-01,충북,3897
2021,2,2021-02,강원,4086
2021,2,2021-02,경기,21100
2021,2,2021-02,경남,6552
2021,2,2021-02,경북,7149
2021,2,2021-02,광주,3200
2021,2,2021-02,대구,12846
2021,2,2021-02,대전,4462
2021,2,2021-02,부산,5512
2021,2,2021-02,서울,23381
2021,2,2021-02,세종,1186
2021,2,2021-02,울산,2284
2021,2,2021-02,인천,5517
2021,2,2021-02,전남,5415
2021,2,2021-02,전북,3363
2021,2,2021-02,제주,21297
2021,2,2021-02,충남,5575
2021,2,2021-02,충북,4338
2021,3,2021-03,강원,4280
2021,3,2021-03,경기,23887
2021,3,2021-03,경남,7220
2021,3,2021-03,경북,7588
2021,3,2021-03,광주,3504
2021,3,2021-03,대구,13041
2021,3,2021-03,대전,4885
2021,3,2021-03,부산,6600
2021,3,2021-03,서울,24918
2021,3,2021-03,세종,1295
2021,3,2021-03,울산,2527
2021,3,2021-03,인천,6106
2021,3,2021-03,전남,5773
2021,3,2021-03,전북,3596
2021,3,2021-03,제주,21832
2021,3,2021-03,충남,5946
2021,3,2021-03,충북,4688
2021,4,2021-04,강원,4460
2021,4,2021-04,경기,24841
2021,4,2021-04,경남,7474
2021,4,2021-04,경북,7773
2021,4,2021-04,광주,3593
2021,4,2021-04,대구,13142
2021,4,2021-04,대전,4995
2021,4,2021-04,부산,6821
2021,4,2021-04,서울,25581
2021,4,2021-04,세종,1317
2021,4,2021-04,울산,2599
2021,4,2021-04,인천,6312
2021,4,2021-04,전남,6001
2021,4,2021-04,전북,4054
2021,4,2021-04,제주,21978
2021,4,2021-04,충남,6269
2021,4,2021-04,충북,4781
2021,5,2021-05,강원,4750
2021,5,2021-05,경기,26944
2021,5,2021-05,경남,7867
2021,5,2021-05,경북,8118
2021,5,2021-05,광주,3813
2021,5,2021-05,대구,13472
2021,5,2021-05,대전,5222
2021,5,2021-05,부산,7515
2021,5,2021-05,서울,27013
2021,5,2021-05,세종,1353
2021,5,2021-05,울산,2734
2021,5,2021-05,인천,6708
2021,5,2021-05,전남,6222
2021,5,2021-05,전북,4432
2021,5,2021-05,제주,22148
2021,5,2021-05,충남,6588
2021,5,2021-05,충북,4952
2021,6,2021-06,강원,5200
2021,6,2021-06,경기,30030
2021,6,2021-06,경남,8685
2021,6,2021-06,경북,8676
2021,6,2021-06,광주,4081
2021,6,2021-06,대구,13974
2021,6,2021-06,대전,5836
2021,6,2021-06,부산,8503
2021,6,2021-06,서울,28752
2021,6,2021-06,세종,1404
2021,6,2021-06,울산,2897
2021,6,2021-06,인천,7790
2021,6,2021-06,전남,6643
2021,6,2021-06,전북,5104
2021,6,2021-06,제주,22838
2021,6,2021-06,충남,7254
2021,6,2021-06,충북,5480
2021,7,2021-07,강원,5485
2021,7,2021-07,경기,31820
2021,7,2021-07,경남,9244
2021,7,2021-07,경북,9171
2021,7,2021-07,광주,4242
2021,7,2021-07,대구,14226
2021,7,2021-07,대전,6143
2021,7,2021-07,부산,8824
2021,7,2021-07,서울,29325
2021,7,2021-07,세종,1437
2021,7,2021-07,울산,2943
2021,7,2021-07,인천,8446
2021,7,2021-07,전남,6956
2021,7,2021-07,전북,5466
2021,7,2021-07,제주,23262
2021,7,2021-07,충남,8042
2021,7,2021-07,충북,5934
2021,8,2021-08,강원,5929
2021,8,2021-08,경기,33832
2021,8,2021-08,경남,9730
2021,8,2021-08,경북,9683
2021,8,2021-08,광주,4478
2021,8,2021-08,대구,14632
2021,8,2021-08,대전,6652
2021,8,2021-08,부산,9525
2021,8,2021-08,서울,31220
2021,8,2021-08,세종,1509
2021,8,2021-08,울산,3038
2021,8,2021-08,인천,9370
2021,8,2021-08,전남,7211
2021,8,2021-08,전북,5826
2021,8,2021-08,제주,23590
2021,8,2021-08,충남,8426
2021,8,2021-08,충북,6414
2021,9,2021-09,강원,6266
2021,9,2021-09,경기,35385
2021,9,2021-09,경남,10274
2021,9,2021-09,경북,10013
2021,9,2021-09,광주,4722
2021,9,2021-09,대구,15122
2021,9,2021-09,대전,7134
2021,9,2021-09,부산,10480
2021,9,2021-09,서울,33434
2021,9,2021-09,세종,1627
2021,9,2021-09,울산,3167
2021,9,2021-09,인천,10543
2021,9,2021-09,전남,7574
2021,9,2021-09,전북,6286
2021,9,2021-09,제주,23845
2021,9,2021-09,충남,8847
2021,9,2021-09,충북,6801
2021,10,2021-10,강원,6786
2021,10,2021-10,경기,37084
2021,10,2021-10,경남,11199
2021,10,2021-10,경북,10373
2021,10,2021-10,광주,4806
2021,10,2021-10,대구,15753
2021,10,2021-10,대전,7700
2021,10,2021-10,부산,10939
2021,10,2021-10,서울,35067
2021,10,2021-10,세종,1680
2021,10,2021-10,울산,3184
2021,10,2021-10,인천,11295
2021,10,2021-10,전남,7826
2021,10,2021-10,전북,6733
2021,10,2021-10,제주,24410
2021,10,2021-10,충남,9480
2021,10,2021-10,충북,7362
2021,11,2021-11,강원,7231
2021,11,2021-11,경기,38563
2021,11,2021-11,경남,12122
2021,11,2021-11,경북,10870
2021,11,2021-11,광주,4978
2021,11,2021-11,대구,16083
2021,11,2021-11,대전,7737
2021,11,2021-11,부산,11766
2021,11,2021-11,서울,38840
2021,11,2021-11,세종,1717
2021,11,2021-11,울산,3149
2021,11,2021-11,인천,11775
2021,11,2021-11,전남,8042
2021,11,2021-11,전북,7147
2021,11,2021-11,제주,25381
2021,11,2021-11,충남,9836
2021,11,2021-11,충북,7731
2021,12,2021-12,강원,7946
2021,12,2021-12,경기,39958
2021,12,2021-12,경남,12606
2021,12,2021-12,경북,11240
2021,12,2021-12,광주,5194
2021,12,2021-12,대구,16185
2021,12,2021-12,대전,7701
2021,12,2021-12,부산,12375
2021,12,2021-12,서울,40564
2021,12,2021-12,세종,1859
2021,12,2021-12,울산,3166
2021,12,2021-12,인천,12820
2021,12,2021-12,전남,8708
2021,12,2021-12,전북,7365
2021,12,2021-12,제주,25571
2021,12,2021-12,충남,9991
2021,12,2021-12,충북,8194
2022,1,2022-01,강원,8042
2022,1,2022-01,경기,40239
2022,1,2022-01,경남,12725
2022,1,2022-01,경북,11269
2022,1,2022-01,광주,5204
2022,1,2022-01,대구,16169
2022,1,2022-01,대전,7675
2022,1,2022-01,부산,12501
2022,1,2022-01,서울,41140
2022,1,2022-01,세종,1879
2022,1,2022-01,울산,3180
2022,1,2022-01,인천,12942
2022,1,2022-01,전남,8837
2022,1,2022-01,전북,7389
2022,1,2022-01,제주,25580
2022,1,2022-01,충남,10015
2022,1,2022-01,충북,8184
2022,2,2022-02,강원,8179
2022,2,2022-02,경기,41266
2022,2,2022-02,경남,13536
2022,2,2022-02,경북,11540
2022,2,2022-02,광주,5652
2022,2,2022-02,대구,17091
2022,2,2022-02,대전,7902
2022,2,2022-02,부산,13805
2022,2,2022-02,서울,41693
2022,2,2022-02,세종,1902
2022,2,2022-02,울산,3405
2022,2,2022-02,인천,13179
2022,2,2022-02,전남,9203
2022,2,2022-02,전북,7456
2022,2,2022-02,제주,26184
2022,2,2022-02,충남,10525
2022,2,2022-02,충북,8664
2022,3,2022-03,강원,8652
2022,3,2022-03,경기,45891
2022,3,2022-03,경남,14371
2022,3,2022-03,경북,12318
2022,3,2022-03,광주,6015
2022,3,2022-03,대구,17584
2022,3,2022-03,대전,8595
2022,3,2022-03,부산,15330
2022,3,2022-03,서울,43206
2022,3,2022-03,세종,2069
2022,3,2022-03,울산,3789
2022,3,2022-03,인천,14134
2022,3,2022-03,전남,9978
2022,3,2022-03,전북,8404
2022,3,2022-03,제주,26702
2022,3,2022-03,충남,11532
2022,3,2022-03,충북,9683
2022,4,2022-04,강원,9117
2022,4,2022-04,경기,50111
2022,4,2022-04,경남,14957
2022,4,2022-04,경북,13018
2022,4,2022-04,광주,6233
2022,4,2022-04,대구,18076
2022,4,2022-04,대전,9550
2022,4,2022-04,부산,16059
2022,4,2022-04,서울,45133
2022,4,2022-04,세종,2180
2022,4,2022-04,울산,3948
2022,4,2022-04,인천,15191
2022,4,2022-04,전남,10658
2022,4,2022-04,전북,8931
2022,4,2022-04,제주,26931
2022,4,2022-04,충남,12142
2022,4,2022-04,충북,10421
2022,5,2022-05,강원,9666
2022,5,2022-05,경기,53239
2022,5,2022-05,경남,15821
2022,5,2022-05,경북,13839
2022,5,2022-05,광주,6462
2022,5,2022-05,대구,18808
2022,5,2022-05,대전,10213
2022,5,2022-05,부산,16630
2022,5,2022-05,서울,46723
2022,5,2022-05,세종,2307
2022,5,2022-05,울산,4134
2022,5,2022-05,인천,16859
2022,5,2022-05,전남,11102
2022,5,2022-05,전북,9310
2022,5,2022-05,제주,27224
2022,5,2022-05,충남,12712
2022,5,2022-05,충북,11209
2022,6,2022-06,강원,10159
2022,6,2022-06,경기,56232
2022,6,2022-06,경남,16486
2022,6,2022-06,경북,14478
2022,6,2022-06,광주,6766
2022,6,2022-06,대구,19705
2022,6,2022-06,대전,10468
2022,6,2022-06,부산,17206
2022,6,2022-06,서울,48362
2022,6,2022-06,세종,2394
2022,6,2022-06,울산,4181
2022,6,2022-06,인천,18329
2022,6,2022-06,전남,11549
2022,6,2022-06,전북,9723
2022,6,2022-06,제주,27622
2022,6,2022-06,충남,13298
2022,6,2022-06,충북,11675
2022,7,2022-07,강원,10857
2022,7,2022-07,경기,59744
2022,7,2022-07,경남,17215
2022,7,2022-07,경북,15663
2022,7,2022-07,광주,7152
2022,7,2022-07,대구,20613
2022,7,2022-07,대전,11267
2022,7,2022-07,부산,17776
2022,7,2022-07,서울,49590
2022,7,2022-07,세종,2480
2022,7,2022-07,울산,4156
2022,7,2022-07,인천,19567
2022,7,2022-07,전남,12580
2022,7,2022-07,전북,10246
2022,7,2022-07,제주,28241
2022,7,2022-07,충남,14051
2022,7,2022-07,충북,12603
2022,8,2022-08,강원,11538
2022,8,2022-08,경기,63314
2022,8,2022-08,경남,18245
2022,8,2022-08,경북,16429
2022,8,2022-08,광주,7397
2022,8,2022-08,대구,21239
2022,8,2022-08,대전,11920
2022,8,2022-08,부산,18507
2022,8,2022-08,서울,51240
2022,8,2022-08,세종,2555
2022,8,2022-08,울산,4184
2022,8,2022-08,인천,20858
2022,8,2022-08,전남,13050
2022,8,2022-08,전북,11353
2022,8,2022-08,제주,28790
2022,8,2022-08,충남,14438
2022,8,2022-08,충북,13210
2022,9,2022-09,강원,12171
2022,9,2022-09,경기,67941
2022,9,2022-09,경남,19453
2022,9,2022-09,경북,17057
2022,9,2022-09,광주,7887
2022,9,2022-09,대구,22329
2022,9,2022-09,대전,12525
2022,9,2022-09,부산,19858
2022,9,2022-09,서울,53798
2022,9,2022-09,세종,2677
2022,9,2022-09,울산,4651
2022,9,2022-09,인천,22375
2022,9,2022-09,전남,13802
2022,9,2022-09,전북,12162
2022,9,2022-09,제주,29556
2022,9,2022-09,충남,15449
2022,9,2022-09,충북,13704
2022,10,2022-10,강원,12845
2022,10,2022-10,경기,72328
2022,10,2022-10,경남,20983
2022,10,2022-10,경북,17859
2022,10,2022-10,광주,8451
2022,10,2022-10,대구,23407
2022,10,2022-10,대전,13385
2022,10,2022-10,부산,21054
2022,10,2022-10,서울,55335
2022,10,2022-10,세종,2825
2022,10,2022-10,울산,4943
2022,10,2022-10,인천,24222
2022,10,2022-10,전남,14437
2022,10,2022-10,전북,12448
2022,10,2022-10,제주,30696
2022,10,2022-10,충남,15987
2022,10,2022-10,충북,14365
2022,11,2022-11,강원,13618
2022,11,2022-11,경기,75811
2022,11,2022-11,경남,22081
2022,11,2022-11,경북,18864
2022,11,2022-11,광주,8733
2022,11,2022-11,대구,24131
2022,11,2022-11,대전,14163
2022,11,2022-11,부산,21916
2022,11,2022-11,서울,57351
2022,11,2022-11,세종,2962
2022,11,2022-11,울산,5030
2022,11,2022-11,인천,25835
2022,11,2022-11,전남,14981
2022,11,2022-11,전북,12622
2022,11,2022-11,제주,32227
2022,11,2022-11,충남,16467
2022,11,2022-11,충북,14933
2022,12,2022-12,강원,14012
2022,12,2022-12,경기,77648
2022,12,2022-12,경남,22740
2022,12,2022-12,경북,19154
2022,12,2022-12,광주,9096
2022,12,2022-12,대구,24161
2022,12,2022-12,대전,14476
2022,12,2022-12,부산,22063
2022,12,2022-12,서울,59327
2022,12,2022-12,세종,3034
2022,12,2022-12,울산,5061
2022,12,2022-12,인천,26242
2022,12,2022-12,전남,15387
2022,12,2022-12,전북,12727
2022,12,2022-12,제주,32976
2022,12,2022-12,충남,16611
2022,12,2022-12,충북,15140
2023,1,2023-01,강원,14065
2023,1,2023-01,경기,77673
2023,1,2023-01,경남,22749
2023,1,2023-01,경북,19150
2023,1,2023-01,광주,9118
2023,1,2023-01,대구,24100
2023,1,2023-01,대전,14450
2023,1,2023-01,부산,22114
2023,1,2023-01,서울,59624
2023,1,2023-01,세종,3081
2023,1,2023-01,울산,5071
2023,1,2023-01,인천,26342
2023,1,2023-01,전남,15449
2023,1,2023-01,전북,12740
2023,1,2023-01,제주,32904
2023,1,2023-01,충남,16617
2023,1,2023-01,충북,15156
2023,2,2023-02,강원,14427
2023,2,2023-02,경기,79880
2023,2,2023-02,경남,23739
2023,2,2023-02,경북,19808
2023,2,2023-02,광주,9542
2023,2,2023-02,대구,25019
2023,2,2023-02,대전,14600
2023,2,2023-02,부산,23481
2023,2,2023-02,서울,59584
2023,2,2023-02,세종,3153
2023,2,2023-02,울산,5682
2023,2,2023-02,인천,26479
2023,2,2023-02,전남,16505
2023,2,2023-02,전북,13022
2023,2,2023-02,제주,33573
2023,2,2023-02,충남,16990
2023,2,2023-02,충북,15727
2023,3,2023-03,강원,14823
2023,3,2023-03,경기,84533
2023,3,2023-03,경남,25495
2023,3,2023-03,경북,21278
2023,3,2023-03,광주,9761
2023,3,2023-03,대구,25535
2023,3,2023-03,대전,14972
2023,3,2023-03,부산,24676
2023,3,2023-03,서울,61123
2023,3,2023-03,세종,3343
2023,3,2023-03,울산,5864
2023,3,2023-03,인천,27840
2023,3,2023-03,전남,18041
2023,3,2023-03,전북,15070
2023,3,2023-03,제주,34432
2023,3,2023-03,충남,18832
2023,3,2023-03,충북,16765
2023,4,2023-04,강원,15218
2023,4,2023-04,경기,87779
2023,4,2023-04,경남,26661
2023,4,2023-04,경북,22349
2023,4,2023-04,광주,10028
2023,4,2023-04,대구,26092
2023,4,2023-04,대전,15301
2023,4,2023-04,부산,26191
2023,4,2023-04,서울,62385
2023,4,2023-04,세종,3444
2023,4,2023-04,울산,6050
2023,4,2023-04,인천,29464
2023,4,2023-04,전남,19169
2023,4,2023-04,전북,15852
2023,4,2023-04,제주,35020
2023,4,2023-04,충남,19487
2023,4,2023-04,충북,16996
2023,5,2023-05,강원,15728
2023,5,2023-05,경기,90624
2023,5,2023-05,경남,27593
2023,5,2023-05,경북,23023
2023,5,2023-05,광주,10303
2023,5,2023-05,대구,26691
2023,5,2023-05,대전,15564
2023,5,2023-05,부산,27147
2023,5,2023-05,서울,63807
2023,5,2023-05,세종,3562
2023,5,2023-05,울산,6207
2023,5,2023-05,인천,30905
2023,5,2023-05,전남,19966
2023,5,2023-05,전북,16256
2023,5,2023-05,제주,35619
2023,5,2023-05,충남,20225
2023,5,2023-05,충북,17511
2023,6,2023-06,강원,16143
2023,6,2023-06,경기,93995
2023,6,2023-06,경남,28799
2023,6,2023-06,경북,23520
2023,6,2023-06,광주,10609
2023,6,2023-06,대구,27263
2023,6,2023-06,대전,15904
2023,6,2023-06,부산,28466
2023,6,2023-06,서울,65614
2023,6,2023-06,세종,3674
2023,6,2023-06,울산,6492
2023,6,2023-06,인천,32065
2023,6,2023-06,전남,20874
2023,6,2023-06,전북,16668
2023,6,2023-06,제주,36262
2023,6,2023-06,충남,20677
2023,6,2023-06,충북,17903
2023,7,2023-07,강원,16459
2023,7,2023-07,경기,97738
2023,7,2023-07,경남,30888
2023,7,2023-07,경북,24347
2023,7,2023-07,광주,10853
2023,7,2023-07,대구,27911
2023,7,2023-07,대전,16138
2023,7,2023-07,부산,29037
2023,7,2023-07,서울,66528
2023,7,2023-07,세종,3778
2023,7,2023-07,울산,6813
2023,7,2023-07,인천,33248
2023,7,2023-07,전남,21368
2023,7,2023-07,전북,17302
2023,7,2023-07,제주,36903
2023,7,2023-07,충남,21437
2023,7,2023-07,충북,18100
2023,8,2023-08,강원,16723
2023,8,2023-08,경기,99925
2023,8,2023-08,경남,31767
2023,8,2023-08,경북,24645
2023,8,2023-08,광주,11054
2023,8,2023-08,대구,28336
2023,8,2023-08,대전,16263
2023,8,2023-08,부산,30148
2023,8,2023-08,서울,67351
2023,8,2023-08,세종,3882
2023,8,2023-08,울산,6960
2023,8,2023-08,인천,34094
2023,8,2023-08,전남,21708
2023,8,2023-08,전북,17623
2023,8,2023-08,제주,37342
2023,8,2023-08,충남,21656
2023,8,2023-08,충북,18739
2023,9,2023-09,강원,17014
2023,9,2023-09,경기,103704
2023,9,2023-09,경남,32763
2023,9,2023-09,경북,25051
2023,9,2023-09,광주,11318
2023,9,2023-09,대구,28988
2023,9,2023-09,대전,16559
2023,9,2023-09,부산,31096
2023,9,2023-09,서울,68892
2023,9,2023-09,세종,4073
2023,9,2023-09,울산,7120
2023,9,2023-09,인천,35554
2023,9,2023-09,전남,22317
2023,9,2023-09,전북,18187
2023,9,2023-09,제주,37689
2023,9,2023-09,충남,22065
2023,9,2023-09,충북,19095
2023,10,2023-10,강원,17363
2023,10,2023-10,경기,107342
2023,10,2023-10,경남,34005
2023,10,2023-10,경북,25664
2023,10,2023-10,광주,11757
2023,10,2023-10,대구,29586
2023,10,2023-10,대전,16841
2023,10,2023-10,부산,32418
2023,10,2023-10,서울,70194
2023,10,2023-10,세종,4186
2023,10,2023-10,울산,7331
2023,10,2023-10,인천,36901
2023,10,2023-10,전남,22992
2023,10,2023-10,전북,18658
2023,10,2023-10,제주,38098
2023,10,2023-10,충남,23156
2023,10,2023-10,충북,19416
2023,11,2023-11,강원,17927
2023,11,2023-11,경기,111466
2023,11,2023-11,경남,35124
2023,11,2023-11,경북,26234
2023,11,2023-11,광주,12235
2023,11,2023-11,대구,30272
2023,11,2023-11,대전,17418
2023,11,2023-11,부산,33770
2023,11,2023-11,서울,71591
2023,11,2023-11,세종,4235
2023,11,2023-11,울산,7688
2023,11,2023-11,인천,38551
2023,11,2023-11,전남,23746
2023,11,2023-11,전북,19390
2023,11,2023-11,제주,38894
2023,11,2023-11,충남,23558
2023,11,2023-11,충북,19713
2023,12,2023-12,강원,18236
2023,12,2023-12,경기,114117
2023,12,2023-12,경남,36225
2023,12,2023-12,경북,26776
2023,12,2023-12,광주,12538
2023,12,2023-12,대구,30396
2023,12,2023-12,대전,17889
2023,12,2023-12,부산,34643
2023,12,2023-12,서울,72937
2023,12,2023-12,세종,4393
2023,12,2023-12,울산,7838
2023,12,2023-12,인천,40397
2023,12,2023-12,전남,24200
2023,12,2023-12,전북,19795
2023,12,2023-12,제주,39418
2023,12,2023-12,충남,24130
2023,12,2023-12,충북,19972
2024,1,2024-01,강원,18247
2024,1,2024-01,경기,114735
2024,1,2024-01,경남,36410
2024,1,2024-01,경북,26934
2024,1,2024-01,광주,12529
2024,1,2024-01,대구,30396
2024,1,2024-01,대전,17981
2024,1,2024-01,부산,34789
2024,1,2024-01,서울,72877
2024,1,2024-01,세종,4430
2024,1,2024-01,울산,7875
2024,1,2024-01,인천,40845
2024,1,2024-01,전남,24276
2024,1,2024-01,전북,19827
2024,1,2024-01,제주,39439
2024,1,2024-01,충남,24194
2024,1,2024-01,충북,20003
2024,2,2024-02,강원,18240
2024,2,2024-02,경기,115414
2024,2,2024-02,경남,36534
2024,2,2024-02,경북,26985
2024,2,2024-02,광주,12571
2024,2,2024-02,대구,30414
2024,2,2024-02,대전,18003
2024,2,2024-02,부산,35022
2024,2,2024-02,서울,72981
2024,2,2024-02,세종,4475
2024,2,2024-02,울산,7888
2024,2,2024-02,인천,41189
2024,2,2024-02,전남,24336
2024,2,2024-02,전북,19804
2024,2,2024-02,제주,39535
2024,2,2024-02,충남,24055
2024,2,2024-02,충북,20009
2024,3,2024-03,강원,18546
2024,3,2024-03,경기,120975
2024,3,2024-03,경남,38990
2024,3,2024-03,경북,28272
2024,3,2024-03,광주,12832
2024,3,2024-03,대구,30926
2024,3,2024-03,대전,18304
2024,3,2024-03,부산,36135
2024,3,2024-03,서울,74438
2024,3,2024-03,세종,4558
2024,3,2024-03,울산,8123
2024,3,2024-03,인천,42447
2024,3,2024-03,전남,25661
2024,3,2024-03,전북,20640
2024,3,2024-03,제주,40551
2024,3,2024-03,충남,25646
2024,3,2024-03,충북,20906
2024,4,2024-04,강원,18742
2024,4,2024-04,경기,123610
2024,4,2024-04,경남,39822
2024,4,2024-04,경북,28771
2024,4,2024-04,광주,12997
2024,4,2024-04,대구,31242
2024,4,2024-04,대전,18549
2024,4,2024-04,부산,36963
2024,4,2024-04,서울,75282
2024,4,2024-04,세종,4620
2024,4,2024-04,울산,8255
2024,4,2024-04,인천,43698
2024,4,2024-04,전남,26478
2024,4,2024-04,전북,21011
2024,4,2024-04,제주,41056
2024,4,2024-04,충남,26366
2024,4,2024-04,충북,21259
2024,5,2024-05,강원,19003
2024,5,2024-05,경기,127098
2024,5,2024-05,경남,40854
2024,5,2024-05,경북,29260
2024,5,2024-05,광주,13216
2024,5,2024-05,대구,31586
2024,5,2024-05,대전,18763
2024,5,2024-05,부산,38422
2024,5,2024-05,서울,76551
2024,5,2024-05,세종,4700
2024,5,2024-05,울산,8423
2024,5,2024-05,인천,45136
2024,5,2024-05,전남,27061
2024,5,2024-05,전북,21444
2024,5,2024-05,제주,41519
2024,5,2024-05,충남,26851
2024,5,2024-05,충북,21710
2024,6,2024-06,강원,19268
2024,6,2024-06,경기,131038
2024,6,2024-06,경남,41818
2024,6,2024-06,경북,29838
2024,6,2024-06,광주,13485
2024,6,2024-06,대구,32159
2024,6,2024-06,대전,19618
2024,6,2024-06,부산,39519
2024,6,2024-06,서울,78215
2024,6,2024-06,세종,4747
2024,6,2024-06,울산,8671
2024,6,2024-06,인천,46697
2024,6,2024-06,전남,27622
2024,6,2024-06,전북,21918
2024,6,2024-06,제주,42436
2024,6,2024-06,충남,27330
2024,6,2024-06,충북,22231
2024,7,2024-07,강원,19611
2024,7,2024-07,경기,134741
2024,7,2024-07,경남,43013
2024,7,2024-07,경북,30810
2024,7,2024-07,광주,13820
2024,7,2024-07,대구,32631
2024,7,2024-07,대전,19933
2024,7,2024-07,부산,40368
2024,7,2024-07,서울,79548
2024,7,2024-07,세종,4905
2024,7,2024-07,울산,8883
2024,7,2024-07,인천,48073
2024,7,2024-07,전남,28386
2024,7,2024-07,전북,22494
2024,7,2024-07,제주,43117
2024,7,2024-07,충남,27979
2024,7,2024-07,충북,22759
2024,8,2024-08,강원,19851
2024,8,2024-08,경기,138713
2024,8,2024-08,경남,44001
2024,8,2024-08,경북,31424
2024,8,2024-08,광주,14115
2024,8,2024-08,대구,33130
2024,8,2024-08,대전,20266
2024,8,2024-08,부산,41175
2024,8,2024-08,서울,80474
2024,8,2024-08,세종,5030
2024,8,2024-08,울산,9042
2024,8,2024-08,인천,49758
2024,8,2024-08,전남,29076
2024,8,2024-08,전북,23104
2024,8,2024-08,제주,44490
2024,8,2024-08,충남,28837
2024,8,2024-08,충북,23361
2024,9,2024-09,강원,20142
2024,9,2024-09,경기,141404
2024,9,2024-09,경남,44764
2024,9,2024-09,경북,31941
2024,9,2024-09,광주,14309
2024,9,2024-09,대구,33447
2024,9,2024-09,대전,20435
2024,9,2024-09,부산,41929
2024,9,2024-09,서울,81088
2024,9,2024-09,세종,5102
2024,9,2024-09,울산,9213
2024,9,2024-09,인천,50994
2024,9,2024-09,전남,30012
2024,9,2024-09,전북,23572
2024,9,2024-09,제주,45748
2024,9,2024-09,충남,29502
2024,9,2024-09,충북,23844
2024,10,2024-10,강원,20458
2024,10,2024-10,경기,145219
2024,10,2024-10,경남,45740
2024,10,2024-10,경북,32462
2024,10,2024-10,광주,14643
2024,10,2024-10,대구,33766
2024,10,2024-10,대전,20587
2024,10,2024-10,부산,42611
2024,10,2024-10,서울,81599
2024,10,2024-10,세종,5247
2024,10,2024-10,울산,9393
2024,10,2024-10,인천,52472
2024,10,2024-10,전남,30580
2024,10,2024-10,전북,24071
2024,10,2024-10,제주,47306
2024,10,2024-10,충남,30280
2024,10,2024-10,충북,24707
2024,11,2024-11,강원,20730
2024,11,2024-11,경기,149479
2024,11,2024-11,경남,46295
2024,11,2024-11,경북,33410
2024,11,2024-11,광주,15093
2024,11,2024-11,대구,35012
2024,11,2024-11,대전,21098
2024,11,2024-11,부산,43531
2024,11,2024-11,서울,82824
2024,11,2024-11,세종,5343
2024,11,2024-11,울산,9684
2024,11,2024-11,인천,54387
2024,11,2024-11,전남,31123
2024,11,2024-11,전북,24701
2024,11,2024-11,제주,48523
2024,11,2024-11,충남,30504
2024,11,2024-11,충북,25255
2024,12,2024-12,강원,21004
2024,12,2024-12,경기,151850
2024,12,2024-12,경남,46628
2024,12,2024-12,경북,33905
2024,12,2024-12,광주,15240
2024,12,2024-12,대구,35212
2024,12,2024-12,대전,21314
2024,12,2024-12,부산,44259
2024,12,2024-12,서울,83868
2024,12,2024-12,세종,5424
2024,12,2024-12,울산,9817
2024,12,2024-12,인천,54398
2024,12,2024-12,전남,31417
2024,12,2024-12,전북,24872
2024,12,2024-12,제주,49007
2024,12,2024-12,충남,30654
2024,12,2024-12,충북,25375
2025,1,2025-01,강원,21077
2025,1,2025-01,경기,152165
2025,1,2025-01,경남,46873
2025,1,2025-01,경북,33990
2025,1,2025-01,광주,15271
2025,1,2025-01,대구,35093
2025,1,2025-01,대전,21364
2025,1,2025-01,부산,44591
2025,1,2025-01,서울,83562
2025,1,2025-01,세종,5523
2025,1,2025-01,울산,9851
2025,1,2025-01,인천,54820
2025,1,2025-01,전남,31566
2025,1,2025-01,전북,24954
2025,1,2025-01,제주,49442
2025,1,2025-01,충남,30662
2025,1,2025-01,충북,25237
2025,2,2025-02,강원,21287
2025,2,2025-02,경기,155103
2025,2,2025-02,경남,48510
2025,2,2025-02,경북,35237
2025,2,2025-02,광주,15489
2025,2,2025-02,대구,35477
2025,2,2025-02,대전,21506
2025,2,2025-02,부산,45284
2025,2,2025-02,서울,84172
2025,2,2025-02,세종,5674
2025,2,2025-02,울산,10015
2025,2,2025-02,인천,55919
2025,2,2025-02,전남,32322
2025,2,2025-02,전북,25533
2025,2,2025-02,제주,49690
2025,2,2025-02,충남,31657
2025,2,2025-02,충북,25932
2025,3,2025-03,강원,21619
2025,3,2025-03,경기,159685
2025,3,2025-03,경남,49900
2025,3,2025-03,경북,36312
2025,3,2025-03,광주,15784
2025,3,2025-03,대구,35817
2025,3,2025-03,대전,21866
2025,3,2025-03,부산,46341
2025,3,2025-03,서울,85220
2025,3,2025-03,세종,5752
2025,3,2025-03,울산,10231
2025,3,2025-03,인천,58024
2025,3,2025-03,전남,33384
2025,3,2025-03,전북,25988
2025,3,2025-03,제주,50650
2025,3,2025-03,충남,32973
2025,3,2025-03,충북,26764
2025,4,2025-04,강원,21975
2025,4,2025-04,경기,163834
2025,4,2025-04,경남,51479
2025,4,2025-04,경북,37130
2025,4,2025-04,광주,16123
2025,4,2025-04,대구,36222
2025,4,2025-04,대전,22257
2025,4,2025-04,부산,47203
2025,4,2025-04,서울,86217
2025,4,2025-04,세종,5819
2025,4,2025-04,울산,10448
2025,4,2025-04,인천,60549
2025,4,2025-04,전남,34315
2025,4,2025-04,전북,26493
2025,4,2025-04,제주,51715
2025,4,2025-04,충남,33651
2025,4,2025-04,충북,27600
2025,5,2025-05,강원,22455
2025,5,2025-05,경기,169781
2025,5,2025-05,경남,52856
2025,5,2025-05,경북,37957
2025,5,2025-05,광주,16641
2025,5,2025-05,대구,37027
2025,5,2025-05,대전,22843
2025,5,2025-05,부산,48623
2025,5,2025-05,서울,88212
2025,5,2025-05,세종,5934
2025,5,2025-05,울산,10786
2025,5,2025-05,인천,62986
2025,5,2025-05,전남,35169
2025,5,2025-05,전북,26902
2025,5,2025-05,제주,52529
2025,5,2025-05,충남,34545
2025,5,2025-05,충북,28860
2025,6,2025-06,강원,22708
2025,6,2025-06,경기,174251
2025,6,2025-06,경남,54281
2025,6,2025-06,경북,38843
2025,6,2025-06,광주,17192
2025,6,2025-06,대구,37562
2025,6,2025-06,대전,22761
2025,6,2025-06,부산,49175
2025,6,2025-06,서울,90191
2025,6,2025-06,세종,6034
2025,6,2025-06,울산,11111
2025,6,2025-06,인천,69312
2025,6,2025-06,전남,36248
2025,6,2025-06,전북,27179
2025,6,2025-06,제주,53588
2025,6,2025-06,충남,34992
2025,6,2025-06,충북,29450
2025,7,2025-07,강원,23342
2025,7,2025-07,경기,180626
2025,7,2025-07,경남,56846
2025,7,2025-07,경북,40507
2025,7,2025-07,광주,17702
2025,7,2025-07,대구,38611
2025,7,2025-07,대전,23401
2025,7,2025-07,부산,51076
2025,7,2025-07,서울,91576
2025,7,2025-07,세종,6318
2025,7,2025-07,울산,11511
2025,7,2025-07,인천,71384
2025,7,2025-07,전남,37481
2025,7,2025-07,전북,28186
2025,7,2025-07,제주,54776
2025,7,2025-07,충남,35738
2025,7,2025-07,충북,30283
2025,8,2025-08,강원,23801
2025,8,2025-08,경기,186177
2025,8,2025-08,경남,58326
2025,8,2025-08,경북,41635
2025,8,2025-08,광주,17978
2025,8,2025-08,대구,39820
2025,8,2025-08,대전,23843
2025,8,2025-08,부산,53250
2025,8,2025-08,서울,93830
2025,8,2025-08,세종,6595
2025,8,2025-08,울산,11852
2025,8,2025-08,인천,73641
2025,8,2025-08,전남,38665
2025,8,2025-08,전북,28649
2025,8,2025-08,제주,55938
2025,8,2025-08,충남,37406
2025,8,2025-08,충북,30675
2025,9,2025-09,강원,24465
2025,9,2025-09,경기,193233
2025,9,2025-09,경남,62159
2025,9,2025-09,경북,43105
2025,9,2025-09,광주,18467
2025,9,2025-09,대구,40622
2025,9,2025-09,대전,24446
2025,9,2025-09,부산,55503
2025,9,2025-09,서울,96191
2025,9,2025-09,세종,6845
2025,9,2025-09,울산,12330
2025,9,2025-09,인천,76651
2025,9,2025-09,전남,39605
2025,9,2025-09,전북,29309
2025,9,2025-09,제주,57411
2025,9,2025-09,충남,38310
2025,9,2025-09,충북,31467
2025,10,2025-10,강원,25004
2025,10,2025-10,경기,198894
2025,10,2025-10,경남,64116
2025,10,2025-10,경북,43778
2025,10,2025-10,광주,18720
2025,10,2025-10,대구,41363
2025,10,2025-10,대전,24927
2025,10,2025-10,부산,57167
2025,10,2025-10,서울,97770
2025,10,2025-10,세종,6997
2025,10,2025-10,울산,12665
2025,10,2025-10,인천,78171
2025,10,2025-10,전남,40397
2025,10,2025-10,전북,29979
2025,10,2025-10,제주,58884
2025,10,2025-10,충남,38835
2025,10,2025-10,충북,32072
2025,11,2025-11,강원,25457
2025,11,2025-11,경기,203885
2025,11,2025-11,경남,65202
2025,11,2025-11,경북,44724
2025,11,2025-11,광주,19019
2025,11,2025-11,대구,42013
2025,11,2025-11,대전,25221
2025,11,2025-11,부산,59771
2025,11,2025-11,서울,100561
2025,11,2025-11,세종,7184
2025,11,2025-11,울산,13239
2025,11,2025-11,인천,79155
2025,11,2025-11,전남,40951
2025,11,2025-11,전북,30245
2025,11,2025-11,제주,60717
2025,11,2025-11,충남,39511
2025,11,2025-11,충북,32602
2025,12,2025-12,강원,25679
2025,12,2025-12,경기,207075
2025,12,2025-12,경남,65934
2025,12,2025-12,경북,45090
2025,12,2025-12,광주,19115
2025,12,2025-12,대구,42592
2025,12,2025-12,대전,25432
2025,12,2025-12,부산,60687
2025,12,2025-12,서울,101331
2025,12,2025-12,세종,7330
2025,12,2025-12,울산,13340
2025,12,2025-12,인천,79860
2025,12,2025-12,전남,41322
2025,12,2025-12,전북,30511
2025,12,2025-12,제주,61063
2025,12,2025-12,충남,39839
2025,12,2025-12,충북,32901
2026,1,2026-01,강원,25785
2026,1,2026-01,경기,208446
2026,1,2026-01,경남,66487
2026,1,2026-01,경북,45225
2026,1,2026-01,광주,19217
2026,1,2026-01,대구,42725
2026,1,2026-01,대전,25537
2026,1,2026-01,부산,61422
2026,1,2026-01,서울,102103
2026,1,2026-01,세종,7413
2026,1,2026-01,울산,13427
2026,1,2026-01,인천,80433
2026,1,2026-01,전남,41368
2026,1,2026-01,전북,30610
2026,1,2026-01,제주,60868
2026,1,2026-01,충남,40030
2026,1,2026-01,충북,33316
2026,2,2026-02,강원,26677
2026,2,2026-02,경기,216783
2026,2,2026-02,경남,69761
2026,2,2026-02,경북,48144
2026,2,2026-02,광주,20260
2026,2,2026-02,대구,44133
2026,2,2026-02,대전,26605
2026,2,2026-02,부산,63481
2026,2,2026-02,서울,104811
2026,2,2026-02,세종,7927
2026,2,2026-02,울산,14021
2026,2,2026-02,인천,83092
2026,2,2026-02,전남,43203
2026,2,2026-02,전북,31240
2026,2,2026-02,제주,62282
2026,2,2026-02,충남,41634
2026,2,2026-02,충북,35702
2026,3,2026-03,강원,27998
2026,3,2026-03,경기,227933
2026,3,2026-03,경남,74025
2026,3,2026-03,경북,50683
2026,3,2026-03,광주,21196
2026,3,2026-03,대구,44972
2026,3,2026-03,대전,27134
2026,3,2026-03,부산,66268
2026,3,2026-03,서울,107565
2026,3,2026-03,세종,8300
2026,3,2026-03,울산,14730
2026,3,2026-03,인천,85029
2026,3,2026-03,전남,45162
2026,3,2026-03,전북,33648
2026,3,2026-03,제주,64864
2026,3,2026-03,충남,44920
2026,3,2026-03,충북,36894
2026,4,2026-04,강원,29747
2026,4,2026-04,경기,237306
2026,4,2026-04,경남,77286
2026,4,2026-04,경북,51935
2026,4,2026-04,광주,21786
2026,4,2026-04,대구,46659
2026,4,2026-04,대전,27551
2026,4,2026-04,부산,70357
2026,4,2026-04,서울,111817
2026,4,2026-04,세종,8501
2026,4,2026-04,울산,15857
2026,4,2026-04,인천,89645
2026,4,2026-04,전남,46707
2026,4,2026-04,전북,34227
2026,4,2026-04,제주,68564
2026,4,2026-04,충남,45512
2026,4,2026-04,충북,37816
2026,5,2026-05,강원,30858
2026,5,2026-05,경기,245325
2026,5,2026-05,경남,80158
2026,5,2026-05,경북,54139
2026,5,2026-05,광주,22136
2026,5,2026-05,대구,48558
2026,5,2026-05,대전,28074
2026,5,2026-05,부산,72618
2026,5,2026-05,서울,115366
2026,5,2026-05,세종,8728
2026,5,2026-05,울산,16227
2026,5,2026-05,인천,91935
2026,5,2026-05,전남,47871
2026,5,2026-05,전북,34526
2026,5,2026-05,제주,70967
2026,5,2026-05,충남,47028
2026,5,2026-05,충북,39109
2026,6,2026-06,강원,31471
2026,6,2026-06,경기,256849
2026,6,2026-06,경남,84222
2026,6,2026-06,경북,56080
2026,6,2026-06,광주,23058
2026,6,2026-06,대구,49756
2026,6,2026-06,대전,28497
2026,6,2026-06,부산,75567
2026,6,2026-06,서울,118967
2026,6,2026-06,세종,9260
2026,6,2026-06,울산,17150
2026,6,2026-06,인천,96221
2026,6,2026-06,전남,49902
2026,6,2026-06,전북,35598
2026,6,2026-06,제주,73249
2026,6,2026-06,충남,48294
2026,6,2026-06,충북,41077
