연도,시도,기간상태,전기차등록대수,사용기준월,설치누적,신규설치,설비상태,충전량_kWh,충전횟수,충전시간_h,활성충전기수,관측월수,월평균충전량,피크월,피크충전량,평균초과율,EV천대당설치급속,EV천대당활성급속,설치급속당충전량,활성기당충전량
2019,강원,complete,2445,12,435.0,174.0,observed,1269332.69,77219.0,18878.06,257.0,12.0,105777.72,8.0,162794.54,53.9,177.91,105.11,2918.01,4939.04
2019,경기,complete,11750,12,500.0,236.0,observed,2384889.18,144007.0,36806.78,243.0,12.0,198740.76,12.0,293410.96,47.64,42.55,20.68,4769.78,9814.36
2019,경남,complete,3626,12,394.0,210.0,observed,1397832.02,84179.0,21915.61,175.0,12.0,116486.0,8.0,161105.7,38.3,108.66,48.26,3547.8,7987.61
2019,경북,complete,4051,12,561.0,260.0,observed,2948049.8,175875.0,44969.58,289.0,12.0,245670.82,12.0,356049.56,44.93,138.48,71.34,5254.99,10200.86
2019,광주,complete,2464,12,83.0,47.0,observed,312279.34,18029.0,3971.16,42.0,12.0,26023.28,12.0,47802.88,83.69,33.69,17.05,3762.4,7435.22
2019,대구,complete,11313,12,140.0,62.0,observed,843014.18,50757.0,11963.83,78.0,12.0,70251.18,12.0,98566.21,40.31,12.38,6.89,6021.53,10807.87
2019,대전,complete,2555,12,94.0,54.0,observed,490034.49,26299.0,5729.4,66.0,12.0,40836.21,12.0,73077.69,78.95,36.79,25.83,5213.13,7424.76
2019,부산,complete,3216,12,84.0,33.0,observed,309271.34,18881.0,4504.06,41.0,12.0,25772.61,12.0,42229.85,63.86,26.12,12.75,3681.8,7543.2
2019,서울,complete,14952,12,215.0,81.0,observed,689729.37,42195.0,9641.08,80.0,12.0,57477.45,12.0,93950.22,63.46,14.38,5.35,3208.04,8621.62
2019,세종,complete,903,12,44.0,22.0,observed,173155.0,11130.0,2519.29,24.0,12.0,14429.58,4.0,19599.07,35.83,48.73,26.58,3935.34,7214.79
2019,울산,complete,1447,12,124.0,57.0,observed,451165.98,26106.0,6314.78,84.0,12.0,37597.16,12.0,67104.12,78.48,85.69,58.05,3638.44,5371.02
2019,인천,complete,2598,12,120.0,51.0,observed,488098.13,28656.0,6400.58,61.0,12.0,40674.84,12.0,71695.98,76.27,46.19,23.48,4067.48,8001.61
2019,전남,complete,3326,12,395.0,193.0,observed,987636.92,63295.0,15424.51,186.0,12.0,82303.08,8.0,120824.72,46.8,118.76,55.92,2500.35,5309.88
2019,전북,complete,1841,12,306.0,153.0,observed,1215622.83,68751.0,17273.34,136.0,12.0,101301.9,11.0,142026.4,40.2,166.21,73.87,3972.62,8938.4
2019,제주,complete,18178,12,184.0,57.0,observed,1431476.96,96272.0,23154.26,86.0,12.0,119289.75,8.0,181736.61,52.35,10.12,4.73,7779.77,16645.08
2019,충남,complete,2841,12,416.0,232.0,observed,1732044.86,99832.0,25115.31,168.0,12.0,144337.07,12.0,203556.87,41.03,146.43,59.13,4163.57,10309.79
2019,충북,complete,2412,12,293.0,129.0,observed,1654614.7,97023.0,24705.22,151.0,12.0,137884.56,12.0,193726.27,40.5,121.48,62.6,5647.15,10957.71
2020,강원,complete,4078,12,539.0,104.0,observed,1966524.91,123048.0,30387.16,373.0,12.0,163877.08,12.0,267930.32,63.49,132.17,91.47,3648.47,5272.18
2020,경기,complete,20477,12,721.0,221.0,observed,4240788.82,239381.0,64680.46,403.0,12.0,353399.07,12.0,533645.06,51.0,35.21,19.68,5881.82,10523.05
2020,경남,complete,6308,12,592.0,198.0,observed,2356012.67,136172.0,34191.81,361.0,12.0,196334.39,12.0,354419.85,80.52,93.85,57.23,3979.75,6526.35
2020,경북,complete,7051,12,794.0,233.0,observed,4640260.09,252075.0,64930.79,524.0,12.0,386688.34,12.0,597792.01,54.59,112.61,74.32,5844.16,8855.46
2020,광주,complete,3210,12,110.0,27.0,observed,657839.68,34428.0,8596.45,72.0,12.0,54819.97,12.0,82425.19,50.36,34.27,22.43,5980.36,9136.66
2020,대구,complete,12630,12,165.0,25.0,observed,1784663.45,93674.0,21172.01,130.0,12.0,148721.95,10.0,225822.84,51.84,13.06,10.29,10816.14,13728.18
2020,대전,complete,4469,12,111.0,17.0,observed,1115756.72,58347.0,14142.99,87.0,12.0,92979.73,12.0,155441.04,67.18,24.84,19.47,10051.86,12824.79
2020,부산,complete,5355,12,91.0,7.0,observed,609405.36,33015.0,8347.85,67.0,12.0,50783.78,12.0,91453.95,80.08,16.99,12.51,6696.76,9095.6
2020,서울,complete,23393,12,254.0,39.0,observed,1612201.35,93229.0,22311.15,146.0,12.0,134350.11,11.0,219147.79,63.12,10.86,6.24,6347.25,11042.48
2020,세종,complete,1148,12,47.0,3.0,observed,325635.9,18259.0,4520.84,44.0,12.0,27136.32,12.0,58176.91,114.39,40.94,38.33,6928.42,7400.82
2020,울산,complete,2274,12,153.0,29.0,observed,687424.64,37596.0,9165.26,115.0,12.0,57285.39,12.0,72214.78,26.06,67.28,50.57,4492.97,5977.61
2020,인천,complete,5366,12,153.0,33.0,observed,1099212.92,61731.0,16120.6,101.0,12.0,91601.08,11.0,139118.56,51.87,28.51,18.82,7184.4,10883.3
2020,전남,complete,5223,12,589.0,194.0,observed,1675214.93,98304.0,24052.55,349.0,12.0,139601.24,12.0,210353.58,50.68,112.77,66.82,2844.17,4800.04
2020,전북,complete,3323,12,491.0,185.0,observed,1986247.22,110058.0,28096.51,274.0,12.0,165520.6,11.0,215732.18,30.34,147.76,82.46,4045.31,7249.08
2020,제주,complete,21285,12,235.0,51.0,observed,1735691.51,109769.0,26017.19,135.0,12.0,144640.96,8.0,190402.12,31.64,11.04,6.34,7385.92,12856.97
2020,충남,complete,5489,12,487.0,71.0,observed,2815502.42,151732.0,38472.8,347.0,12.0,234625.2,10.0,339233.84,44.59,88.72,63.22,5781.32,8113.84
2020,충북,complete,3883,12,351.0,58.0,observed,2446751.14,134899.0,34462.87,249.0,12.0,203895.93,12.0,298545.89,46.42,90.39,64.13,6970.8,9826.31
2021,강원,complete,7946,12,608.0,69.0,observed,4523027.6,223621.0,53864.76,507.0,12.0,376918.97,12.0,637181.89,69.05,76.52,63.81,7439.19,8921.16
2021,경기,complete,39958,12,872.0,151.0,observed,9562724.73,493284.0,117917.95,654.0,12.0,796893.73,12.0,1412007.43,77.19,21.82,16.37,10966.43,14621.9
2021,경남,complete,12606,12,702.0,110.0,observed,5513455.03,284403.0,68177.69,576.0,12.0,459454.59,12.0,706502.5,53.77,55.69,45.69,7853.92,9571.97
2021,경북,complete,11240,12,928.0,134.0,observed,8380106.07,427000.0,103822.03,767.0,12.0,698342.17,12.0,985936.52,41.18,82.56,68.24,9030.29,10925.82
2021,광주,complete,5194,12,139.0,29.0,observed,1347266.1,64820.0,14519.84,108.0,12.0,112272.18,12.0,177325.32,57.94,26.76,20.79,9692.56,12474.69
2021,대구,complete,16185,12,186.0,21.0,observed,2427529.94,121836.0,28565.82,160.0,12.0,202294.16,12.0,292940.03,44.81,11.49,9.89,13051.24,15172.06
2021,대전,complete,7701,12,140.0,29.0,observed,2082619.52,104961.0,23123.52,107.0,12.0,173551.63,12.0,269491.4,55.28,18.18,13.89,14875.85,19463.73
2021,부산,complete,12375,12,104.0,13.0,observed,1446511.6,73666.0,16759.02,74.0,12.0,120542.63,12.0,213815.7,77.38,8.4,5.98,13908.77,19547.45
2021,서울,complete,40564,12,296.0,42.0,observed,3629825.69,188764.0,41311.23,194.0,12.0,302485.47,12.0,575795.28,90.35,7.3,4.78,12262.92,18710.44
2021,세종,complete,1859,12,60.0,13.0,observed,520233.4,26901.0,6375.37,47.0,12.0,43352.78,3.0,61209.03,41.19,32.28,25.28,8670.56,11068.8
2021,울산,complete,3166,12,170.0,17.0,observed,1225430.54,61487.0,14866.59,145.0,12.0,102119.21,12.0,158129.4,54.85,53.7,45.8,7208.41,8451.25
2021,인천,complete,12820,12,182.0,29.0,observed,2671257.56,131836.0,31453.73,137.0,12.0,222604.8,12.0,422592.74,89.84,14.2,10.69,14677.24,19498.23
2021,전남,complete,8708,12,721.0,132.0,observed,3316766.9,162633.0,39801.82,550.0,12.0,276397.24,12.0,392144.09,41.88,82.8,63.16,4600.23,6030.49
2021,전북,complete,7365,12,577.0,86.0,observed,4163814.29,201948.0,47216.59,473.0,12.0,346984.52,12.0,590032.92,70.05,78.34,64.22,7216.32,8802.99
2021,제주,complete,25571,12,320.0,85.0,observed,2567088.6,142885.0,35095.83,196.0,12.0,213924.05,12.0,267731.95,25.15,12.51,7.66,8022.15,13097.39
2021,충남,complete,9991,12,618.0,131.0,observed,5360953.78,272126.0,65070.28,483.0,12.0,446746.15,12.0,673917.03,50.85,61.86,48.34,8674.68,11099.28
2021,충북,complete,8194,12,447.0,96.0,observed,4827424.54,247919.0,58567.61,338.0,12.0,402285.38,12.0,652350.61,62.16,54.55,41.25,10799.61,14282.32
2022,강원,complete,14012,12,667.0,59.0,observed,10006083.59,438569.0,104341.05,597.0,12.0,833840.3,12.0,1127566.5,35.23,47.6,42.61,15001.62,16760.61
2022,경기,complete,77648,12,935.0,63.0,observed,22976702.48,1088867.0,260285.44,833.0,12.0,1914725.21,12.0,2795232.94,45.99,12.04,10.73,24574.01,27583.08
2022,경남,complete,22740,12,775.0,73.0,observed,12012295.94,538394.0,132239.05,719.0,12.0,1001024.66,12.0,1365514.3,36.41,34.08,31.62,15499.74,16706.95
2022,경북,complete,19154,12,987.0,59.0,observed,16922640.1,758363.0,192402.94,928.0,12.0,1410220.01,12.0,2083773.42,47.76,51.53,48.45,17145.53,18235.6
2022,광주,complete,9096,12,146.0,7.0,observed,2712473.46,120061.0,27206.92,139.0,12.0,226039.46,12.0,297324.39,31.54,16.05,15.28,18578.59,19514.2
2022,대구,complete,24161,12,198.0,12.0,observed,4298742.68,189829.0,46329.5,187.0,12.0,358228.56,12.0,504428.95,40.81,8.2,7.74,21710.82,22987.93
2022,대전,complete,14476,12,162.0,22.0,observed,3914802.55,180082.0,40633.16,150.0,12.0,326233.55,12.0,503893.54,54.46,11.19,10.36,24165.45,26098.68
2022,부산,complete,22063,12,126.0,22.0,observed,3333859.21,149256.0,35859.51,103.0,12.0,277821.6,12.0,401488.12,44.51,5.71,4.67,26459.2,32367.57
2022,서울,complete,59327,12,316.0,20.0,observed,8181254.19,384632.0,85897.65,256.0,12.0,681771.18,12.0,1048050.26,53.72,5.33,4.32,25890.04,31958.02
2022,세종,complete,3034,12,68.0,8.0,observed,729754.85,31658.0,7886.51,68.0,12.0,60812.9,12.0,76006.15,24.98,22.41,22.41,10731.69,10731.69
2022,울산,complete,5061,12,173.0,3.0,observed,3667813.25,159572.0,38696.49,166.0,12.0,305651.1,12.0,434429.3,42.13,34.18,32.8,21201.23,22095.26
2022,인천,complete,26242,12,208.0,26.0,observed,6794575.16,302645.0,72310.58,198.0,12.0,566214.6,12.0,861603.91,52.17,7.93,7.55,32666.23,34316.04
2022,전남,complete,15387,12,757.0,36.0,observed,7116139.81,305251.0,74723.1,701.0,12.0,593011.65,12.0,765701.47,29.12,49.2,45.56,9400.45,10151.41
2022,전북,complete,12727,12,638.0,61.0,observed,9722704.89,425715.0,101471.13,592.0,12.0,810225.41,10.0,1074946.9,32.67,50.13,46.52,15239.35,16423.49
2022,제주,complete,32976,12,338.0,18.0,observed,3907408.66,196587.0,49582.33,294.0,12.0,325617.39,12.0,465138.09,42.85,10.25,8.92,11560.38,13290.51
2022,충남,complete,16611,12,700.0,82.0,observed,11055904.19,501181.0,122300.71,632.0,12.0,921325.35,12.0,1299289.01,41.02,42.14,38.05,15794.15,17493.52
2022,충북,complete,15140,12,531.0,84.0,observed,10796436.3,501865.0,122362.78,482.0,12.0,899703.02,12.0,1321662.28,46.9,35.07,31.84,20332.27,22399.25
2023,강원,complete,18236,12,,,source_stale,10913899.27,469105.0,115996.85,657.0,12.0,909491.61,8.0,1068959.14,17.53,,36.03,,16611.72
2023,경기,complete,114117,12,,,source_stale,25704325.35,1196196.0,293900.83,967.0,12.0,2142027.11,12.0,2479165.0,15.74,,8.47,,26581.52
2023,경남,complete,36225,12,,,source_stale,14395369.11,625465.0,158511.45,795.0,12.0,1199614.09,12.0,1375694.98,14.68,,21.95,,18107.38
2023,경북,complete,26776,12,,,source_stale,21017289.09,899192.0,237422.56,999.0,12.0,1751440.76,1.0,1923207.73,9.81,,37.31,,21038.33
2023,광주,complete,12538,12,,,source_stale,2718924.84,113754.0,27663.32,144.0,12.0,226577.07,1.0,265665.13,17.25,,11.49,,18881.42
2023,대구,complete,30396,12,,,source_stale,4259881.36,178959.0,45865.64,198.0,12.0,354990.11,1.0,439053.91,23.68,,6.51,,21514.55
2023,대전,complete,17889,12,,,source_stale,4484703.91,197628.0,47755.17,158.0,12.0,373725.33,1.0,434172.08,16.17,,8.83,,28384.2
2023,부산,complete,34643,12,,,source_stale,3697805.7,160934.0,40332.79,116.0,12.0,308150.48,1.0,350575.62,13.77,,3.35,,31877.64
2023,서울,complete,72937,12,,,source_stale,8108831.69,373367.0,87879.84,265.0,12.0,675735.97,1.0,908735.39,34.48,,3.63,,30599.36
2023,세종,complete,4393,12,,,source_stale,729746.33,31850.0,8127.81,72.0,12.0,60812.19,12.0,71402.38,17.41,,16.39,,10135.37
2023,울산,complete,7838,12,,,source_stale,3571209.6,153689.0,39175.57,167.0,12.0,297600.8,1.0,387783.32,30.3,,21.31,,21384.49
2023,인천,complete,40397,12,,,source_stale,7112513.31,315457.0,77252.18,230.0,12.0,592709.44,1.0,753130.86,27.07,,5.69,,30923.97
2023,전남,complete,24200,12,,,source_stale,9253941.87,378937.0,95565.48,757.0,12.0,771161.82,8.0,871800.35,13.05,,31.28,,12224.49
2023,전북,complete,19795,12,,,source_stale,11374535.52,475732.0,119787.67,652.0,12.0,947877.96,12.0,1045125.3,10.26,,32.94,,17445.61
2023,제주,complete,39418,12,,,source_stale,6085539.81,289500.0,77967.27,311.0,12.0,507128.32,8.0,663943.21,30.92,,7.89,,19567.65
2023,충남,complete,24130,12,,,source_stale,13724746.72,593624.0,153263.45,723.0,12.0,1143728.89,12.0,1276211.96,11.58,,29.96,,18983.05
2023,충북,complete,19972,12,,,source_stale,13495047.15,587894.0,154474.08,547.0,12.0,1124587.26,12.0,1275279.9,13.4,,27.39,,24671.02
2024,강원,complete,21004,12,,,source_stale,9554863.71,404967.0,105302.24,699.0,12.0,796238.64,8.0,973541.44,22.27,,33.28,,13669.33
2024,경기,complete,151850,12,,,source_stale,23149063.24,1069077.0,274505.92,1072.0,12.0,1929088.6,12.0,2381304.73,23.44,,7.06,,21594.28
2024,경남,complete,46628,12,,,source_stale,13749218.24,595858.0,157452.18,860.0,12.0,1145768.19,12.0,1287286.9,12.35,,18.44,,15987.46
2024,경북,complete,33905,12,,,source_stale,17859166.51,763378.0,209421.7,1082.0,12.0,1488263.88,12.0,1658169.85,11.42,,31.91,,16505.7
2024,광주,complete,15240,12,,,source_stale,2436576.24,99701.0,25460.64,149.0,12.0,203048.02,12.0,236437.64,16.44,,9.78,,16352.86
2024,대구,complete,35212,12,,,source_stale,3716435.71,149878.0,40119.18,214.0,12.0,309702.98,1.0,369374.24,19.27,,6.08,,17366.52
2024,대전,complete,21314,12,,,source_stale,3545930.26,157978.0,39615.03,161.0,12.0,295494.19,1.0,409211.29,38.48,,7.55,,22024.41
2024,부산,complete,44259,12,,,source_stale,2951661.01,129605.0,34458.71,132.0,12.0,245971.75,1.0,296596.48,20.58,,2.98,,22361.07
2024,서울,complete,83868,12,,,source_stale,6709430.33,300278.0,74558.17,265.0,12.0,559119.19,1.0,742270.42,32.76,,3.16,,25318.61
2024,세종,complete,5424,12,,,source_stale,809497.98,35431.0,9156.96,74.0,12.0,67458.16,12.0,81389.68,20.65,,13.64,,10939.16
2024,울산,complete,9817,12,,,source_stale,2709762.73,118029.0,31750.03,176.0,12.0,225813.56,1.0,270321.32,19.71,,17.93,,15396.38
2024,인천,complete,54398,12,,,source_stale,6276709.28,274865.0,71593.65,262.0,12.0,523059.11,1.0,666918.87,27.5,,4.82,,23956.91
2024,전남,complete,31417,12,,,source_stale,9245316.74,369537.0,97618.94,846.0,12.0,770443.06,12.0,884722.09,14.83,,26.93,,10928.27
2024,전북,complete,24872,12,,,source_stale,10551048.47,431680.0,114544.56,728.0,12.0,879254.04,12.0,971875.19,10.53,,29.27,,14493.2
2024,제주,complete,49007,12,,,source_stale,7141921.62,328355.0,89614.97,316.0,12.0,595160.14,8.0,747112.06,25.53,,6.45,,22601.02
2024,충남,complete,30654,12,,,source_stale,14073435.09,596886.0,159875.36,854.0,12.0,1172786.26,12.0,1362172.37,16.15,,27.86,,16479.43
2024,충북,complete,25375,12,,,source_stale,12498398.25,540681.0,147512.9,580.0,12.0,1041533.19,12.0,1223150.87,17.44,,22.86,,21548.96
2025,강원,partial,25679,12,,,source_stale,6647945.48,274205.0,72850.18,696.0,8.0,830993.18,8.0,1067748.7,28.49,,27.1,,9551.65
2025,경기,partial,207075,12,,,source_stale,15975204.17,721425.0,190395.82,1072.0,8.0,1996900.52,1.0,2217469.31,11.05,,5.18,,14902.24
2025,경남,partial,65934,12,,,source_stale,9229908.16,394061.0,106301.45,859.0,8.0,1153738.52,7.0,1291545.6,11.94,,13.03,,10744.95
2025,경북,partial,45090,12,,,source_stale,12177400.47,514612.0,143143.88,1084.0,8.0,1522175.06,8.0,1787842.8,17.45,,24.04,,11233.76
2025,광주,partial,19115,12,,,source_stale,1612067.92,65209.0,16749.59,150.0,8.0,201508.49,7.0,231958.41,15.11,,7.85,,10747.12
2025,대구,partial,42592,12,,,source_stale,2447036.39,100179.0,27228.05,215.0,8.0,305879.55,8.0,355251.39,16.14,,5.05,,11381.56
2025,대전,partial,25432,12,,,source_stale,2451376.49,105633.0,27738.98,160.0,8.0,306422.06,1.0,349536.23,14.07,,6.29,,15321.1
2025,부산,partial,60687,12,,,source_stale,1778960.43,77693.0,20891.14,131.0,8.0,222370.05,8.0,259317.74,16.62,,2.16,,13579.85
2025,서울,partial,101331,12,,,source_stale,4324904.7,193679.0,48780.78,265.0,8.0,540613.09,1.0,638251.15,18.06,,2.62,,16320.4
2025,세종,partial,7330,12,,,source_stale,572319.07,24599.0,6671.39,74.0,8.0,71539.88,7.0,77914.66,8.91,,10.1,,7734.04
2025,울산,partial,13340,12,,,source_stale,1746550.24,75747.0,20681.18,176.0,8.0,218318.78,7.0,252406.2,15.61,,13.19,,9923.58
2025,인천,partial,79860,12,,,source_stale,4100855.7,176702.0,46747.55,262.0,8.0,512606.96,1.0,591730.59,15.44,,3.28,,15652.12
2025,전남,partial,41322,12,,,source_stale,6739168.27,265057.0,71457.53,844.0,8.0,842396.03,8.0,950792.95,12.87,,20.42,,7984.8
2025,전북,partial,30511,12,,,source_stale,6894701.08,277815.0,74722.78,727.0,8.0,861837.64,1.0,977298.81,13.4,,23.83,,9483.77
2025,제주,partial,61063,12,,,source_stale,5303217.42,239548.0,67230.96,315.0,8.0,662902.18,8.0,833027.37,25.66,,5.16,,16835.61
2025,충남,partial,39839,12,,,source_stale,9684874.38,409279.0,110778.23,853.0,8.0,1210609.3,8.0,1344238.2,11.04,,21.41,,11353.9
2025,충북,partial,32901,12,,,source_stale,8166739.13,348663.0,97071.78,580.0,8.0,1020842.39,1.0,1149656.17,12.62,,17.63,,14080.58
2026,강원,partial,31471,6,,,source_stale,,,,,,,,,,,,,
2026,경기,partial,256849,6,,,source_stale,,,,,,,,,,,,,
2026,경남,partial,84222,6,,,source_stale,,,,,,,,,,,,,
2026,경북,partial,56080,6,,,source_stale,,,,,,,,,,,,,
2026,광주,partial,23058,6,,,source_stale,,,,,,,,,,,,,
2026,대구,partial,49756,6,,,source_stale,,,,,,,,,,,,,
2026,대전,partial,28497,6,,,source_stale,,,,,,,,,,,,,
2026,부산,partial,75567,6,,,source_stale,,,,,,,,,,,,,
2026,서울,partial,118967,6,,,source_stale,,,,,,,,,,,,,
2026,세종,partial,9260,6,,,source_stale,,,,,,,,,,,,,
2026,울산,partial,17150,6,,,source_stale,,,,,,,,,,,,,
2026,인천,partial,96221,6,,,source_stale,,,,,,,,,,,,,
2026,전남,partial,49902,6,,,source_stale,,,,,,,,,,,,,
2026,전북,partial,35598,6,,,source_stale,,,,,,,,,,,,,
2026,제주,partial,73249,6,,,source_stale,,,,,,,,,,,,,
2026,충남,partial,48294,6,,,source_stale,,,,,,,,,,,,,
2026,충북,partial,41077,6,,,source_stale,,,,,,,,,,,,,
